ACCT200,ECON112,,,,,,,,,,,,,,,AND,ACCT,3
ACCT210,ACCT200,,,,,,,,,,,,,,,AND,ACCT,3
ACCT301,ACCT200,,,,,,,,,,,,,,,AND,ACCT,3
ACCT302,ACCT301,,,,,,,,,,,,,,,AND,ACCT,3
ACCT303,ACCT302,,,,,,,,,,,,,,,AND,ACCT,3
ACCT311,ACCT200,MS251,,,,,,,,,,,,,,AND,ACCT,3
ACCT312,ACCT210,ACCT311,,,,,,,,,,,,,,OR,ACCT,3
ACCT315,ACCT200,,,,,,,,,,,,,,,AND,ACCT,3
ACCT321,ACCT200,,,,,,,,,,,,,,,AND,ACCT,3
ACCT340,ACCT200,,,,,,,,,,,,,,,AND,ACCT,3
ACCT396,ACCT301,,,,,,,,,,,,,,,AND,ACCT,3
ACCT401,ACCT302,,,,,,,,,,,,,,,AND,ACCT,3
ACCT421,ACCT321,,,,,,,,,,,,,,,AND,ACCT,3
ACCT431,ACCT302,ACCT315,,,,,,,,,,,,,,AND,ACCT,3
ACCT441,ACCT315,,,,,,,,,,,,,,,AND,ACCT,3
ACCT490,,,,,,,,,,,,,,,,AND,ACCT,3
ACS101,,,,,,,,,,,,,,,,AND,ACS,1
ACS103,,,,,,,,,,,,,,,,AND,ACS,1
ACS200,ACS101,,,,,,,,,,,,,,,OR,ACS,1
ACS201,,,,,,,,,,,,,,,,AND,ACS,1
ACS203,,,,,,,,,,,,,,,,AND,ACS,1
ACS204,,,,,,,,,,,,,,,,AND,ACS,1
ACS210,,,,,,,,,,,,,,,,AND,ACS,1
ACS213,,,,,,,,,,,,,,,,AND,ACS,1
ACS261,ACS101,ACS204,,,,,,,,,,,,,,OR,ACS,1
ACS270,,,,,,,,,,,,,,,,AND,ACS,1
ACS300,,,,,,,,,,,,,,,,AND,ACS,1
ACS303,ACS203,,,,,,,,,,,,,,,OR,ACS,1
ACS304,,,,,,,,,,,,,,,,AND,ACS,1
ACS305,,,,,,,,,,,,,,,,AND,ACS,1
ACS309,,,,,,,,,,,,,,,,AND,ACS,1
ACS311,,,,,,,,,,,,,,,,AND,ACS,1
ACS312,ACS213,,,,,,,,,,,,,,,AND,ACS,1
ACS313,ACS213,,,,,,,,,,,,,,,OR,ACS,1
ACS315,ACS213,,,,,,,,,,,,,,,OR,ACS,1
ACS323,ACS103,,,,,,,,,,,,,,,OR,ACS,1
ACS329,,,,,,,,,,,,,,,,AND,ACS,1
ACS330,,,,,,,,,,,,,,,,AND,ACS,1
ACS331,,,,,,,,,,,,,,,,AND,ACS,1
ACS370,,,,,,,,,,,,,,,,AND,ACS,1
ACS403,ACS203,,,,,,,,,,,,,,,OR,ACS,1
ACS409,ACS329,,,,,,,,,,,,,,,AND,ACS,1
ACS410,,,,,,,,,,,,,,,,AND,ACS,1
ACS411,,,,,,,,,,,,,,,,AND,ACS,1
ACS413,ACS213,ACS203,,,,,,,,,,,,,,AND,ACS,1
ACS414,,,,,,,,,,,,,,,,OR,ACS,1
ACS415,ACS414,,,,,,,,,,,,,,,OR,ACS,1
ACS416,,,,,,,,,,,,,,,,AND,ACS,1
ACS419,,,,,,,,,,,,,,,,AND,ACS,1
ACS421,ACS103,,,,,,,,,,,,,,,AND,ACS,1
ACS422,ACS103,,,,,,,,,,,,,,,AND,ACS,1
ACS423,,,,,,,,,,,,,,,,AND,ACS,1
ACS424,,,,,,,,,,,,,,,,AND,ACS,1
ACS425,,,,,,,,,,,,,,,,AND,ACS,1
ACS426,,,,,,,,,,,,,,,,AND,ACS,1
ACS430,,,,,,,,,,,,,,,,AND,ACS,1
ACS431,,,,,,,,,,,,,,,,AND,ACS,1
ACS432,,,,,,,,,,,,,,,,AND,ACS,1
ACS433,,,,,,,,,,,,,,,,AND,ACS,1
ACS434,,,,,,,,,,,,,,,,AND,ACS,1
ACS461,,,,,,,,,,,,,,,,AND,ACS,1
ACS491,,,,,,,,,,,,,,,,AND,ACS,1
AD070,,,,,,,,,,,,,,,,AND,AD,0
AD080,,,,,,,,,,,,,,,,AND,AD,0
AD082,AD080,,,,,,,,,,,,,,,AND,AD,0
AD085,,,,,,,,,,,,,,,,AND,AD,0
AD090,,,,,,,,,,,,,,,,AND,AD,0
AD092,AD090,,,,,,,,,,,,,,,AND,AD,0
AD095,AD065,AD070,,,,,,,,,,,,,,AND,AD,0
AD115,,,,,,,,,,,,,,,,AND,AD,0
AD116,AD082,,,,,,,,,,,,,,,AND,AD,0
AD117,,,,,,,,,,,,,,,,AND,AD,0
AD120,,,,,,,,,,,,,,,,AND,AD,0
ANTH111A,,,,,,,,,,,,,,,,AND,ANTH,6
ANTH111B,,,,,,,,,,,,,,,,AND,ANTH,6
ANTH170A,,,,,,,,,,,,,,,,AND,ANTH,6
ANTH170B,,,,,,,,,,,,,,,,AND,ANTH,6
ANTH202,,,,,,,,,,,,,,,,AND,ANTH,6
ANTH204,,,,,,,,,,,,,,,,AND,ANTH,6
ANTH205,,,,,,,,,,,,,,,,AND,ANTH,6
ANTH206,,,,,,,,,,,,,,,,AND,ANTH,6
ANTH270A,,,,,,,,,,,,,,,,AND,ANTH,6
ANTH207B,,,,,,,,,,,,,,,,AND,ANTH,6
ANTH300,ANTH111B,,,,,,,,,,,,,,,AND,ANTH,6
ANTH301,ANTH111B,,,,,,,,,,,,,,,AND,ANTH,6
ANTH303,,,,,,,,,,,,,,,,AND,ANTH,6
ANTH305,,,,,,,,,,,,,,,,AND,ANTH,6
ANTH308,,,,,,,,,,,,,,,,AND,ANTH,6
ANTH312,,,,,,,,,,,,,,,,AND,ANTH,6
ANTH314,,,,,,,,,,,,,,,,AND,ANTH,6
ANTH316,,,,,,,,,,,,,,,,AND,ANTH,6
ANTH325,ANTH111A,,,,,,,,,,,,,,,AND,ANTH,6
ANTH332,,,,,,,,,,,,,,,,AND,ANTH,6
ANTH333,,,,,,,,,,,,,,,,AND,ANTH,6
ANTH334,,,,,,,,,,,,,,,,AND,ANTH,6
ANTH335,,,,,,,,,,,,,,,,AND,ANTH,6
ANTH336,,,,,,,,,,,,,,,,AND,ANTH,6
ANTH340,,,,,,,,,,,,,,,,AND,ANTH,6
ANTH350,,,,,,,,,,,,,,,,AND,ANTH,6
ANTH352,,,,,,,,,,,,,,,,AND,ANTH,6
ANTH359,,,,,,,,,,,,,,,,AND,ANTH,6
ANTH360A,ANTH111A,,,,,,,,,,,,,,,AND,ANTH,6
ANTH360B,ANTH111A,ANTH360A,,,,,,,,,,,,,,AND,ANTH,6
ANTH365,ANTH111A,,,,,,,,,,,,,,,AND,ANTH,6
ANTH366,,,,,,,,,,,,,,,,AND,ANTH,6
ANTH367,,,,,,,,,,,,,,,,AND,ANTH,6
ANTH368,ANTH111A,,,,,,,,,,,,,,,AND,ANTH,6
ANTH369,,,,,,,,,,,,,,,,AND,ANTH,6
ANTH370A,,,,,,,,,,,,,,,,AND,ANTH,6
ANTH370B,,,,,,,,,,,,,,,,AND,ANTH,6
ANTH404,,,,,,,,,,,,,,,,AND,ANTH,6
ANTH405,,,,,,,,,,,,,,,,AND,ANTH,6
ANTH408,ANTH111B,,,,,,,,,,,,,,,AND,ANTH,6
ANTH420,ANTH111A,ANTH111B,,,,,,,,,,,,,,OR,ANTH,6
ANTH430,ANTH111A,ANTH360B,,,,,,,,,,,,,,AND,ANTH,6
ANTH432,,,,,,,,,,,,,,,,AND,ANTH,6
ANTH435,,,,,,,,,,,,,,,,AND,ANTH,6
ANTH436,,,,,,,,,,,,,,,,AND,ANTH,6
ANTH467,ANTH360B,,,,,,,,,,,,,,,AND,ANTH,6
ANTH468,ANTH360B,,,,,,,,,,,,,,,AND,ANTH,6
ANTH469,ANTH369,,,,,,,,,,,,,,,AND,ANTH,6
ANTH470A,ANTH111A,,,,,,,,,,,,,,,AND,ANTH,6
ANTH470B,ANTH111B,,,,,,,,,,,,,,,AND,ANTH,6
ANTH473,ANTH111B,,,,,,,,,,,,,,,AND,ANTH,6
ANTH474,ANTH111A,,,,,,,,,,,,,,,AND,ANTH,6
ANTH475,ANTH111A,,,,,,,,,,,,,,,AND,ANTH,6
ANTH476,ANTH475,,,,,,,,,,,,,,,AND,ANTH,6
ANTH483,,,,,,,,,,,,,,,,AND,ANTH,6
ANTH487,,,,,,,,,,,,,,,,AND,ANTH,6
ANTH488,,,,,,,,,,,,,,,,AND,ANTH,6
ANTH489,,,,,,,,,,,,,,,,AND,ANTH,6
ANTH490A,,,,,,,,,,,,,,,,AND,ANTH,6
ANTH490B,,,,,,,,,,,,,,,,AND,ANTH,6
ARA101,,,,,,,,,,,,,,,,AND,ARA,1
ARA102,,,,,,,,,,,,,,,,AND,ARA,1
ARA201,ARA102,,,,,,,,,,,,,,,AND,ARA,1
ARA202,ARA201,,,,,,,,,,,,,,,AND,ARA,1
ART111,,,,,,,,,,,,,,,,AND,ART,1
ART112A,,,,,,,,,,,,,,,,AND,ART,1
ART112B,,,,,,,,,,,,,,,,AND,ART,1
ART112D,ART112B,,,,,,,,,,,,,,,AND,ART,1
ART112E,ART112B,,,,,,,,,,,,,,,AND,ART,1
ART202A,ART112D,,,,,,,,,,,,,,,AND,ART,1
ART202B,ART112A,ART112B,,,,,,,,,,,,,,AND,ART,1
ART202C,,,,,,,,,,,,,,,,AND,ART,1
ART202D,ART112C,ART112D,,,,,,,,,,,,,,AND,ART,1
ART202E,ART112D,,,,,,,,,,,,,,,AND,ART,1
ART202F,,,,,,,,,,,,,,,,AND,ART,1
ART202G,ART112D,,,,,,,,,,,,,,,AND,ART,1
ART202H,,,,,,,,,,,,,,,,AND,ART,1
ART202I,,,,,,,,,,,,,,,,AND,ART,1
ART225A,,,,,,,,,,,,,,,,AND,ART,1
ART225B,,,,,,,,,,,,,,,,AND,ART,1
ART289,,,,,,,,,,,,,,,,AND,ART,1
ART300A,,,,,,,,,,,,,,,,AND,ART,1
ART300B,ART289,ART364,,,,,,,,,,,,,,AND,ART,1
ART302A,ART112D,ART202H,,,,,,,,,,,,,,AND,ART,1
ART302B,ART112B,ART112D,ART202H,,,,,,,,,,,,,AND,ART,1
ART305,ART202C,ART112D,,,,,,,,,,,,,,AND,ART,1
ART310A,ART202D,,,,,,,,,,,,,,,AND,ART,1
ART310B,ART202D,ART202E,,,,,,,,,,,,,,AND,ART,1
ART310C,ART202D,,,,,,,,,,,,,,,AND,ART,1
ART311,ART202I,,,,,,,,,,,,,,,AND,ART,1
ART312,ART202I,,,,,,,,,,,,,,,AND,ART,1
ART325,,,,,,,,,,,,,,,,AND,ART,1
ART331A,ART202E,,,,,,,,,,,,,,,AND,ART,1
ART331B,ART202E,,,,,,,,,,,,,,,AND,ART,1
ART358,ART202B,,,,,,,,,,,,,,,AND,ART,1
ART359,ART202B,,,,,,,,,,,,,,,AND,ART,1
ART360,ART202B,,,,,,,,,,,,,,,AND,ART,1
ART364,ART289,,,,,,,,,,,,,,,AND,ART,1
ART365,ART289,ART364,,,,,,,,,,,,,,AND,ART,1
ART384A,ART202F,,,,,,,,,,,,,,,AND,ART,1
ART384B,ART202F,,,,,,,,,,,,,,,AND,ART,1
ART384C,ART202F,,,,,,,,,,,,,,,AND,ART,1
ART386A,ART202G,,,,,,,,,,,,,,,AND,ART,1
ART386B,ART202G,,,,,,,,,,,,,,,AND,ART,1
ART386C,ART202G,,,,,,,,,,,,,,,AND,ART,1
ART393A,ART202A,,,,,,,,,,,,,,,AND,ART,1
ART393B,ART202A,,,,,,,,,,,,,,,AND,ART,1
ART393C,ART202A,,,,,,,,,,,,,,,AND,ART,1
ART401,ART310A,ART310B,,,,,,,,,,,,,,AND,ART,1
ART402,ART393A,ART393B,ART393C,,,,,,,,,,,,,AND,ART,1
ART405,,,,,,,,,,,,,,,,AND,ART,1
ART408A,ART300A,,,,,,,,,,,,,,,AND,ART,1
ART408B,ART300A,,,,,,,,,,,,,,,AND,ART,1
ART408C,ART300A,,,,,,,,,,,,,,,AND,ART,1
ART410,ART358,ART359,ART360,,,,,,,,,,,,,AND,ART,1
ART412,ART311,ART312,,,,,,,,,,,,,,AND,ART,1
ART413,ART302A,ART312,,,,,,,,,,,,,,OR,ART,1
ART414,ART225A,ART225B,ART311,ART312,,,,,,,,,,,,AND,ART,1
ART415,ART311,ART312,,,,,,,,,,,,,,AND,ART,1
ART416,,,,,,,,,,,,,,,,AND,ART,1
ART420,ART305,,,,,,,,,,,,,,,AND,ART,1
ART422,ART302A,ART302B,,,,,,,,,,,,,,AND,ART,1
ART423,ART302A,ART302B,,,,,,,,,,,,,,OR,ART,1
ART424,ART225B,,,,,,,,,,,,,,,AND,ART,1
ART426,ART415,,,,,,,,,,,,,,,AND,ART,1
ART430,ART325,,,,,,,,,,,,,,,AND,ART,1
ART440,ART311,ART312,,,,,,,,,,,,,,AND,ART,1
ART441,ART331,,,,,,,,,,,,,,,AND,ART,1
ART447A,ART225A,,,,,,,,,,,,,,,AND,ART,1
ART447B,ART225A,,,,,,,,,,,,,,,AND,ART,1
ART448,ART225A,,,,,,,,,,,,,,,AND,ART,1
ART449,ART225B,,,,,,,,,,,,,,,AND,ART,1
ART450,,,,,,,,,,,,,,,,AND,ART,1
ART451,ART225A,ART225B,,,,,,,,,,,,,,OR,ART,1
ART452,,,,,,,,,,,,,,,,AND,ART,1
ART453,,,,,,,,,,,,,,,,AND,ART,1
ART454,ART453,,,,,,,,,,,,,,,AND,ART,1
ART455,ART453,,,,,,,,,,,,,,,AND,ART,1
ART467,ART225A,ART225B,,,,,,,,,,,,,,OR,ART,1
ART468A,ART225A,ART225B,,,,,,,,,,,,,,AND,ART,1
ART468B,ART225A,ART225B,,,,,,,,,,,,,,AND,ART,1
ART469A,ART225A,ART225B,,,,,,,,,,,,,,AND,ART,1
ART469B,ART225A,ART225B,,,,,,,,,,,,,,AND,ART,1
ART470,ART225A,ART225B,,,,,,,,,,,,,,AND,ART,1
ART471,ART225B,,,,,,,,,,,,,,,AND,ART,1
ART472,ART225B,,,,,,,,,,,,,,,AND,ART,1
ART473,ART225B,,,,,,,,,,,,,,,AND,ART,1
ART474,ART225A,ART225B,,,,,,,,,,,,,,AND,ART,1
ART475,ART225B,,,,,,,,,,,,,,,AND,ART,1
ART476,ART225B,,,,,,,,,,,,,,,AND,ART,1
ART480,ART225B,,,,,,,,,,,,,,,AND,ART,1
ART481,ART225B,,,,,,,,,,,,,,,AND,ART,1
ART482,ART225B,,,,,,,,,,,,,,,AND,ART,1
ART483,ART225A,ART225B,,,,,,,,,,,,,,AND,ART,1
ART484,ART384,,,,,,,,,,,,,,,AND,ART,1
ART485,ART225A,ART225B,,,,,,,,,,,,,,AND,ART,1
ART486,ART386,,,,,,,,,,,,,,,AND,ART,1
ART487,,,,,,,,,,,,,,,,AND,ART,1
ART490,,,,,,,,,,,,,,,,AND,ART,1
ART498,,,,,,,,,,,,,,,,AND,ART,1
ART499,,,,,,,,,,,,,,,,AND,ART,1
AS101,,,,,,,,,,,,,,,,AND,AS,5
AS102,,,,,,,,,,,,,,,,AND,AS,5
AS201,,,,,,,,,,,,,,,,AND,AS,5
AS202,,,,,,,,,,,,,,,,AND,AS,5
AS301,,,,,,,,,,,,,,,,AND,AS,5
AS302,,,,,,,,,,,,,,,,AND,AS,5
AS401,,,,,,,,,,,,,,,,AND,AS,5
AS402,,,,,,,,,,,,,,,,AND,AS,5
BIOL111,,,,,,,,,,,,,,,,AND,BIOL,5
BIOL140,,,,,,,,,,,,,,,,AND,BIOL,5
BIOL145,,,,,,,,,,,,,,,,AND,BIOL,5
BIOL150,CHEM121A/125A,,,,,,,,,,,,,,,AND,BIOL,5
BIOL151,BIOL150,CHEM121A/125A,,,,,,,,,,,,,,AND,BIOL,5
BIOL190,,,,,,,,,,,,,,,,AND,BIOL,5
BIOL205,BIOL111,BIOL140,BIOL150,,,,,,,,,,,,,OR,BIOL,5
BIOL220,BIOL151,CHEM121B/125B,CHEM241A,,,,,,,,,,,,,AND,BIOL,5
BIOL240A,BIOL140,BIOL150,CHEM120A/124A,CHEM120N/124N,,,,,,,,,,,,OR,BIOL,5
BIOL240B,BIOL240A,,,,,,,,,,,,,,,AND,BIOL,5
BIOL250,BIOL111,BIOL140,BIOL150,CHEM120N/124N,CHEM120A/124A,CHEM241A,,,,,,,,,,AND,BIOL,5
BIOL251,BIOL111,BIOL140,BIOL150,CHEM120N/124N,CHEM120A/124A,,,,,,,,,,,AND,BIOL,5
BIOL319,BIOL220,,,,,,,,,,,,,,,AND,BIOL,5
BIOL321,BIOL151,,,,,,,,,,,,,,,AND,BIOL,5
BIOL327,BIOL220,,,,,,,,,,,,,,,AND,BIOL,5
BIOL330,CHEM111,BIOL111,ENSC220/220L,BIOL220,,,,,,,,,,,,AND,BIOL,5
BIOL335,BIOL220,,,,,,,,,,,,,,,AND,BIOL,5
BIOL337,BIOL220,,,,,,,,,,,,,,,AND,BIOL,5
BIOL340,BIOL319,PHYS132/132L,,,,,,,,,,,,,,AND,BIOL,5
BIOL350,BIOL220,CHEM121B/125B,,,,,,,,,,,,,,AND,BIOL,5
BIOL365,BIOL151,,,,,,,,,,,,,,,AND,BIOL,5
BIOL371,BIOL151,,,,,,,,,,,,,,,AND,BIOL,5
BIOL416,BIOL220,,,,,,,,,,,,,,,AND,BIOL,5
BIOL417,BIOL220,,,,,,,,,,,,,,,AND,BIOL,5
BIOL418A,BIOL319,,,,,,,,,,,,,,,AND,BIOL,5
BIOL418B,BIOL418A,,,,,,,,,,,,,,,AND,BIOL,5
BIOL420,BIOL319,,,,,,,,,,,,,,,AND,BIOL,5
BIOL421,BIOL220,,,,,,,,,,,,,,,AND,BIOL,5
BIOL422A,BIOL327,,,,,,,,,,,,,,,AND,BIOL,5
BIOL422B,BIOL327,,,,,,,,,,,,,,,AND,BIOL,5
BIOL423,BIOL220,,,,,,,,,,,,,,,AND,BIOL,5
BIOL425,BIOL220,BIOL319,,,,,,,,,,,,,,AND,BIOL,5
BIOL427,BIOL220,,,,,,,,,,,,,,,AND,BIOL,5
BIOL428,BIOL220,,,,,,,,,,,,,,,AND,BIOL,5
BIOL431,BIOL319,,,,,,,,,,,,,,,AND,BIOL,5
BIOL432,BIOL319,,,,,,,,,,,,,,,AND,BIOL,5
BIOL434,ENSC220/220L,BIOL319,BIOL365,CHEM471,,,,,,,,,,,,OR,BIOL,5
BIOL435,BIOL365,ENSC431,,,,,,,,,,,,,,OR,BIOL,5
BIOL436,BIOL319,CHEM471,ENSC431,,,,,,,,,,,,,AND,BIOL,5
BIOL440,BIOL220,,,,,,,,,,,,,,,AND,BIOL,5
BIOL441,BIOL340,,,,,,,,,,,,,,,AND,BIOL,5
BIOL444A,BIOL319,,,,,,,,,,,,,,,AND,BIOL,5
BIOL444B,BIOL444A,,,,,,,,,,,,,,,AND,BIOL,5
BIOL451,BIOL350,,,,,,,,,,,,,,,AND,BIOL,5
BIOL452,BIOL319,,,,,,,,,,,,,,,AND,BIOL,5
BIOL455A/B,BIOL319,BIOL350,,,,,,,,,,,,,,OR,BIOL,5
BIOL460,BIOL365,,,,,,,,,,,,,,,AND,BIOL,5
BIOL461,BIOL220,,,,,,,,,,,,,,,AND,BIOL,5
BIOL462,BIOL365,,,,,,,,,,,,,,,AND,BIOL,5
BIOL463,BIOL365,,,,,,,,,,,,,,,AND,BIOL,5
BIOL464,BIOL365,,,,,,,,,,,,,,,AND,BIOL,5
BIOL465,BIOL151,CHEM121B/125B,,,,,,,,,,,,,,AND,BIOL,5
BIOL466,BIOL220,,,,,,,,,,,,,,,AND,BIOL,5
BIOL467,BIOL340,BIOL365,,,,,,,,,,,,,,AND,BIOL,5
BIOL467L,BIOL467,,,,,,,,,,,,,,,AND,BIOL,5
BIOL468,BIOL220,BIOL365,,,,,,,,,,,,,,AND,BIOL,5
BIOL469,BIOL220,BIOL365,,,,,,,,,,,,,,AND,BIOL,5
BIOL470,BIOL220,,,,,,,,,,,,,,,AND,BIOL,5
BIOL471,BIOL220,,,,,,,,,,,,,,,AND,BIOL,5
BIOL472,BIOL220,,,,,,,,,,,,,,,AND,BIOL,5
BIOL473,BIOL220,,,,,,,,,,,,,,,AND,BIOL,5
BIOL474,BIOL220,,,,,,,,,,,,,,,AND,BIOL,5
BIOL475,BIOL319,,,,,,,,,,,,,,,AND,BIOL,5
BIOL480,BIOL220,,,,,,,,,,,,,,,AND,BIOL,5
BIOL483,BIOL220,,,,,,,,,,,,,,,AND,BIOL,5
BIOL485,BIOL220,,,,,,,,,,,,,,,AND,BIOL,5
BIOL486,BIOL220,,,,,,,,,,,,,,,AND,BIOL,5
BIOL487,BIOL220,,,,,,,,,,,,,,,AND,BIOL,5
BIOL488,BIOL220,,,,,,,,,,,,,,,AND,BIOL,5
BIOL489,BIOL220,,,,,,,,,,,,,,,AND,BIOL,5
BIOL490,,,,,,,,,,,,,,,,AND,BIOL,5
BIOL491,BIOL220,,,,,,,,,,,,,,,AND,BIOL,5
BIOL492,BIOL220,,,,,,,,,,,,,,,AND,BIOL,5
BIOL492M,BIOL492,,,,,,,,,,,,,,,AND,BIOL,5
BIOL493,,,,,,,,,,,,,,,,AND,BIOL,5
BIOL494,,,,,,,,,,,,,,,,AND,BIOL,5
BIOL495A,,,,,,,,,,,,,,,,AND,BIOL,5
BIOL495B,,,,,,,,,,,,,,,,AND,BIOL,5
BIOL495C,,,,,,,,,,,,,,,,AND,BIOL,5
BIOL495D,,,,,,,,,,,,,,,,AND,BIOL,5
BIOL495E,,,,,,,,,,,,,,,,AND,BIOL,5
BIOL495F,,,,,,,,,,,,,,,,AND,BIOL,5
BIOL496,,,,,,,,,,,,,,,,AND,BIOL,5
BIOL497,BIOL220,BIOL492,,,,,,,,,,,,,,AND,BIOL,5
BIOL498,,,,,,,,,,,,,,,,AND,BIOL,5
CE198,,,,,,,,,,,,,,,,AND,CE,5
CE199,,,,,,,,,,,,,,,,AND,CE,5
CE204,,,,,,,,,,,,,,,,AND,CE,5
CE206,CE204,,,,,,,,,,,,,,,AND,CE,5
CE240,PHYS141/151/151L,,,,,,,,,,,,,,,OR,CE,5
CS242,CE240,,,,,,,,,,,,,,,AND,CE,5
CE298,CE198,,,,,,,,,,,,,,,AND,CE,5
CE299,,,,,,,,,,,,,,,,AND,CE,5
CE315,CE242,,,,,,,,,,,,,,,AND,CE,5
CE330/330L,CE242,,,,,,,,,,,,,,,AND,CE,5
CE342,CE242,,,,,,,,,,,,,,,AND,CE,5
CE343,CE330/330L,CE342,,,,,,,,,,,,,,AND,CE,5
CE354/354L,CE315,,,,,,,,,,,,,,,AND,CE,5
CE376,CE206,ME262,,,,,,,,,,,,,,AND,CE,5
CE380,,,,,,,,,,,,,,,,AND,CE,5
CE398,CE298,,,,,,,,,,,,,,,AND,CE,5
CE399,,,,,,,,,,,,,,,,AND,CE,5
CE415L,CE315,,,,,,,,,,,,,,,AND,CE,5
CE416,CE354/354L,,,,,,,,,,,,,,,AND,CE,5
CE435,CE343,CE354/354L,,,,,,,,,,,,,,AND,CE,5
CE441,CE343,,,,,,,,,,,,,,,AND,CE,5
CE443,CE343,,,,,,,,,,,,,,,AND,CE,5
CE445,CE343,,,,,,,,,,,,,,,AND,CE,5
CE446,CE445,,,,,,,,,,,,,,,AND,CE,5
CE449,CE343,,,,,,,,,,,,,,,AND,CE,5
CE455,CE354/354L,,,,,,,,,,,,,,,AND,CE,5
CE457,CE354/354L,,,,,,,,,,,,,,,AND,CE,5
CE458,CE354/354L,,,,,,,,,,,,,,,AND,CE,5
CE459,CE354/354L,,,,,,,,,,,,,,,AND,CE,5
CE460,CE315,CE376,,,,,,,,,,,,,,AND,CE,5
CE474,CE376,,,,,,,,,,,,,,,AND,CE,5
CE475,CE376,,,,,,,,,,,,,,,AND,CE,5
CE476,CE376,,,,,,,,,,,,,,,AND,CE,5
CE480,CE380,,,,,,,,,,,,,,,AND,CE,5
CE482,CE416,,,,,,,,,,,,,,,AND,CE,5
CE486,CE380,,,,,,,,,,,,,,,AND,CE,5
CE487,CE380,,,,,,,,,,,,,,,AND,CE,5
CE488,CE380,,,,,,,,,,,,,,,AND,CE,5
CE491,,,,,,,,,,,,,,,,AND,CE,5
CE492,,,,,,,,,,,,,,,,AND,CE,5
CE493,CE343,CE354/354L,CE460,CE380,,,,,,,,,,,,AND,CE,5
CHEM111,,,,,,,,,,,,,,,,AND,CHEM,8
CHEM113,,,,,,,,,,,,,,,,AND,CHEM,8
CHEM120A/124A,,,,,,,,,,,,,,,,AND,CHEM,8
CHEM120B/124B,CHEM120A/124A,,,,,,,,,,,,,,,AND,CHEM,8
CHEM120N/124N,,,,,,,,,,,,,,,,AND,CHEM,8
CHEM121A/125A,CHEM113,MATH125,,,,,,,,,,,,,,OR,CHEM,8
CHEM121B/125B,CHEM121A/125A,,,,,,,,,,,,,,,AND,CHEM,8
CHEM131/135,CHEM113,MATH125,,,,,,,,,,,,,,AND,CHEM,8
CHEM196,CHEM121B/125B,,,,,,,,,,,,,,,AND,CHEM,8
CHEM241A,CHEM121B/125B,,,,,,,,,,,,,,,AND,CHEM,8
CHEM241B,CHEM241A,,,,,,,,,,,,,,,AND,CHEM,8
CHEM245,CHEM241B,,,,,,,,,,,,,,,AND,CHEM,8
CHEM296,CHEM121B/125B,CHEM121B/125B,,,,,,,,,,,,,,AND,CHEM,8
CHEM300,,,,,,,,,,,,,,,,AND,CHEM,8
CHEM331/335,CHEM121B/125B,,,,,,,,,,,,,,,AND,CHEM,8
CHEM345,CHEM245,,,,,,,,,,,,,,,AND,CHEM,8
CHEM351,CHEM241B,,,,,,,,,,,,,,,AND,CHEM,8
CHEM352,CHEM351,,,,,,,,,,,,,,,AND,CHEM,8
CHEM361A/365A,MATH152,CHEM121B/125B,CHEM300,PHYS132/132L,,,,,,,,,,,,AND,CHEM,8
CHEM361B/365B,CHEM361A/365A,,,,,,,,,,,,,,,AND,CHEM,8
CHEM396,,,,,,,,,,,,,,,,AND,CHEM,8
CHEM410,CHEM451A,,,,,,,,,,,,,,,AND,CHEM,8
CHEM411,CHEM361A/365A,,,,,,,,,,,,,,,AND,CHEM,8
CHEM415,CHEM411,,,,,,,,,,,,,,,AND,CHEM,8
CHEM419,CHEM361A/365A,,,,,,,,,,,,,,,AND,CHEM,8
CHEM431,CHEM331/335,CHEM361A/365A,,,,,,,,,,,,,,AND,CHEM,8
CHEM432,CHEM331/335,CHEM361A/365A,,,,,,,,,,,,,,AND,CHEM,8
CHEM435,CHEM431,,,,,,,,,,,,,,,AND,CHEM,8
CHEM439,CHEM331/335,CHEM361A/365A,,,,,,,,,,,,,,AND,CHEM,8
CHEM441,CHEM241B,CHEM361B/365B,,,,,,,,,,,,,,AND,CHEM,8
CHEM444,CHEM241B,,,,,,,,,,,,,,,AND,CHEM,8
CHEM445,CHEM241B,,,,,,,,,,,,,,,AND,CHEM,8
CHEM446,CHEM241B,CHEM361B/365B,,,,,,,,,,,,,,AND,CHEM,8
CHEM449,CHEM241B,CHEM361A/365A,,,,,,,,,,,,,,AND,CHEM,8
CHEM451A,CHEM241B,CHEM300,,,,,,,,,,,,,,AND,CHEM,8
CHEM451B/455,CHEM451A,,,,,,,,,,,,,,,AND,CHEM,8
CHEM451C,CHEM451B/455,,,,,,,,,,,,,,,AND,CHEM,8
CHEM459,CHEM361A/365A,,,,,,,,,,,,,,,AND,CHEM,8
CHEM461A,PHYS132/132L,PHYS142/152/152L,MATH150,CHEM451B/455,MATH145,,,,,,,,,,,AND,CHEM,8
CHEM461B,CHEM461A,,,,,,,,,,,,,,,AND,CHEM,8
CHEM465,CHEM461A,,,,,,,,,,,,,,,AND,CHEM,8
CHEM469,CHEM361B/365B,,,,,,,,,,,,,,,AND,CHEM,8
CHEM471,CHEM120A/124A,CHEM120B/124B,BIOL151,,,,,,,,,,,,,AND,CHEM,8
CHEM479,CHEM241B,,,,,,,,,,,,,,,AND,CHEM,8
CHEM480,,,,,,,,,,,,,,,,AND,CHEM,8
CHEM481,CHEM480,,,,,,,,,,,,,,,AND,CHEM,8
CHEM482,CHEM481,,,,,,,,,,,,,,,AND,CHEM,8
CHEM483,CHEM482,,,,,,,,,,,,,,,AND,CHEM,8
CHEM484/485,CHEM483,,,,,,,,,,,,,,,AND,CHEM,8
CHEM494,,,,,,,,,,,,,,,,AND,CHEM,8
CHEM496,,,,,,,,,,,,,,,,AND,CHEM,8
CHEM499,,,,,,,,,,,,,,,,AND,CHEM,8
CHIN101,,,,,,,,,,,,,,,,AND,CHIN,1
CHIN102,CHIN101,,,,,,,,,,,,,,,AND,CHIN,1
CHIN201,CHIN102,,,,,,,,,,,,,,,AND,CHIN,1
CHIN202,CHIN201,,,,,,,,,,,,,,,AND,CHIN,1
CHIN301,CHIN202,,,,,,,,,,,,,,,AND,CHIN,1
CHIN302,CHIN301,,,,,,,,,,,,,,,AND,CHIN,1
CI301/CI316/SPE440,,,,,,,,,,,,,,,,AND,CI,4
CI314,,,,,,,,,,,,,,,,AND,CI,4
CI315A,CI200,CIED100,EPFR320,EPFR315,,,,,,,,,,,,AND,CI,4
CI315B,CI315A,HED370,,,,,,,,,,,,,,OR,CI,4
CI301/CI316/SPE440,CI301/CI316/SPE440,,,,,,,,,,,,,,,AND,CI,4
CI317,CI301/CI316/SPE440,,,,,,,,,,,,,,,AND,CI,4
CI323,CI301/CI316/SPE440,,,,,,,,,,,,,,,AND,CI,4
CI343,,,,,,,,,,,,,,,,AND,CI,4
CI352A,CI200,CIED100,,,,,,,,,,,,,,OR,CI,4
CI352B,CI200,CIED100,,,,,,,,,,,,,,OR,CI,4
CI352C,CI200,CIED100,,,,,,,,,,,,,,OR,CI,4
CI352D,CI200,CIED100,,,,,,,,,,,,,,OR,CI,4
CI352E,CI200,CIED100,,,,,,,,,,,,,,OR,CI,4
CI352F,CI200,CIED100,,,,,,,,,,,,,,OR,CI,4
CI352G,CI200,CIED100,,,,,,,,,,,,,,OR,CI,4
CI352H,CI200,CIED100,,,,,,,,,,,,,,OR,CI,4
CI352I,CI200,CIED100,,,,,,,,,,,,,,OR,CI,4
CI352J,CI200,CIED100,,,,,,,,,,,,,,OR,CI,4
CI352L,CI200,CIED100,,,,,,,,,,,,,,OR,CI,4
CI352M,CI200,CIED100,,,,,,,,,,,,,,OR,CI,4
CI352N,CI200,CIED100,,,,,,,,,,,,,,OR,CI,4
CI352O,CI200,CIED100,,,,,,,,,,,,,,OR,CI,4
CI352P,CI200,CIED100,,,,,,,,,,,,,,OR,CI,4
CI352Q,CI200,CIED100,,,,,,,,,,,,,,OR,CI,4
CI352T,CI200,CIED100,,,,,,,,,,,,,,OR,CI,4
CI388,,,,,,,,,,,,,,,,AND,CI,4
CI398,,,,,,,,,,,,,,,,AND,CI,4
CI407,,,,,,,,,,,,,,,,AND,CI,4
CI410,,,,,,,,,,,,,,,,AND,CI,4
CI413,,,,,,,,,,,,,,,,AND,CI,4
CI414,CI301/CI316/SPE440,CI317,CI323,,,,,,,,,,,,,AND,CI,4
CI416,,,,,,,,,,,,,,,,AND,CI,4
CI421,CI301/CI316/SPE440,CI410,,,,,,,,,,,,,,OR,CI,4
CI422,CI315A,CI410,,,,,,,,,,,,,,AND,CI,4
CI424,,,,,,,,,,,,,,,,AND,CI,4
CI426,CI301/CI316/SPE440,CI317,,,,,,,,,,,,,,AND,CI,4
CI433A,,,,,,,,,,,,,,,,AND,CI,4
CI433B,,,,,,,,,,,,,,,,AND,CI,4
CI433C,,,,,,,,,,,,,,,,AND,CI,4
CI433D,,,,,,,,,,,,,,,,AND,CI,4
CI433E,,,,,,,,,,,,,,,,AND,CI,4
CI433F,,,,,,,,,,,,,,,,AND,CI,4
CI433G,,,,,,,,,,,,,,,,AND,CI,4
CI433H,,,,,,,,,,,,,,,,AND,CI,4
CI433I,,,,,,,,,,,,,,,,AND,CI,4
CI433J,,,,,,,,,,,,,,,,AND,CI,4
CI433K,,,,,,,,,,,,,,,,AND,CI,4
CI433L,,,,,,,,,,,,,,,,AND,CI,4
CI433M,,,,,,,,,,,,,,,,AND,CI,4
CI433N,,,,,,,,,,,,,,,,AND,CI,4
CI434,CI317,,,,,,,,,,,,,,,AND,CI,4
CI440,,,,,,,,,,,,,,,,AND,CI,4
CI447,,,,,,,,,,,,,,,,AND,CI,4
CI450,,,,,,,,,,,,,,,,AND,CI,4
CI451A,,,,,,,,,,,,,,,,AND,CI,4
CI451B,,,,,,,,,,,,,,,,AND,CI,4
CI451C,,,,,,,,,,,,,,,,AND,CI,4
CI451D,,,,,,,,,,,,,,,,AND,CI,4
CI452,,,,,,,,,,,,,,,,AND,CI,4
CI471,,,,,,,,,,,,,,,,AND,CI,4
CI490A,,,,,,,,,,,,,,,,AND,CI,4
CI490B,,,,,,,,,,,,,,,,AND,CI,4
CI490C,,,,,,,,,,,,,,,,AND,CI,4
CI490D,,,,,,,,,,,,,,,,AND,CI,4
CI490E,,,,,,,,,,,,,,,,AND,CI,4
CI490F,,,,,,,,,,,,,,,,AND,CI,4
CI490G,,,,,,,,,,,,,,,,AND,CI,4
CI490H,,,,,,,,,,,,,,,,AND,CI,4
CI490I,,,,,,,,,,,,,,,,AND,CI,4
CI490J,,,,,,,,,,,,,,,,AND,CI,4
CI490K,,,,,,,,,,,,,,,,AND,CI,4
CI490L,,,,,,,,,,,,,,,,AND,CI,4
CI490M,,,,,,,,,,,,,,,,AND,CI,4
CI490N,,,,,,,,,,,,,,,,AND,CI,4
CI495,,,,,,,,,,,,,,,,AND,CI,4
CIED100,,,,,,,,,,,,,,,,AND,CIED,4
CIED302/312,CIED310,,,,,,,,,,,,,,,AND,CIED,4
CIED303/313,CIED302/312,,,,,,,,,,,,,,,AND,CIED,4
CIED304/442,CIED303/313,CIED321,,,,,,,,,,,,,,AND,CIED,4
CIED310,,,,,,,,,,,,,,,,AND,CIED,4
CIED311,,,,,,,,,,,,,,,,AND,CIED,4
CIED314,CIED310,,,,,,,,,,,,,,,AND,CIED,4
CIED315,CIED301,CIED310,CIED311,,,,,,,,,,,,,AND,CIED,4
CIED316,,,,,,,,,,,,,,,,AND,CIED,4
CIED317,,,,,,,,,,,,,,,,AND,CIED,4
CIED318,,,,,,,,,,,,,,,,AND,CIED,4
CIED319A/B,,,,,,,,,,,,,,,,AND,CIED,4
CIED320,,,,,,,,,,,,,,,,AND,CIED,4
CIED321,CIED302/312,,,,,,,,,,,,,,,AND,CIED,4
CIED322,CIED302/312,,,,,,,,,,,,,,,AND,CIED,4
CIED323,,,,,,,,,,,,,,,,AND,CIED,4
CIED330,,,,,,,,,,,,,,,,AND,CIED,4
CIED331,,,,,,,,,,,,,,,,AND,CIED,4
CIED332,,,,,,,,,,,,,,,,AND,CIED,4
CIED407,CIED304/442,,,,,,,,,,,,,,,AND,CIED,4
CIED416,,,,,,,,,,,,,,,,AND,CIED,4
CIED417,,,,,,,,,,,,,,,,AND,CIED,4
CIED418,,,,,,,,,,,,,,,,AND,CIED,4
CIED424,,,,,,,,,,,,,,,,AND,CIED,4
CIED425,CIED303/313,CIED322,CIED323,,,,,,,,,,,,,AND,CIED,4
CIED426,CIED303/313,CIED322,,,,,,,,,,,,,,AND,CIED,4
CIED427,,,,,,,,,,,,,,,,AND,CIED,4
CIED428,,,,,,,,,,,,,,,,AND,CIED,4
CIED433,,,,,,,,,,,,,,,,AND,CIED,4
CIED441,,,,,,,,,,,,,,,,AND,CIED,4
CIED443,CIED303/313,CIED321,,,,,,,,,,,,,,AND,CIED,4
CIED451,CIED304/442,CIED441,CIED443,,,,,,,,,,,,,AND,CIED,4
CIED452,,,,,,,,,,,,,,,,AND,CIED,4
CIED455B,CIED456,,,,,,,,,,,,,,,AND,CIED,4
CIED455D,CIED456,,,,,,,,,,,,,,,AND,CIED,4
CIED455F,CIED456,,,,,,,,,,,,,,,AND,CIED,4
CIED455G,CIED456,,,,,,,,,,,,,,,AND,CIED,4
CIED455I,CIED456,,,,,,,,,,,,,,,AND,CIED,4
CIED455J,CIED456,,,,,,,,,,,,,,,AND,CIED,4
CIED455L,CIED456,,,,,,,,,,,,,,,AND,CIED,4
CIED455N,CIED456,,,,,,,,,,,,,,,AND,CIED,4
CIED455T,CIED456,,,,,,,,,,,,,,,AND,CIED,4
CIED456,,,,,,,,,,,,,,,,AND,CIED,4
CIED457,,,,,,,,,,,,,,,,AND,CIED,4
CIED458,,,,,,,,,,,,,,,,AND,CIED,4
CIED459,,,,,,,,,,,,,,,,AND,CIED,4
CIED460,,,,,,,,,,,,,,,,AND,CIED,4
CIED461,,,,,,,,,,,,,,,,AND,CIED,4
CIED462,,,,,,,,,,,,,,,,AND,CIED,4
CIED463,CIED460,CIED461,CIED462,,,,,,,,,,,,,AND,CIED,4
CJ111,,,,,,,,,,,,,,,,AND,CJ,6
CJ202,CJ111,,,,,,,,,,,,,,,AND,CJ,6
CJ205,,,,,,,,,,,,,,,,AND,CJ,6
CJ206,CJ111,,,,,,,,,,,,,,,AND,CJ,6
CJ207,CJ202,,,,,,,,,,,,,,,OR,CJ,6
CJ208,CJ111,,,,,,,,,,,,,,,AND,CJ,6
CJ273,CJ111,,,,,,,,,,,,,,,AND,CJ,6
CJ302,CJ111,,,,,,,,,,,,,,,AND,CJ,6
CJ303,CJ302,,,,,,,,,,,,,,,AND,CJ,6
CJ308,CJ208,,,,,,,,,,,,,,,AND,CJ,6
CJ311,,,,,,,,,,,,,,,,AND,CJ,6
CJ348,,,,,,,,,,,,,,,,AND,CJ,6
CJ357,,,,,,,,,,,,,,,,AND,CJ,6
CJ364,,,,,,,,,,,,,,,,AND,CJ,6
CJ365,,,,,,,,,,,,,,,,AND,CJ,6
CJ366,,,,,,,,,,,,,,,,AND,CJ,6
CJ367,,,,,,,,,,,,,,,,AND,CJ,6
CJ368,CJ273,CJ272,,,,,,,,,,,,,,OR,CJ,6
CJ380,,,,,,,,,,,,,,,,AND,CJ,6
CJ390,,,,,,,,,,,,,,,,AND,CJ,6
CJ396,,,,,,,,,,,,,,,,AND,CJ,6
CJ398,,,,,,,,,,,,,,,,AND,CJ,6
CJ401,,,,,,,,,,,,,,,,AND,CJ,6
CJ408,,,,,,,,,,,,,,,,AND,CJ,6
CJ410,,,,,,,,,,,,,,,,AND,CJ,6
CJ420,,,,,,,,,,,,,,,,AND,CJ,6
CJ450,CJ273,,,,,,,,,,,,,,,AND,CJ,6
CJ454,,,,,,,,,,,,,,,,AND,CJ,6
CJ464,,,,,,,,,,,,,,,,AND,CJ,6
CJ465,CJ273,,,,,,,,,,,,,,,AND,CJ,6
CJ488,CJ202,CJ206,CJ208,CJ273,CJ302,CJ366,,,,,,,,,,AND,CJ,6
CJ490,,,,,,,,,,,,,,,,AND,CJ,6
CMIS108,,,,,,,,,,,,,,,,AND,CMIS,3
CMIS130,,,,,,,,,,,,,,,,AND,CMIS,3
CMIS232,CMIS130,,,,,,,,,,,,,,,AND,CMIS,3
CMIS234,CMIS130,,,,,,,,,,,,,,,AND,CMIS,3
CMIS260,CMIS130,,,,,,,,,,,,,,,AND,CMIS,3
CMIS270,CMIS108,CMIS108,CS108,,,,,,,,,,,,,OR,CMIS,3
CMIS300,CMIS270,,,,,,,,,,,,,,,AND,CMIS,3
CMIS310,CMIS270,CMIS130,,,,,,,,,,,,,,AND,CMIS,3
CMIS342,ACCT210,CMIS108,,,,,,,,,,,,,,AND,CMIS,3
CMIS350,CMIS270,CMIS130,,,,,,,,,,,,,,AND,CMIS,3
CMIS351,CMIS130,POLS300,,,,,,,,,,,,,,OR,CMIS,3
CMIS352,MS251,,,,,,,,,,,,,,,AND,CMIS,3
CMIS422,CMIS310,,,,,,,,,,,,,,,AND,CMIS,3
CMIS424,CMIS310,,,,,,,,,,,,,,,AND,CMIS,3
CMIS426,CMIS310,,,,,,,,,,,,,,,AND,CMIS,3
CMIS427,CMIS310,MS251,,,,,,,,,,,,,,AND,CMIS,3
CMIS430,CMIS234,,,,,,,,,,,,,,,AND,CMIS,3
CMIS435,CMIS232,CMIS234,,,,,,,,,,,,,,OR,CMIS,3
CMIS455,CMIS450,CMIS350,,,,,,,,,,,,,,OR,CMIS,3
CMIS462,CMIS310,,,,,,,,,,,,,,,AND,CMIS,3
CMIS468,CMIS310,,,,,,,,,,,,,,,AND,CMIS,3
CMIS470,,,,,,,,,,,,,,,,AND,CMIS,3
CMIS488,,,,,,,,,,,,,,,,AND,CMIS,3
CMIS490,,,,,,,,,,,,,,,,AND,CMIS,3
CNST120,,,,,,,,,,,,,,,,AND,CNST,3
CNST199,,,,,,,,,,,,,,,,AND,CNST,3
CNST210,CNST120,MATH150,CHEM120A/124A,CHEM121A/125A,CHEM131/135,,,,,,,,,,,AND,CNST,3
CNST211,CNST120,MATH150,,,,,,,,,,,,,,AND,CNST,3
CNST241,MATH152,PHYS141/151/151L,,,,,,,,,,,,,,AND,CNST,3
CNST299/301/301L,CNST211,CNST241,CE242,,,,,,,,,,,,,AND,CNST,3
CNST321,PHYS141/151/151L,,,,,,,,,,,,,,,OR,CNST,3
CNST332,CNST210,PHYS141/151/151L,,,,,,,,,,,,,,AND,CNST,3
CNST341,CNST264,CNST210,CNST211,,,,,,,,,,,,,AND,CNST,3
CNST351,CNST210,CNST241,CE242,,,,,,,,,,,,,AND,CNST,3
CNST353,CNST210,,,,,,,,,,,,,,,AND,CNST,3
CNST399,,,,,,,,,,,,,,,,AND,CNST,3
CNST403,CNST341,CNST353,,,,,,,,,,,,,,AND,CNST,3
CNST411,CNST341,,,,,,,,,,,,,,,AND,CNST,3
CNST415,CNST341,,,,,,,,,,,,,,,AND,CNST,3
CNST422,,,,,,,,,,,,,,,,AND,CNST,3
CNST425,CNST211,,,,,,,,,,,,,,,AND,CNST,3
CNST432,CNST341,,,,,,,,,,,,,,,AND,CNST,3
CNST442,,,,,,,,,,,,,,,,AND,CNST,3
CNST451/451L,CNST341,CNST353,,,,,,,,,,,,,,AND,CNST,3
CNST452,CNST403,CNST451/451L,,,,,,,,,,,,,,AND,CNST,3
CNST461,STAT244,,,,,,,,,,,,,,,AND,CNST,3
CNST463,,,,,,,,,,,,,,,,AND,CNST,3
CNST464,CNST341,,,,,,,,,,,,,,,AND,CNST,3
CNST470,CNST341,,,,,,,,,,,,,,,AND,CNST,3
CNST495,CNST341,,,,,,,,,,,,,,,AND,CNST,3
CODE120,,,,,,,,,,,,,,,,AND,CODE,3
CODE121,CODE120,,,,,,,,,,,,,,,AND,CODE,3
CODE122,CODE121,,,,,,,,,,,,,,,AND,CODE,3
CODE123,CODE122,,,,,,,,,,,,,,,AND,CODE,3
CODE220,CODE123,,,,,,,,,,,,,,,AND,CODE,3
CODE221,CODE220,,,,,,,,,,,,,,,AND,CODE,3
CODE320,CODE221,,,,,,,,,,,,,,,AND,CODE,3
CODE420,CODE321,,,,,,,,,,,,,,,AND,CODE,3
CS108,,,,,,,,,,,,,,,,AND,CS,3
CS111,,,,,,,,,,,,,,,,AND,CS,3
CS140,MATH120,,,,,,,,,,,,,,,OR,CS,3
CS150,CS140,,,,,,,,,,,,,,,OR,CS,3
CS198,,,,,,,,,,,,,,,,AND,CS,3
CS199,,,,,,,,,,,,,,,,AND,CS,3
CS234,CS111,CS150,,,,,,,,,,,,,,AND,CS,3
CS240,CS150,,,,,,,,,,,,,,,AND,CS,3
CS286,CS150,,,,,,,,,,,,,,,AND,CS,3
CS298,,,,,,,,,,,,,,,,AND,CS,3
CS299,,,,,,,,,,,,,,,,AND,CS,3
CS314,CS286,,,,,,,,,,,,,,,AND,CS,3
CS321,CS234,STAT244,STAT380,,,,,,,,,,,,,AND,CS,3
CS325,CS150,CS234,,,,,,,,,,,,,,AND,CS,3
CS330,CS286,,,,,,,,,,,,,,,AND,CS,3
CS340,CS150,MATH224,MATH150,,,,,,,,,,,,,AND,CS,3
CS360,,,,,,,,,,,,,,,,AND,CS,3
CS382,MATH152,CS286,CS321,,,,,,,,,,,,,AND,CS,3
CS390,,,,,,,,,,,,,,,,AND,CS,3
CS398,,,,,,,,,,,,,,,,AND,CS,3
CS399,,,,,,,,,,,,,,,,AND,CS,3
CS423,CS330,,,,,,,,,,,,,,,AND,CS,3
CS425,CS340,CS314,CS325,CS360,,,,,,,,,,,,AND,CS,3
CS434,CS150,CS234,,,,,,,,,,,,,,AND,CS,3
CS438,CS340,,,,,,,,,,,,,,,AND,CS,3
CS447,CS340,CS314,,,,,,,,,,,,,,AND,CS,3
CS454,CS330,MATH224,,,,,,,,,,,,,,AND,CS,3
CS456,CS340,,,,,,,,,,,,,,,AND,CS,3
CS463,MATH224,CS447,,,,,,,,,,,,,,AND,CS,3
CS476,CS340,,,,,,,,,,,,,,,AND,CS,3
CS482,CS286,MATH152,CS150,,,,,,,,,,,,,AND,CS,3
CS490,,,,,,,,,,,,,,,,AND,CS,3
CS495,,,,,,,,,,,,,,,,AND,CS,3
CS499,CS425,,,,,,,,,,,,,,,AND,CS,3
DANC111,,,,,,,,,,,,,,,,AND,DANC,2
DANC114,,,,,,,,,,,,,,,,AND,DANC,2
DANC210A,DANC114,,,,,,,,,,,,,,,AND,DANC,2
DANC210B,DANC114,,,,,,,,,,,,,,,AND,DANC,2
DANC211A,,,,,,,,,,,,,,,,AND,DANC,2
DANC211B,,,,,,,,,,,,,,,,AND,DANC,2
DANC212A,,,,,,,,,,,,,,,,AND,DANC,2
DANC212B,,,,,,,,,,,,,,,,AND,DANC,2
DANC213,,,,,,,,,,,,,,,,AND,DANC,2
DANC214,,,,,,,,,,,,,,,,AND,DANC,2
DAMC222,,,,,,,,,,,,,,,,AND,DANC,2
DANC240,,,,,,,,,,,,,,,,AND,DANC,2
DANC250,,,,,,,,,,,,,,,,AND,DANC,2
DANC260,,,,,,,,,,,,,,,,AND,DANC,2
DANC310A,,,,,,,,,,,,,,,,AND,DANC,2
DANC310B,,,,,,,,,,,,,,,,AND,DANC,2
DANC311A,,,,,,,,,,,,,,,,AND,DANC,2
DANC311B,,,,,,,,,,,,,,,,AND,DANC,2
DANC314,DANC114,,,,,,,,,,,,,,,AND,DANC,2
DANC399,,,,,,,,,,,,,,,,AND,DANC,2
DANC410A,,,,,,,,,,,,,,,,AND,DANC,2
DANC410B,,,,,,,,,,,,,,,,AND,DANC,2
DANC411A,,,,,,,,,,,,,,,,AND,DANC,2
DANC411B,,,,,,,,,,,,,,,,AND,DANC,2
DANC420A,,,,,,,,,,,,,,,,AND,DANC,2
DANC420B,DANC420A,,,,,,,,,,,,,,,AND,DANC,2
DANC430,,,,,,,,,,,,,,,,AND,DANC,2
DANC433,DANC214,,,,,,,,,,,,,,,AND,DANC,2
DAMC460,,,,,,,,,,,,,,,,AND,DANC,2
DANC470,,,,,,,,,,,,,,,,AND,DANC,2
DANC499,,,,,,,,,,,,,,,,AND,DANC,2
ECE145,MATH120,,,,,,,,,,,,,,,OR,ECE,5
ECE198,,,,,,,,,,,,,,,,AND,ECE,5
ECE199,,,,,,,,,,,,,,,,AND,ECE,5
ECE210,MATH150,,,,,,,,,,,,,,,AND,ECE,5
ECE211,ECE210,MATH305,MATH152,,,,,,,,,,,,,AND,ECE,5
ECE282,CS140,,,,,,,,,,,,,,,OR,ECE,5
ECE298,,,,,,,,,,,,,,,,AND,ECE,5
ECE299,,,,,,,,,,,,,,,,AND,ECE,5
ECE326,ECE211,,,,,,,,,,,,,,,AND,ECE,5
ECE340,PHYS152,ECE211,,,,,,,,,,,,,,AND,ECE,5
ECE341,ECE340,,,,,,,,,,,,,,,AND,ECE,5
ECE351,ECE211,,,,,,,,,,,,,,,AND,ECE,5
ECE352,ECE351,,,,,,,,,,,,,,,AND,ECE,5
ECE365,ECE351,,,,,,,,,,,,,,,AND,ECE,5
ECE375,ECE352,,,,,,,,,,,,,,,AND,ECE,5
ECE381,ECE282,,,,,,,,,,,,,,,AND,ECE,5
ECE398,,,,,,,,,,,,,,,,AND,ECE,5
ECE399,,,,,,,,,,,,,,,,AND,ECE,5
ECE404,ECE282,ECE351,,,,,,,,,,,,,,AND,ECE,5
ECE405,ECE404,,,,,,,,,,,,,,,AND,ECE,5
ECE426,ECE326,,,,,,,,,,,,,,,AND,ECE,5
ECE427,,,,,,,,,,,,,,,,AND,ECE,5
ECE428,ECE351,ECE326,,,,,,,,,,,,,,AND,ECE,5
ECE429,ECE327,,,,,,,,,,,,,,,AND,ECE,5
ECE433,,,,,,,,,,,,,,,,AND,ECE,5
ECE436,ECE351,,,,,,,,,,,,,,,AND,ECE,5
ECE437,ECE351,,,,,,,,,,,,,,,AND,ECE,5
ECE438,ECE351,,,,,,,,,,,,,,,AND,ECE,5
ECE439,ECE351,,,,,,,,,,,,,,,AND,ECE,5
ECE441,ECE341,,,,,,,,,,,,,,,AND,ECE,5
ECE444,ECE326,,,,,,,,,,,,,,,AND,ECE,5
ECE445,ECE341,,,,,,,,,,,,,,,AND,ECE,5
ECE446,ECE341,,,,,,,,,,,,,,,AND,ECE,5
ECE447,ECE340,ECE351,,,,,,,,,,,,,,AND,ECE,5
ECE455,ECE351,,,,,,,,,,,,,,,AND,ECE,5
ECE465,ECE365,,,,,,,,,,,,,,,AND,ECE,5
ECE466,ME450,ECE365,,,,,,,,,,,,,,OR,ECE,5
ECE467,,,,,,,,,,,,,,,,AND,ECE,5
ECE475,ECE375,,,,,,,,,,,,,,,AND,ECE,5
ECE476,ECE326,,,,,,,,,,,,,,,AND,ECE,5
ECE477,ECE282,,,,,,,,,,,,,,,AND,ECE,5
ECE482,ECE282,,,,,,,,,,,,,,,AND,ECE,5
ECE483,ECE282,,,,,,,,,,,,,,,AND,ECE,5
ECE484,ECE326,,,,,,,,,,,,,,,AND,ECE,5
ECE485,ECE282,,,,,,,,,,,,,,,AND,ECE,5
ECE491,,,,,,,,,,,,,,,,AND,ECE,5
ECE492,,,,,,,,,,,,,,,,AND,ECE,5
ECON111,,,,,,,,,,,,,,,,AND,ECON,3
ECON112,,,,,,,,,,,,,,,,AND,ECON,3
ECON300,ECON111,ECON112,,,,,,,,,,,,,,OR,ECON,3
ECON301,ECON111,ECON112,MS251,,,,,,,,,,,,,AND,ECON,3
ECON302,ECON111,ECON112,MS251,,,,,,,,,,,,,AND,ECON,3
ECON315,MS251,,,,,,,,,,,,,,,AND,ECON,3
ECON321,ECON111,ECON112,,,,,,,,,,,,,,AND,ECON,3
ECON327,ECON111,ECON112,,,,,,,,,,,,,,AND,ECON,3
ECON331,ECON111,ECON112,,,,,,,,,,,,,,AND,ECON,3
ECON341,,,,,,,,,,,,,,,,AND,ECON,3
ECON343,ECON111,,,,,,,,,,,,,,,AND,ECON,3
ECON345,ECON111,ECON112,,,,,,,,,,,,,,AND,ECON,3
ECON361,ECON111,ECON112,,,,,,,,,,,,,,AND,ECON,3
ECON411,ECON301,,,,,,,,,,,,,,,AND,ECON,3
ECON415,ECON315,,,,,,,,,,,,,,,AND,ECON,3
ECON416,MS251,MATH150,,,,,,,,,,,,,,OR,ECON,3
ECON417,ECON315,,,,,,,,,,,,,,,AND,ECON,3
ECON428,ECON301,,,,,,,,,,,,,,,AND,ECON,3
ECON429,ECON302,,,,,,,,,,,,,,,AND,ECON,3
ECON431,ECON301,,,,,,,,,,,,,,,AND,ECON,3
ECON439,ECON111,ECON112,MS250,MS251,,,,,,,,,,,,AND,ECON,3
ECON445,ECON111,ECON112,,,,,,,,,,,,,,AND,ECON,3
ECON461,ECON301,,,,,,,,,,,,,,,AND,ECON,3
ECON488,,,,,,,,,,,,,,,,AND,ECON,3
ECON490,,,,,,,,,,,,,,,,AND,ECON,3
EDFD355,,,,,,,,,,,,,,,,AND,EDFD,4
EDFD451,,,,,,,,,,,,,,,,AND,EDFD,4
EDUC305,,,,,,,,,,,,,,,,AND,EDUC,4
EDUC381,,,,,,,,,,,,,,,,AND,EDUC,4
EDUC405,,,,,,,,,,,,,,,,AND,EDUC,4
ENG100G,,,,,,,,,,,,,,,,AND,ENG,1
ENG100R,,,,,,,,,,,,,,,,AND,ENG,1
ENG101,,,,,,,,,,,,,,,,AND,ENG,1
ENG101E,,,,,,,,,,,,,,,,AND,ENG,1
ENG101N,,,,,,,,,,,,,,,,AND,ENG,1
ENG102,ENG101,ENG101N,ENG101E,,,,,,,,,,,,,OR,ENG,1
ENG102N,ENG101,ENG101N,ENG101E,,,,,,,,,,,,,OR,ENG,1
ENG111,,,,,,,,,,,,,,,,AND,ENG,1
ENG112,,,,,,,,,,,,,,,,AND,ENG,1
ENG200,ENG102,ENG102N,,,,,,,,,,,,,,OR,ENG,1
ENG201,ENG102,ENG102N,,,,,,,,,,,,,,OR,ENG,1
ENG202,,,,,,,,,,,,,,,,AND,ENG,1
ENG203,,,,,,,,,,,,,,,,AND,ENG,1
ENG204,,,,,,,,,,,,,,,,AND,ENG,1
ENG205,,,,,,,,,,,,,,,,AND,ENG,1
ENG206,,,,,,,,,,,,,,,,AND,ENG,1
ENG207,,,,,,,,,,,,,,,,AND,ENG,1
ENG208,,,,,,,,,,,,,,,,AND,ENG,1
ENG209,,,,,,,,,,,,,,,,AND,ENG,1
ENG211,,,,,,,,,,,,,,,,AND,ENG,1
ENG212,,,,,,,,,,,,,,,,AND,ENG,1
ENG214,ENG102,ENG102N,,,,,,,,,,,,,,OR,ENG,1
ENG215,ENG102,ENG102N,,,,,,,,,,,,,,OR,ENG,1
ENG290,ENG102,ENG102N,,,,,,,,,,,,,,OR,ENG,1
ENG301,ENG200,,,,,,,,,,,,,,,AND,ENG,1
ENG306,ENG102,ENG102N,,,,,,,,,,,,,,OR,ENG,1
ENG307,ENG102,ENG102N,,,,,,,,,,,,,,OR,ENG,1
ENG309,ENG102,ENG102N,,,,,,,,,,,,,,OR,ENG,1
ENG310,ENG102,ENG102N,,,,,,,,,,,,,,OR,ENG,1
ENG315,,,,,,,,,,,,,,,,AND,ENG,1
ENG318,,,,,,,,,,,,,,,,AND,ENG,1
ENG332,ENG102,ENG102N,,,,,,,,,,,,,,OR,ENG,1
ENG333,,,,,,,,,,,,,,,,AND,ENG,1
ENG334,ENG102,ENG102N,,,,,,,,,,,,,,OR,ENG,1
ENG340,ENG102,ENG102N,,,,,,,,,,,,,,OR,ENG,1
ENG341,ENG102,ENG102N,,,,,,,,,,,,,,OR,ENG,1
ENG342,ENG102,ENG102N,,,,,,,,,,,,,,OR,ENG,1
ENG343,ENG102,ENG102N,,,,,,,,,,,,,,OR,ENG,1
ENG344,ENG102,ENG102N,,,,,,,,,,,,,,OR,ENG,1
ENG345,ENG102,ENG102N,,,,,,,,,,,,,,OR,ENG,1
ENG369,,,,,,,,,,,,,,,,AND,ENG,1
ENG370,,,,,,,,,,,,,,,,AND,ENG,1
ENG392,ENG290,,,,,,,,,,,,,,,AND,ENG,1
ENG393,ENG290,,,,,,,,,,,,,,,AND,ENG,1
ENG394,ENG102,ENG102N,,,,,,,,,,,,,,OR,ENG,1
ENG400,,,,,,,,,,,,,,,,AND,ENG,1
ENG403,,,,,,,,,,,,,,,,AND,ENG,1
ENG404,ENG102,ENG102N,,,,,,,,,,,,,,OR,ENG,1
ENG405,,,,,,,,,,,,,,,,AND,ENG,1
ENG406,,,,,,,,,,,,,,,,AND,ENG,1
ENG408,,,,,,,,,,,,,,,,AND,ENG,1
ENG409,,,,,,,,,,,,,,,,AND,ENG,1
ENG410,ENG102,ENG102N,,,,,,,,,,,,,,OR,ENG,1
ENG411,ENG102,ENG102N,,,,,,,,,,,,,,OR,ENG,1
ENG412,,,,,,,,,,,,,,,,AND,ENG,1
ENG416,,,,,,,,,,,,,,,,AND,ENG,1
ENG417,,,,,,,,,,,,,,,,AND,ENG,1
ENG420,ENG102,ENG102N,,,,,,,,,,,,,,OR,ENG,1
ENG443,ENG102,ENG102N,,,,,,,,,,,,,,OR,ENG,1
ENG444,ENG290,,,,,,,,,,,,,,,AND,ENG,1
ENG445,ENG102,ENG102N,,,,,,,,,,,,,,OR,ENG,1
ENG446,ENG102,ENG102N,,,,,,,,,,,,,,OR,ENG,1
ENG457,ENG102,ENG102N,,,,,,,,,,,,,,OR,ENG,1
ENG463,ENG102,ENG102N,,,,,,,,,,,,,,OR,ENG,1
ENG464,ENG102,ENG102N,,,,,,,,,,,,,,OR,ENG,1
ENG465,ENG102,ENG102N,,,,,,,,,,,,,,OR,ENG,1
ENG468,,,,,,,,,,,,,,,,AND,ENG,1
ENG470,,,,,,,,,,,,,,,,AND,ENG,1
ENG471,ENG102,ENG102N,,,,,,,,,,,,,,OR,ENG,1
ENG472,,,,,,,,,,,,,,,,AND,ENG,1
ENG473,ENG102,ENG102N,,,,,,,,,,,,,,OR,ENG,1
ENG474,,,,,,,,,,,,,,,,AND,ENG,1
ENG475,ENG102,ENG102N,,,,,,,,,,,,,,OR,ENG,1
ENG476,ENG470,ENG542,,,,,,,,,,,,,,OR,ENG,1
ENG477,ENG102,ENG102N,,,,,,,,,,,,,,OR,ENG,1
ENG478,,,,,,,,,,,,,,,,AND,ENG,1
ENG479,ENG102,ENG102N,,,,,,,,,,,,,,OR,ENG,1
ENG480,ENG102,ENG102N,,,,,,,,,,,,,,OR,ENG,1
ENG482,ENG102,ENG102N,,,,,,,,,,,,,,OR,ENG,1
ENG485,ENG102,ENG102N,,,,,,,,,,,,,,OR,ENG,1
ENG486,,,,,,,,,,,,,,,,AND,ENG,1
ENG488,ENG102,,,,,,,,,,,,,,,AND,ENG,1
ENG489,,,,,,,,,,,,,,,,AND,ENG,1
ENG490,ENG102,ENG102N,,,,,,,,,,,,,,OR,ENG,1
ENG491,ENG102,ENG102N,,,,,,,,,,,,,,OR,ENG,1
ENG492,ENG392,,,,,,,,,,,,,,,AND,ENG,1
ENG493,ENG393,,,,,,,,,,,,,,,AND,ENG,1
ENG494,ENG102,ENG102N,,,,,,,,,,,,,,OR,ENG,1
ENG496,ENG102,ENG102N,,,,,,,,,,,,,,OR,ENG,1
ENG497A,ENG301,,,,,,,,,,,,,,,AND,ENG,1
ENG498,ENG392,,,,,,,,,,,,,,,AND,ENG,1
ENG499,,,,,,,,,,,,,,,,AND,ENG,1
ENSC111,,,,,,,,,,,,,,,,AND,ENSC,8
ENSC120,,,,,,,,,,,,,,,,AND,ENSC,8
ENSC125,,,,,,,,,,,,,,,,AND,ENSC,8
ENSC210,,,,,,,,,,,,,,,,AND,ENSC,8
ENSC220/220L,,,,,,,,,,,,,,,,AND,ENSC,8
ENSC325,ENSC220/220L,MATH120,,,,,,,,,,,,,,AND,ENSC,8
ENSC325A,ENSC220/220L,,,,,,,,,,,,,,,AND,ENSC,8
ENSC325B,ENSC325A,,,,,,,,,,,,,,,AND,ENSC,8
ENSC326,ENSC325,,,,,,,,,,,,,,,AND,ENSC,8
ENSC330,CHEM111,BIOL111,ENSC220/220L,,,,,,,,,,,,,AND,ENSC,8
ENSC340,BIOL111,,,,,,,,,,,,,,,AND,ENSC,8
ENSC401,ENSC220/220L,,,,,,,,,,,,,,,AND,ENSC,8
ENSC402,ENSC220/220L,,,,,,,,,,,,,,,AND,ENSC,8
ENSC404,,,,,,,,,,,,,,,,AND,ENSC,8
ENSC411,GEOG111,,,,,,,,,,,,,,,AND,ENSC,8
ENSC412,CHEM113,,,,,,,,,,,,,,,AND,ENSC,8
ENSC419,ENSC340,,,,,,,,,,,,,,,AND,ENSC,8
ENSC426,CHEM113,,,,,,,,,,,,,,,AND,ENSC,8
ENSC431,CHEM120A/124A,CHEM120B/124B,BIOL151,,,,,,,,,,,,,AND,ENSC,8
ENSC431L,CHEM120A/124A,CHEM120B/124B,ENSC431,,,,,,,,,,,,,AND,ENSC,8
ENSC432,BIOL319,CHEM471,ENSC431,,,,,,,,,,,,,OR,ENSC,8
ENSC434,ENSC220/220L,BIOL319,BIOL365,CHEM471,,,,,,,,,,,,OR,ENSC,8
ENSC435,BIOL365,ENSC431,,,,,,,,,,,,,,OR,ENSC,8
ENSC436,ENSC220/220L,ENSC330,,,,,,,,,,,,,,AND,ENSC,8
ENSC437,ENSC220/220L,ENSC330,,,,,,,,,,,,,,AND,ENSC,8
ENSC440,ENSC330,ENSC340,,,,,,,,,,,,,,AND,ENSC,8
ENSC445,GEOG316,,,,,,,,,,,,,,,AND,ENSC,8
ENSC450,BIOL365,,,,,,,,,,,,,,,AND,ENSC,8
ENSC465,BIOL151,CHEM121B/125B,,,,,,,,,,,,,,AND,ENSC,8
ENSC466,BIOL220,,,,,,,,,,,,,,,AND,ENSC,8
ENSC472,,,,,,,,,,,,,,,,AND,ENSC,8
ENSC473,,,,,,,,,,,,,,,,AND,ENSC,8
ENSC475,,,,,,,,,,,,,,,,AND,ENSC,8
ENSC477,ENSC220/220L,ENSC330,,,,,,,,,,,,,,AND,ENSC,8
ENSC490,,,,,,,,,,,,,,,,AND,ENSC,8
ENSC491,,,,,,,,,,,,,,,,AND,ENSC,8
ENSC495,,,,,,,,,,,,,,,,AND,ENSC,8
ENSC496,ENSC220/220L,,,,,,,,,,,,,,,AND,ENSC,8
ENSC497,,,,,,,,,,,,,,,,AND,ENSC,8
ENSC498,,,,,,,,,,,,,,,,AND,ENSC,8
ENSC499,ENSC210,ENSC220/220L,,,,,,,,,,,,,,AND,ENSC,8
EPFR315,,,,,,,,,,,,,,,,AND,EPFR,4
EPFR320,,,,,,,,,,,,,,,,AND,EPFR,4
EPFR415,EPFR315,EPFR320,,,,,,,,,,,,,,AND,EPFR,4
EPFR451,,,,,,,,,,,,,,,,AND,EPFR,4
ESCI111,,,,,,,,,,,,,,,,AND,ESCI,6
FAC350,,,,,,,,,,,,,,,,AND,FAC,1
FAC450,,,,,,,,,,,,,,,,AND,FAC,1
FAC495,,,,,,,,,,,,,,,,AND,FAC,1
FIN305,,,,,,,,,,,,,,,,AND,FIN,3
FIN306,MS251,,,,,,,,,,,,,,,AND,FIN,3
FIN320,ACCT200,MS251,,,,,,,,,,,,,,AND,FIN,3
FIN341,FIN320,,,,,,,,,,,,,,,AND,FIN,3
FIN344,FIN320,,,,,,,,,,,,,,,AND,FIN,3
FIN360,FIN320,,,,,,,,,,,,,,,AND,FIN,3
FIN361,FIN320,,,,,,,,,,,,,,,AND,FIN,3
FIN420,FIN320,ACCT312,,,,,,,,,,,,,,OR,FIN,3
FIN421,FIN420,,,,,,,,,,,,,,,AND,FIN,3
FIN430,FIN320,FIN420,,,,,,,,,,,,,,OR,FIN,3
FIN431,FIN320,,,,,,,,,,,,,,,AND,FIN,3
FIN432,FIN320,,,,,,,,,,,,,,,AND,FIN,3
FIN435,FIN320,,,,,,,,,,,,,,,AND,FIN,3
FIN436,FIN320,,,,,,,,,,,,,,,AND,FIN,3
FIN440,FIN320,,,,,,,,,,,,,,,AND,FIN,3
FIN445,FIN320,FIN430,,,,,,,,,,,,,,AND,FIN,3
FIN450,FIN320,,,,,,,,,,,,,,,AND,FIN,3
FIN451,FIN450,FIN431,,,,,,,,,,,,,,AND,FIN,3
FIN460,FIN420,,,,,,,,,,,,,,,AND,FIN,3
FIN480,FIN420,,,,,,,,,,,,,,,AND,FIN,3
FIN488,,,,,,,,,,,,,,,,AND,FIN,3
FIN490,,,,,,,,,,,,,,,,AND,FIN,3
FL101,,,,,,,,,,,,,,,,AND,FL,1
FL102,FL101,,,,,,,,,,,,,,,AND,FL,1
FL106,,,,,,,,,,,,,,,,AND,FL,1
FL111A,,,,,,,,,,,,,,,,AND,FL,1
FL111B,,,,,,,,,,,,,,,,AND,FL,1
FL111C,,,,,,,,,,,,,,,,AND,FL,1
FL111D,,,,,,,,,,,,,,,,AND,FL,1
FL111E,,,,,,,,,,,,,,,,AND,FL,1
FL111F,,,,,,,,,,,,,,,,AND,FL,1
FL121,,,,,,,,,,,,,,,,AND,FL,1
FL201,FL102,,,,,,,,,,,,,,,AND,FL,1
FL202,FL201,,,,,,,,,,,,,,,AND,FL,1
FL220,,,,,,,,,,,,,,,,AND,FL,1
FL230,,,,,,,,,,,,,,,,AND,FL,1
FL330,,,,,,,,,,,,,,,,AND,FL,1
FL345,,,,,,,,,,,,,,,,AND,FL,1
FL350,,,,,,,,,,,,,,,,AND,FL,1
FL390,,,,,,,,,,,,,,,,AND,FL,1
FL401,,,,,,,,,,,,,,,,AND,FL,1
FL486,FR301,GER301,SPAN301,,,,,,,,,,,,,OR,FL,1
FL491,,,,,,,,,,,,,,,,AND,FL,1
FR101,,,,,,,,,,,,,,,,AND,FR,1
FR102,FR101,,,,,,,,,,,,,,,AND,FR,1
FR104,,,,,,,,,,,,,,,,AND,FR,1
FR201,FR102,FR104,,,,,,,,,,,,,,OR,FR,1
FR202,FR201,,,,,,,,,,,,,,,AND,FR,1
FR301,FR202,,,,,,,,,,,,,,,AND,FR,1
FR302,FR301,,,,,,,,,,,,,,,AND,FR,1
FR304,FR202,,,,,,,,,,,,,,,AND,FR,1
FR305,FR202,,,,,,,,,,,,,,,AND,FR,1
FR308,FR202,,,,,,,,,,,,,,,AND,FR,1
FR311,FR202,,,,,,,,,,,,,,,AND,FR,1
FR312,FR202,,,,,,,,,,,,,,,AND,FR,1
FR320,FR202,,,,,,,,,,,,,,,AND,FR,1
FR351,FR202,,,,,,,,,,,,,,,AND,FR,1
FR352,FR202,,,,,,,,,,,,,,,AND,FR,1
FR353,FR202,,,,,,,,,,,,,,,AND,FR,1
FR377,FR201,FR202,,,,,,,,,,,,,,AND,FR,1
FR400A,FR202,,,,,,,,,,,,,,,AND,FR,1
FR400B,FR202,,,,,,,,,,,,,,,AND,FR,1
FR402,FR301,,,,,,,,,,,,,,,AND,FR,1
FR451,FR301,,,,,,,,,,,,,,,AND,FR,1
FR452,FR301,,,,,,,,,,,,,,,AND,FR,1
FR453,FR301,,,,,,,,,,,,,,,AND,FR,1
FR454,FR301,,,,,,,,,,,,,,,AND,FR,1
FR456,FR301,,,,,,,,,,,,,,,AND,FR,1
FR457,FR301,,,,,,,,,,,,,,,AND,FR,1
FR461,,,,,,,,,,,,,,,,AND,FR,1
FR491,,,,,,,,,,,,,,,,AND,FR,1
FR499,,,,,,,,,,,,,,,,AND,FR,1
FST101,,,,,,,,,,,,,,,,AND,FST,0
GBA301,,,,,,,,,,,,,,,,AND,GBA,3
GBA383,,,,,,,,,,,,,,,,AND,GBA,3
GBA398,,,,,,,,,,,,,,,,AND,GBA,3
GBA399,,,,,,,,,,,,,,,,AND,GBA,3
GBA402,,,,,,,,,,,,,,,,AND,GBA,3
GBA488,,,,,,,,,,,,,,,,AND,GBA,3
GBA489,,,,,,,,,,,,,,,,AND,GBA,3
GEOG111,,,,,,,,,,,,,,,,AND,GEOG,6
GEOG201,,,,,,,,,,,,,,,,AND,GEOG,6
GEOG202,,,,,,,,,,,,,,,,AND,GEOG,6
GEOG205,,,,,,,,,,,,,,,,AND,GEOG,6
GEOG210,,,,,,,,,,,,,,,,AND,GEOG,6
GEOG211,,,,,,,,,,,,,,,,AND,GEOG,6
GEOG300,GEOG205,,,,,,,,,,,,,,,AND,GEOG,6
GEOG301,,,,,,,,,,,,,,,,AND,GEOG,6
GEOG303,,,,,,,,,,,,,,,,AND,GEOG,6
GEOG311,GEOG211,,,,,,,,,,,,,,,AND,GEOG,6
GEOG314,GEOG211,,,,,,,,,,,,,,,AND,GEOG,6
GEOG315,,,,,,,,,,,,,,,,AND,GEOG,6
GEOG316,GEOG202,GEOG210,,,,,,,,,,,,,,OR,GEOG,6
GEOG320,,,,,,,,,,,,,,,,AND,GEOG,6
GEOG321,MATH120,,,,,,,,,,,,,,,OR,GEOG,6
GEOG322,GEOG320,,,,,,,,,,,,,,,AND,GEOG,6
GEOG330,,,,,,,,,,,,,,,,AND,GEOG,6
GEOG331,,,,,,,,,,,,,,,,AND,GEOG,6
GEOG332,,,,,,,,,,,,,,,,AND,GEOG,6
GEOG333,,,,,,,,,,,,,,,,AND,GEOG,6
GEOG334,,,,,,,,,,,,,,,,AND,GEOG,6
GEOG335,,,,,,,,,,,,,,,,AND,GEOG,6
GEOG401,,,,,,,,,,,,,,,,AND,GEOG,6
GEOG402,,,,,,,,,,,,,,,,AND,GEOG,6
GEOG403,GEOG303,,,,,,,,,,,,,,,AND,GEOG,6
GEOG404,GEOG205,,,,,,,,,,,,,,,AND,GEOG,6
GEOG405,GEOG205,,,,,,,,,,,,,,,AND,GEOG,6
GEOG406,GEOG205,,,,,,,,,,,,,,,AND,GEOG,6
GEOG407,GEOG205,,,,,,,,,,,,,,,AND,GEOG,6
GEOG408,GEOG314,,,,,,,,,,,,,,,AND,GEOG,6
GEOG409,GEOG211,,,,,,,,,,,,,,,AND,GEOG,6
GEOG410,ESCI111,GEOG210,ENSC220/220L,,,,,,,,,,,,,OR,GEOG,6
GEOG411,MATH120,,,,,,,,,,,,,,,AND,GEOG,6
GEOG412,CHEM113,MATH120,,,,,,,,,,,,,,AND,GEOG,6
GEOG414,GEOG411,,,,,,,,,,,,,,,AND,GEOG,6
GEOG415,GEOG316,,,,,,,,,,,,,,,AND,GEOG,6
GEOG416,GEOG316,,,,,,,,,,,,,,,AND,GEOG,6
GEOG417,GEOG210,,,,,,,,,,,,,,,AND,GEOG,6
GEOG418,,,,,,,,,,,,,,,,AND,GEOG,6
GEOG420,GEOG320,,,,,,,,,,,,,,,AND,GEOG,6
GEOG421,GEOG418,,,,,,,,,,,,,,,AND,GEOG,6
GEOG422,,,,,,,,,,,,,,,,AND,GEOG,6
GEOG423,,,,,,,,,,,,,,,,AND,GEOG,6
GEOG424,GEOG418,,,,,,,,,,,,,,,AND,GEOG,6
GEOG425,GEOG418,MATH120,,,,,,,,,,,,,,AND,GEOG,6
GEOG426,,,,,,,,,,,,,,,,AND,GEOG,6
GEOG427,,,,,,,,,,,,,,,,AND,GEOG,6
GEOG428,,,,,,,,,,,,,,,,AND,GEOG,6
GEOG429,GEOG314,,,,,,,,,,,,,,,AND,GEOG,6
GEOG430,GEOG314,,,,,,,,,,,,,,,AND,GEOG,6
GEOG431,GEOG320,,,,,,,,,,,,,,,AND,GEOG,6
GEOG432,GEOG418,,,,,,,,,,,,,,,AND,GEOG,6
GEOG451,,,,,,,,,,,,,,,,AND,GEOG,6
GEOG452,,,,,,,,,,,,,,,,AND,GEOG,6
GEOG453,,,,,,,,,,,,,,,,AND,GEOG,6
GEOG454,,,,,,,,,,,,,,,,AND,GEOG,6
GEOG490,,,,,,,,,,,,,,,,AND,GEOG,6
GEOG499,GEOG321,,,,,,,,,,,,,,,AND,GEOG,6
GER101,,,,,,,,,,,,,,,,AND,GER,1
GER102,GER102,,,,,,,,,,,,,,,AND,GER,1
GER104,,,,,,,,,,,,,,,,AND,GER,1
GER201,GER102,GER104,,,,,,,,,,,,,,OR,GER,1
GER202,GER201,,,,,,,,,,,,,,,AND,GER,1
GER301,GER202,,,,,,,,,,,,,,,AND,GER,1
GER302,GER301,,,,,,,,,,,,,,,AND,GER,1
GER303,GER202,,,,,,,,,,,,,,,AND,GER,1
GER304,GER202,,,,,,,,,,,,,,,AND,GER,1
GER305,GER202,,,,,,,,,,,,,,,AND,GER,1
GER311,GER202,,,,,,,,,,,,,,,AND,GER,1
GER351,GER202,,,,,,,,,,,,,,,AND,GER,1
GER352,GER202,,,,,,,,,,,,,,,AND,GER,1
GER353A,GER202,,,,,,,,,,,,,,,AND,GER,1
GER353B,GER202,,,,,,,,,,,,,,,AND,GER,1
GER353C,GER202,,,,,,,,,,,,,,,AND,GER,1
GER400A,GER202,,,,,,,,,,,,,,,AND,GER,1
GER400B,GER202,,,,,,,,,,,,,,,AND,GER,1
GER401,GER202,,,,,,,,,,,,,,,AND,GER,1
GER402,GER411,,,,,,,,,,,,,,,AND,GER,1
GER452,GER301,,,,,,,,,,,,,,,AND,GER,1
GER454,,,,,,,,,,,,,,,,AND,GER,1
GER491,,,,,,,,,,,,,,,,AND,GER,1
GER499,,,,,,,,,,,,,,,,AND,GER,1
GRK101,,,,,,,,,,,,,,,,AND,GRK,1
GRK102,GRK101,,,,,,,,,,,,,,,AND,GRK,1
GRK201,GRK102,,,,,,,,,,,,,,,AND,GRK,1
GRK202,GRK102,,,,,,,,,,,,,,,AND,GRK,1
GRL499A,,,,,,,,,,,,,,,,AND,GRK,1
GRK499B,GRK499A,,,,,,,,,,,,,,,AND,GRK,1
GRK499C,GRK499B,,,,,,,,,,,,,,,AND,GRK,1
GRK499D,GRK499C,,,,,,,,,,,,,,,AND,GRK,1
GRK499E,GRK499D,,,,,,,,,,,,,,,AND,GRK,1
GRK499F,GRK499E,,,,,,,,,,,,,,,AND,GRK,1
HED350,HED111,HED201,,,,,,,,,,,,,,OR,HED,8
HIST101,,,,,,,,,,,,,,,,AND,HIST,1
HIST111A,,,,,,,,,,,,,,,,AND,HIST,1
HIST111B,,,,,,,,,,,,,,,,AND,HIST,1
HIST111C,,,,,,,,,,,,,,,,AND,HIST,1
HIST112A,,,,,,,,,,,,,,,,AND,HIST,1
HIST112B,,,,,,,,,,,,,,,,AND,HIST,1
HIST130,,,,,,,,,,,,,,,,AND,HIST,1
HIST130A,,,,,,,,,,,,,,,,AND,HIST,1
HIST130B,,,,,,,,,,,,,,,,AND,HIST,1
HIST133A,,,,,,,,,,,,,,,,AND,HIST,1
HIST200,,,,,,,,,,,,,,,,AND,HIST,1
HIST201,,,,,,,,,,,,,,,,AND,HIST,1
HIST210A,,,,,,,,,,,,,,,,AND,HIST,1
HIST210B,,,,,,,,,,,,,,,,AND,HIST,1
HIST211A,,,,,,,,,,,,,,,,AND,HIST,1
HIST211B,,,,,,,,,,,,,,,,AND,HIST,1
HIST212A,,,,,,,,,,,,,,,,AND,HIST,1
HIST212B,,,,,,,,,,,,,,,,AND,HIST,1
HIST213A,,,,,,,,,,,,,,,,AND,HIST,1
HIST213B,,,,,,,,,,,,,,,,AND,HIST,1
HIST300,,,,,,,,,,,,,,,,AND,HIST,1
HIST301,,,,,,,,,,,,,,,,AND,HIST,1
HIST302,,,,,,,,,,,,,,,,AND,HIST,1
HIST304,,,,,,,,,,,,,,,,AND,HIST,1
HIST306,,,,,,,,,,,,,,,,AND,HIST,1
HIST307,,,,,,,,,,,,,,,,AND,HIST,1
HIST308A,,,,,,,,,,,,,,,,AND,HIST,1
HIST308B,,,,,,,,,,,,,,,,AND,HIST,1
HIST309,,,,,,,,,,,,,,,,AND,HIST,1
HIST310,,,,,,,,,,,,,,,,AND,HIST,1
HIST313,,,,,,,,,,,,,,,,AND,HIST,1
HIST315,,,,,,,,,,,,,,,,AND,HIST,1
HIST318A,,,,,,,,,,,,,,,,AND,HIST,1
HIST318B,,,,,,,,,,,,,,,,AND,HIST,1
HIST320,,,,,,,,,,,,,,,,AND,HIST,1
HIST321,,,,,,,,,,,,,,,,AND,HIST,1
HIST322,,,,,,,,,,,,,,,,AND,HIST,1
HIST323,HIST112A,HIST112B,HIST201,HIST130,,,,,,,,,,,,AND,HIST,1
HIST326,,,,,,,,,,,,,,,,AND,HIST,1
HIST330,,,,,,,,,,,,,,,,AND,HIST,1
HIST332,,,,,,,,,,,,,,,,AND,HIST,1
HIST333,,,,,,,,,,,,,,,,AND,HIST,1
HIST334A,,,,,,,,,,,,,,,,AND,HIST,1
HIST334B,,,,,,,,,,,,,,,,AND,HIST,1
HIST337,,,,,,,,,,,,,,,,AND,HIST,1
HIST338,,,,,,,,,,,,,,,,AND,HIST,1
HIST340,HIST130,,,,,,,,,,,,,,,AND,HIST,1
HIST342,,,,,,,,,,,,,,,,AND,HIST,1
HIST344A,,,,,,,,,,,,,,,,AND,HIST,1
HIST344B,,,,,,,,,,,,,,,,AND,HIST,1
HIST345A,,,,,,,,,,,,,,,,AND,HIST,1
HIST345B,,,,,,,,,,,,,,,,AND,HIST,1
HIST350A,,,,,,,,,,,,,,,,AND,HIST,1
HIST350B,,,,,,,,,,,,,,,,AND,HIST,1
HIST34,,,,,,,,,,,,,,,,AND,HIST,1
HIST356A,,,,,,,,,,,,,,,,AND,HIST,1
HIST356B,,,,,,,,,,,,,,,,AND,HIST,1
HIST358,,,,,,,,,,,,,,,,AND,HIST,1
HIST400,,,,,,,,,,,,,,,,AND,HIST,1
HIST401,,,,,,,,,,,,,,,,AND,HIST,1
HIST403,,,,,,,,,,,,,,,,AND,HIST,1
HIST410,,,,,,,,,,,,,,,,AND,HIST,1
HIST412,,,,,,,,,,,,,,,,AND,HIST,1
HIST413,,,,,,,,,,,,,,,,AND,HIST,1
HIST415,HIST111B,,,,,,,,,,,,,,,AND,HIST,1
HIST416,,,,,,,,,,,,,,,,AND,HIST,1
HIST420A,,,,,,,,,,,,,,,,AND,HIST,1
HIST420B,,,,,,,,,,,,,,,,AND,HIST,1
HIST422A,HIST111A,,,,,,,,,,,,,,,AND,HIST,1
HIST422B,HIST111B,,,,,,,,,,,,,,,AND,HIST,1
HIST422C,HIST111B,,,,,,,,,,,,,,,AND,HIST,1
HIST423A,,,,,,,,,,,,,,,,AND,HIST,1
HIST423B,,,,,,,,,,,,,,,,AND,HIST,1
HIST424,,,,,,,,,,,,,,,,AND,HIST,1
HIST425,,,,,,,,,,,,,,,,AND,HIST,1
HIST427,,,,,,,,,,,,,,,,AND,HIST,1
HIST428,,,,,,,,,,,,,,,,AND,HIST,1
HIST429,,,,,,,,,,,,,,,,AND,HIST,1
HIST430,,,,,,,,,,,,,,,,AND,HIST,1
HIST431,,,,,,,,,,,,,,,,AND,HIST,1
HIST433,,,,,,,,,,,,,,,,AND,HIST,1
HIST434,,,,,,,,,,,,,,,,AND,HIST,1
HIST439,,,,,,,,,,,,,,,,AND,HIST,1
HIST440,,,,,,,,,,,,,,,,AND,HIST,1
HIST442,,,,,,,,,,,,,,,,AND,HIST,1
HIST444,,,,,,,,,,,,,,,,AND,HIST,1
HIST445,,,,,,,,,,,,,,,,AND,HIST,1
HIST446,,,,,,,,,,,,,,,,AND,HIST,1
HIST447,,,,,,,,,,,,,,,,AND,HIST,1
HIST451,,,,,,,,,,,,,,,,AND,HIST,1
HIST452,,,,,,,,,,,,,,,,AND,HIST,1
HIST453,,,,,,,,,,,,,,,,AND,HIST,1
HIST454,,,,,,,,,,,,,,,,AND,HIST,1
HIST460,,,,,,,,,,,,,,,,AND,HIST,1
HIST461,,,,,,,,,,,,,,,,AND,HIST,1
HIST462,,,,,,,,,,,,,,,,AND,HIST,1
HIST470,,,,,,,,,,,,,,,,AND,HIST,1
HIST471,,,,,,,,,,,,,,,,AND,HIST,1
HIST490,,,,,,,,,,,,,,,,AND,HIST,1
HONS100,,,,,,,,,,,,,,,,AND,HONS,0
HONS120/121,,,,,,,,,,,,,,,,AND,HONS,0
HONS200,HONS100,,,,,,,,,,,,,,,AND,HONS,0
HONS250,HONS120/121,,,,,,,,,,,,,,,AND,HONS,0
HONS300,HONS100,,,,,,,,,,,,,,,AND,HONS,0
HONS320A,HONS250,,,,,,,,,,,,,,,AND,HONS,0
HONS320B,HONS250,,,,,,,,,,,,,,,AND,HONS,0
HONS420,,,,,,,,,,,,,,,,AND,HONS,0
HONS499,HONS100,,,,,,,,,,,,,,,AND,HONS,0
HUM150,,,,,,,,,,,,,,,,AND,HUM,1
HUM230,ENG101,ENG102,,,,,,,,,,,,,,AND,HUM,1
HUM310A,,,,,,,,,,,,,,,,AND,HUM,1
HUM310B,,,,,,,,,,,,,,,,AND,HUM,1
HUM400,,,,,,,,,,,,,,,,AND,HUM,1
HUM450,,,,,,,,,,,,,,,,AND,HUM,1
HUM460,,,,,,,,,,,,,,,,AND,HUM,1
HUM470,,,,,,,,,,,,,,,,AND,HUM,1
HUM490,,,,,,,,,,,,,,,,AND,HUM,1
HUM495,CS234,,,,,,,,,,,,,,,AND,HUM,1
IE106,,,,,,,,,,,,,,,,AND,IE,5
IE198,,,,,,,,,,,,,,,,AND,IE,5
IE199,,,,,,,,,,,,,,,,AND,IE,5
IE298,IE198,,,,,,,,,,,,,,,AND,IE,5
IE299,,,,,,,,,,,,,,,,AND,IE,5
IE335,,,,,,,,,,,,,,,,AND,IE,5
IE345,,,,,,,,,,,,,,,,AND,IE,5
IE370,CE242,,,,,,,,,,,,,,,AND,IE,5
IE375,,,,,,,,,,,,,,,,AND,IE,5
IE392,,,,,,,,,,,,,,,,AND,IE,5
IE398,IE298,,,,,,,,,,,,,,,AND,IE,5
IE399,,,,,,,,,,,,,,,,AND,IE,5
IE401,IE370,,,,,,,,,,,,,,,AND,IE,5
IE415,MATH250,,,,,,,,,,,,,,,AND,IE,5
IE427,,,,,,,,,,,,,,,,AND,IE,5
IE430,,,,,,,,,,,,,,,,AND,IE,5
IE431,,,,,,,,,,,,,,,,AND,IE,5
IE445,IE345,STAT380,,,,,,,,,,,,,,AND,IE,5
IE451,STAT380,,,,,,,,,,,,,,,OR,IE,5
IE458,,,,,,,,,,,,,,,,AND,IE,5
IE461,STAT380,STAT480A,,,,,,,,,,,,,,AND,IE,5
IE462,STAT380,,,,,,,,,,,,,,,AND,IE,5
IE463,STAT480B,STAT380,,,,,,,,,,,,,,AND,IE,5
IE464,STAT380,,,,,,,,,,,,,,,AND,IE,5
IE465,STAT380,,,,,,,,,,,,,,,AND,IE,5
IE466,IE370,,,,,,,,,,,,,,,AND,IE,5
IE467,IE465,,,,,,,,,,,,,,,AND,IE,5
IE468,IE461,OR441,,,,,,,,,,,,,,OR,IE,5
IE470,IE370,STAT380,,,,,,,,,,,,,,AND,IE,5
IE475,IE375,,,,,,,,,,,,,,,AND,IE,5
IE476,ECE210,,,,,,,,,,,,,,,AND,IE,5
IE477,IE470,IE476,,,,,,,,,,,,,,AND,IE,5
IE478,IE370,,,,,,,,,,,,,,,AND,IE,5
IE480,IE370,IE345,,,,,,,,,,,,,,AND,IE,5
IE482,IE345,IE370,,,,,,,,,,,,,,AND,IE,5
IE483,,,,,,,,,,,,,,,,AND,IE,5
IE484,IE415,IE451,,,,,,,,,,,,,,AND,IE,5
IE488,,,,,,,,,,,,,,,,AND,IE,5
IE490,IE483,IE484,,,,,,,,,,,,,,AND,IE,5
IE492,,,,,,,,,,,,,,,,AND,IE,5
INTG300,,,,,,,,,,,,,,,,AND,INTG,0
INTG499,INTG300,,,,,,,,,,,,,,,AND,INTG,0
INTS200,,,,,,,,,,,,,,,,AND,INTS,1
INTS400,,,,,,,,,,,,,,,,AND,INTS,1
INTS401,INTS200,,,,,,,,,,,,,,,AND,INTS,1
INTS499,INTS200,,,,,,,,,,,,,,,AND,INTS,1
IS302,,,,,,,,,,,,,,,,AND,IS,0
IS303,,,,,,,,,,,,,,,,AND,IS,0
IS305,,,,,,,,,,,,,,,,AND,IS,0
IS306,,,,,,,,,,,,,,,,AND,IS,0
IS309,,,,,,,,,,,,,,,,AND,IS,0
IS310,,,,,,,,,,,,,,,,AND,IS,0
IS319,,,,,,,,,,,,,,,,AND,IS,0
IS320,,,,,,,,,,,,,,,,AND,IS,0
IS321,,,,,,,,,,,,,,,,AND,IS,0
IS323,,,,,,,,,,,,,,,,AND,IS,0
IS324,,,,,,,,,,,,,,,,AND,IS,0
IS328,,,,,,,,,,,,,,,,AND,IS,0
IS331,,,,,,,,,,,,,,,,AND,IS,0
IS333,,,,,,,,,,,,,,,,AND,IS,0
IS334,,,,,,,,,,,,,,,,AND,IS,0
IS336,,,,,,,,,,,,,,,,AND,IS,0
IS340,,,,,,,,,,,,,,,,AND,IS,0
IS342,,,,,,,,,,,,,,,,AND,IS,0
IS343,,,,,,,,,,,,,,,,AND,IS,0
IS344,,,,,,,,,,,,,,,,AND,IS,0
IS353,,,,,,,,,,,,,,,,AND,IS,0
IS354,,,,,,,,,,,,,,,,AND,IS,0
IS361,,,,,,,,,,,,,,,,AND,IS,0
IS363,,,,,,,,,,,,,,,,AND,IS,0
IS364,,,,,,,,,,,,,,,,AND,IS,0
IS370,,,,,,,,,,,,,,,,AND,IS,0
IS372,,,,,,,,,,,,,,,,AND,IS,0
IS375,,,,,,,,,,,,,,,,AND,IS,0
IS376,,,,,,,,,,,,,,,,AND,IS,0
IS380,,,,,,,,,,,,,,,,AND,IS,0
IS386,,,,,,,,,,,,,,,,AND,IS,0
IS387,,,,,,,,,,,,,,,,AND,IS,0
IS399,,,,,,,,,,,,,,,,AND,IS,0
IS400,,,,,,,,,,,,,,,,AND,IS,0
IS403,,,,,,,,,,,,,,,,AND,IS,0
IS444,,,,,,,,,,,,,,,,AND,IS,0
IT100,,,,,,,,,,,,,,,,AND,IT,4
IT300,,,,,,,,,,,,,,,,AND,IT,4
IT410,,,,,,,,,,,,,,,,AND,IT,4
IT430,,,,,,,,,,,,,,,,AND,IT,4
IT435,,,,,,,,,,,,,,,,AND,IT,4
IT442,,,,,,,,,,,,,,,,AND,IT,4
IT443,,,,,,,,,,,,,,,,AND,IT,4
IT448,,,,,,,,,,,,,,,,AND,IT,4
IT450,,,,,,,,,,,,,,,,AND,IT,4
IT481,,,,,,,,,,,,,,,,AND,IT,4
IT486,,,,,,,,,,,,,,,,AND,IT,4
IT490,,,,,,,,,,,,,,,,AND,IT,4
ITAL101,,,,,,,,,,,,,,,,AND,ITAL,1
ITAL102,,,,,,,,,,,,,,,,AND,ITAL,1
ITAL104,,,,,,,,,,,,,,,,AND,ITAL,1
ITAL201,ITAL102,ITAL104,,,,,,,,,,,,,,OR,ITAL,1
ITAL202,ITAL102,,,,,,,,,,,,,,,AND,ITAL,1
ITAL220,ITAL102,,,,,,,,,,,,,,,AND,ITAL,1
ITAL311,ITAL202,,,,,,,,,,,,,,,AND,ITAL,1
ITAL499,ITAL202,,,,,,,,,,,,,,,AND,ITAL,1
KIN118,,,,,,,,,,,,,,,,AND,KIN,7
KIN155,,,,,,,,,,,,,,,,AND,KIN,7
KIN200,,,,,,,,,,,,,,,,AND,KIN,7
KIN203,,,,,,,,,,,,,,,,AND,KIN,7
KIN204,,,,,,,,,,,,,,,,AND,KIN,7
KIN205,,,,,,,,,,,,,,,,AND,KIN,7
KIN207,,,,,,,,,,,,,,,,AND,KIN,7
KIN211,,,,,,,,,,,,,,,,AND,KIN,7
KIN220,,,,,,,,,,,,,,,,AND,KIN,7
KIN230,,,,,,,,,,,,,,,,AND,KIN,7
KIN243,,,,,,,,,,,,,,,,AND,KIN,7
KIN270,,,,,,,,,,,,,,,,AND,KIN,7
KIN275,,,,,,,,,,,,,,,,AND,KIN,7
KIN308,,,,,,,,,,,,,,,,AND,KIN,7
KIN310,KIN275,,,,,,,,,,,,,,,AND,KIN,7
KIN315,BIOL240A,,,,,,,,,,,,,,,AND,KIN,7
KIN316,KIN315,,,,,,,,,,,,,,,AND,KIN,7
KIN319,,,,,,,,,,,,,,,,AND,KIN,7
KIN321,KIN315,,,,,,,,,,,,,,,AND,KIN,7
KIN330,CIED100,,,,,,,,,,,,,,,AND,KIN,7
KIN334,,,,,,,,,,,,,,,,AND,KIN,7
KIN340,,,,,,,,,,,,,,,,AND,KIN,7
KIN350,BIOL240B,,,,,,,,,,,,,,,AND,KIN,7
KIN355,NUTR319,KIN350,,,,,,,,,,,,,,OR,KIN,7
KIN370,KIN315,,,,,,,,,,,,,,,AND,KIN,7
KIN373,,,,,,,,,,,,,,,,AND,KIN,7
KIN401,,,,,,,,,,,,,,,,AND,KIN,7
KIN412,KIN350,NUTR319,,,,,,,,,,,,,,OR,KIN,7
KIN416,KIN350,,,,,,,,,,,,,,,AND,KIN,7
KIN417,KIN350,,,,,,,,,,,,,,,AND,KIN,7
KIN418,,,,,,,,,,,,,,,,AND,KIN,7
KIN426,KIN350,,,,,,,,,,,,,,,AND,KIN,7
KIN460,KIN416,,,,,,,,,,,,,,,AND,KIN,7
KIN464,KIN416,,,,,,,,,,,,,,,AND,KIN,7
KIN480,,,,,,,,,,,,,,,,AND,KIN,7
KIN490,,,,,,,,,,,,,,,,AND,KIN,7
KIN499,,,,,,,,,,,,,,,,AND,KIN,7
LAT101,,,,,,,,,,,,,,,,AND,LAT,1
LAT102,LAT101,,,,,,,,,,,,,,,AND,LAT,1
LAT201,LAT102,,,,,,,,,,,,,,,AND,LAT,1
LAT202,LAT102,,,,,,,,,,,,,,,AND,LAT,1
LAT499A,,,,,,,,,,,,,,,,AND,LAT,1
LAT499B,LAT499A,,,,,,,,,,,,,,,AND,LAT,1
LAT499C,LAT499B,,,,,,,,,,,,,,,AND,LAT,1
LAT499D,LAT499C,,,,,,,,,,,,,,,AND,LAT,1
LAT499E,LAT499D,,,,,,,,,,,,,,,AND,LAT,1
LAT499F,LAT499E,,,,,,,,,,,,,,,AND,LAT,1
LIBS198,,,,,,,,,,,,,,,,AND,LIBS,0
LIBS199,,,,,,,,,,,,,,,,AND,LIBS,0
LIBS298,,,,,,,,,,,,,,,,AND,LIBS,0
LIBS299,,,,,,,,,,,,,,,,AND,LIBS,0
LIBS300,,,,,,,,,,,,,,,,AND,LIBS,0
LIBS397,,,,,,,,,,,,,,,,AND,LIBS,0
LIBS398,,,,,,,,,,,,,,,,AND,LIBS,0
LIBS399,,,,,,,,,,,,,,,,AND,LIBS,0
LIBS400,,,,,,,,,,,,,,,,AND,LIBS,0
MATH112A,,,,,,,,,,,,,,,,AND,MATH,5
MATH112B,MATH112A,,,,,,,,,,,,,,,AND,MATH,5
MATH112C,MATH112B,,,,,,,,,,,,,,,AND,MATH,5
MATH120,,,,,,,,,,,,,,,,AND,MATH,5
MATH125,MATH120,,,,,,,,,,,,,,,OR,MATH,5
MATH145,MATH125,,,,,,,,,,,,,,,AND,MATH,5
MATH150,MATH125,,,,,,,,,,,,,,,AND,MATH,5
MATH152,MATH150,,,,,,,,,,,,,,,AND,MATH,5
MATH165,MATH150,,,,,,,,,,,,,,,AND,MATH,5
MATH223,MATH150,,,,,,,,,,,,,,,AND,MATH,5
MATH224,CS140,,,,,,,,,,,,,,,AND,MATH,5
MATH250,MATH152,,,,,,,,,,,,,,,AND,MATH,5
MATH300,MATH150,,,,,,,,,,,,,,,OR,MATH,5
MATH305,MATH250,,,,,,,,,,,,,,,AND,MATH,5
MATH310,MATH112A,MATH112B,,,,,,,,,,,,,,AND,MATH,5
MATH311,,,,,,,,,,,,,,,,AND,MATH,5
MATH315,MATH125,,,,,,,,,,,,,,,AND,MATH,5
MATH321,MATH152,,,,,,,,,,,,,,,AND,MATH,5
MATH340,MATH152,,,,,,,,,,,,,,,AND,MATH,5
MATH350,MATH223,MATH250,,,,,,,,,,,,,,AND,MATH,5
MATH355,MATH305,,,,,,,,,,,,,,,AND,MATH,5
MATH400,MATH152,MATH223,,,,,,,,,,,,,,AND,MATH,5
MATH411,MATH311,,,,,,,,,,,,,,,AND,MATH,5
MATH416A,,,,,,,,,,,,,,,,AND,MATH,5
MATH416B,,,,,,,,,,,,,,,,AND,MATH,5
MATH416C,,,,,,,,,,,,,,,,AND,MATH,5
MATH416D,,,,,,,,,,,,,,,,AND,MATH,5
MATH416E,,,,,,,,,,,,,,,,AND,MATH,5
MATH416F,,,,,,,,,,,,,,,,AND,MATH,5
MATH416G,,,,,,,,,,,,,,,,AND,MATH,5
MATH416H,,,,,,,,,,,,,,,,AND,MATH,5
MATH416I,,,,,,,,,,,,,,,,AND,MATH,5
MATH420,MATH320,,,,,,,,,,,,,,,AND,MATH,5
MATH421,MATH223,MATH250,MATH321,,,,,,,,,,,,,AND,MATH,5
MATH423,MATH223,,,,,,,,,,,,,,,AND,MATH,5
MATH430,MATH350,,,,,,,,,,,,,,,AND,MATH,5
MATH435,MATH250,MATH321,MATH320,MATH350,,,,,,,,,,,,AND,MATH,5
MATH437,MATH250,MATH321,,,,,,,,,,,,,,AND,MATH,5
MATH450,MATH350,,,,,,,,,,,,,,,AND,MATH,5
MATH451,MATH350,,,,,,,,,,,,,,,AND,MATH,5
MATH462,MATH250,MATH305,CS140,,,,,,,,,,,,,AND,MATH,5
MATH464,MATH223,MATH250,MATH305,MATH321,,,,,,,,,,,,AND,MATH,5
MATH490A,,,,,,,,,,,,,,,,AND,MATH,5
MATH490B,,,,,,,,,,,,,,,,AND,MATH,5
MATH490C,,,,,,,,,,,,,,,,AND,MATH,5
MATH490D,,,,,,,,,,,,,,,,AND,MATH,5
MATH490E,,,,,,,,,,,,,,,,AND,MATH,5
MATH490F,,,,,,,,,,,,,,,,AND,MATH,5
MATH490G,,,,,,,,,,,,,,,,AND,MATH,5
MATH490H,,,,,,,,,,,,,,,,AND,MATH,5
MATH495A,,,,,,,,,,,,,,,,AND,MATH,5
MATH495B,,,,,,,,,,,,,,,,AND,MATH,5
MATH495C,,,,,,,,,,,,,,,,AND,MATH,5
MATH495D,,,,,,,,,,,,,,,,AND,MATH,5
MATH495E,,,,,,,,,,,,,,,,AND,MATH,5
MATH495F,,,,,,,,,,,,,,,,AND,MATH,5
MATH495G,,,,,,,,,,,,,,,,AND,MATH,5
MATH498,MATH150,MATH321,MATH250,MATH350,CS140,,,,,,,,,,,AND,MATH,5
MATH499,MATH498,,,,,,,,,,,,,,,AND,MATH,5
MC103,,,,,,,,,,,,,,,,AND,MC,1
MC201,,,,,,,,,,,,,,,,AND,MC,1
MC202,,,,,,,,,,,,,,,,AND,MC,1
MC204,MC202,,,,,,,,,,,,,,,AND,MC,1
MC301,MC204,,,,,,,,,,,,,,,AND,MC,1
MC321,MC202,,,,,,,,,,,,,,,AND,MC,1
MC322,MC202,,,,,,,,,,,,,,,AND,MC,1
MC323,MC202,,,,,,,,,,,,,,,AND,MC,1
MC324,MC202,,,,,,,,,,,,,,,AND,MC,1
MC325,,,,,,,,,,,,,,,,AND,MC,1
MC326,MC323,MC325,,,,,,,,,,,,,,AND,MC,1
MC327,,,,,,,,,,,,,,,,AND,MC,1
MC330,MC204,,,,,,,,,,,,,,,AND,MC,1
MC331,,,,,,,,,,,,,,,,AND,MC,1
MC332,MC204,,,,,,,,,,,,,,,AND,MC,1
MC333,MC204,,,,,,,,,,,,,,,AND,MC,1
MC334,MC204,MC325,,,,,,,,,,,,,,AND,MC,1
MC341,MC202,,,,,,,,,,,,,,,AND,MC,1
MC342,MC202,,,,,,,,,,,,,,,AND,MC,1
MC351,,,,,,,,,,,,,,,,AND,MC,1
MC353,,,,,,,,,,,,,,,,AND,MC,1
MC389,MC325,,,,,,,,,,,,,,,AND,MC,1
MC401,,,,,,,,,,,,,,,,AND,MC,1
MC402,,,,,,,,,,,,,,,,AND,MC,1
MC403,,,,,,,,,,,,,,,,AND,MC,1
MC421,MC326,MC334,,,,,,,,,,,,,,OR,MC,1
MC422,MC202,,,,,,,,,,,,,,,AND,MC,1
MC423A,,,,,,,,,,,,,,,,AND,MC,1
MC423B,,,,,,,,,,,,,,,,AND,MC,1
MC424,MC202,,,,,,,,,,,,,,,AND,MC,1
MC431,,,,,,,,,,,,,,,,AND,MC,1
MC433,,,,,,,,,,,,,,,,AND,MC,1
MC435,,,,,,,,,,,,,,,,AND,MC,1
MC440,,,,,,,,,,,,,,,,AND,MC,1
MC441,MC327,,,,,,,,,,,,,,,AND,MC,1
MC442,,,,,,,,,,,,,,,,AND,MC,1
MC443,MC204,,,,,,,,,,,,,,,AND,MC,1
MC447,MC342,,,,,,,,,,,,,,,AND,MC,1
MC449,,,,,,,,,,,,,,,,AND,MC,1
MC451,,,,,,,,,,,,,,,,AND,MC,1
MC452,,,,,,,,,,,,,,,,AND,MC,1
MC453,,,,,,,,,,,,,,,,AND,MC,1
MC454,MC204,MC332,MC333,MC334,MC431,,,,,,,,,,,AND,MC,1
MC455,,,,,,,,,,,,,,,,AND,MC,1
MC456,ENG101,,,,,,,,,,,,,,,OR,MC,1
MC471,,,,,,,,,,,,,,,,AND,MC,1
MC472,,,,,,,,,,,,,,,,AND,MC,1
MC475,MC441,,,,,,,,,,,,,,,AND,MC,1
MC478,,,,,,,,,,,,,,,,AND,MC,1
MC481,,,,,,,,,,,,,,,,AND,MC,1
MC482,,,,,,,,,,,,,,,,AND,MC,1
MC491,,,,,,,,,,,,,,,,AND,MC,1
MC495,,,,,,,,,,,,,,,,AND,MC,1
MC499,,,,,,,,,,,,,,,,AND,MC,1
ME192,MATH150,,,,,,,,,,,,,,,AND,ME,5
ME198,,,,,,,,,,,,,,,,AND,ME,5
ME199,,,,,,,,,,,,,,,,AND,ME,5
ME244,PHYS141/151/151L,,,,,,,,,,,,,,,OR,ME,5
ME262,CE240,,,,,,,,,,,,,,,AND,ME,5
ME298,ME198,,,,,,,,,,,,,,,AND,ME,5
ME299,,,,,,,,,,,,,,,,AND,ME,5
ME310,ME262,MATH250,,,,,,,,,,,,,,AND,ME,5
ME312,ME310,,,,,,,,,,,,,,,AND,ME,5
ME315,CE242,,,,,,,,,,,,,,,AND,ME,5
ME350,ME262,ME354,,,,,,,,,,,,,,AND,ME,5
ME354,MATH305,,,,,,,,,,,,,,,AND,ME,5
ME356,ME354,ME262,ECE210,,,,,,,,,,,,,AND,ME,5
ME356L,ME356,,,,,,,,,,,,,,,AND,ME,5
ME370,CE242,,,,,,,,,,,,,,,AND,ME,5
ME380,ME354,CE242,,,,,,,,,,,,,,AND,ME,5
ME380L,ME380,,,,,,,,,,,,,,,AND,ME,5
ME398,ME298,,,,,,,,,,,,,,,AND,ME,5
ME399,,,,,,,,,,,,,,,,AND,ME,5
ME410,ME310,ME315,,,,,,,,,,,,,,AND,ME,5
ME410L,ME410,,,,,,,,,,,,,,,AND,ME,5
ME412,ME312,ME315,,,,,,,,,,,,,,AND,ME,5
ME414,ME315,ME310,,,,,,,,,,,,,,AND,ME,5
ME416,ME410,,,,,,,,,,,,,,,AND,ME,5
ME417,ME310,ME315,,,,,,,,,,,,,,AND,ME,5
ME418,ME410,ME312,,,,,,,,,,,,,,AND,ME,5
ME419,ME312,ME315,,,,,,,,,,,,,,AND,ME,5
ME420,ME410,,,,,,,,,,,,,,,AND,ME,5
ME426,,,,,,,,,,,,,,,,AND,ME,5
ME432,ME350,MRE358,,,,,,,,,,,,,,AND,ME,5
ME433,,,,,,,,,,,,,,,,AND,ME,5
ME438,,,,,,,,,,,,,,,,AND,ME,5
ME442,ME315,ME356,ME370,ME380,,,,,,,,,,,,AND,ME,5
ME450,ME356,,,,,,,,,,,,,,,AND,ME,5
ME452,ME262,MATH305,CE242,,,,,,,,,,,,,AND,ME,5
ME454,,,,,,,,,,,,,,,,AND,ME,5
ME456,ECE210,ME262,ME315,MATH305,,,,,,,,,,,,AND,ME,5
ME458,ME356,,,,,,,,,,,,,,,AND,ME,5
ME460,,,,,,,,,,,,,,,,AND,ME,5
ME466,ME450,ECE365,,,,,,,,,,,,,,OR,ME,5
ME470,ME370,CE242,,,,,,,,,,,,,,AND,ME,5
ME472,ME370,CE242,,,,,,,,,,,,,,AND,ME,5
ME474,ME370,CE242,,,,,,,,,,,,,,AND,ME,5
ME476,ME380,MATH305,,,,,,,,,,,,,,AND,ME,5
ME482,ME350,ME370,ME380,,,,,,,,,,,,,AND,ME,5
ME484,ME482,,,,,,,,,,,,,,,AND,ME,5
ME492,,,,,,,,,,,,,,,,AND,ME,5
MGMT330,,,,,,,,,,,,,,,,AND,MGMT,3
MGMT331,,,,,,,,,,,,,,,,AND,MGMT,3
MGMT341,,,,,,,,,,,,,,,,AND,MGMT,3
MGMT377,MS251,ACCT200,MGMT330,,,,,,,,,,,,,AND,MGMT,3
MGMT425,MGMT330,,,,,,,,,,,,,,,AND,MGMT,3
MGMT430,MGMT330,MGMT331,,,,,,,,,,,,,,AND,MGMT,3
MGMT431,MGMT430,,,,,,,,,,,,,,,AND,MGMT,3
MGMT432,MGMT430,,,,,,,,,,,,,,,AND,MGMT,3
MGMT433,MGMT430,,,,,,,,,,,,,,,AND,MGMT,3
MGMT441,MKTG300,CMIS342,FIN320,MGMT330,MGMT331,,,,,,,,,,,AND,MGMT,3
MGMT445,MGMT331,,,,,,,,,,,,,,,AND,MGMT,3
MGMT461,MGMT341,,,,,,,,,,,,,,,AND,MGMT,3
MGMT470,MGMT330,MGMT331,,,,,,,,,,,,,,AND,MGMT,3
MGMT475,MGMT341,,,,,,,,,,,,,,,AND,MGMT,3
MGMT476,MGMT475,,,,,,,,,,,,,,,AND,MGMT,3
MGMT485,MGMT341,,,,,,,,,,,,,,,AND,MGMT,3
MGMT488,,,,,,,,,,,,,,,,AND,MGMT,3
MGMT490,,,,,,,,,,,,,,,,AND,MGMT,3
MGMT495,MGMT341,,,,,,,,,,,,,,,AND,MGMT,3
MKTG300,,,,,,,,,,,,,,,,AND,MKTG,3
MKTG377,MKTG300,MS251,,,,,,,,,,,,,,AND,MKTG,3
MKTG456,MKTG300,,,,,,,,,,,,,,,AND,MKTG,3
MKTG466,MKTG300,,,,,,,,,,,,,,,AND,MKTG,3
MKTG467,MKTG300,,,,,,,,,,,,,,,AND,MKTG,3
MKTG468,MKTG300,,,,,,,,,,,,,,,AND,MKTG,3
MKTG470,MKTG300,,,,,,,,,,,,,,,AND,MKTG,3
MKTG471,MKTG300,,,,,,,,,,,,,,,AND,MKTG,3
MKTG472,MKTG300,,,,,,,,,,,,,,,AND,MKTG,3
MKTG474,MKTG300,,,,,,,,,,,,,,,AND,MKTG,3
MKTG475,MKTG300,,,,,,,,,,,,,,,AND,MKTG,3
MKTG476,MKTG300,,,,,,,,,,,,,,,AND,MKTG,3
MKTG479,MKTG300,,,,,,,,,,,,,,,AND,MKTG,3
MKTG480,MKTG377,,,,,,,,,,,,,,,AND,MKTG,3
MKTG488,,,,,,,,,,,,,,,,AND,MKTG,3
MKTG490,,,,,,,,,,,,,,,,AND,MKTG,3
MRE198,,,,,,,,,,,,,,,,AND,MRE,5
MRE199,,,,,,,,,,,,,,,,AND,MRE,5
MRE298,MRE198,,,,,,,,,,,,,,,AND,MRE,5
MRE299,,,,,,,,,,,,,,,,AND,MRE,5
MRE320,ME356,,,,,,,,,,,,,,,AND,MRE,5
MRE358,ME356,,,,,,,,,,,,,,,AND,MRE,5
MRE380,CE242,ME354,,,,,,,,,,,,,,AND,MRE,5
MRE398,MRE298,,,,,,,,,,,,,,,AND,MRE,5
MRE399,,,,,,,,,,,,,,,,AND,MRE,5
MRE424,ME450,ECE282,,,,,,,,,,,,,,OR,MRE,5
MRE426,,,,,,,,,,,,,,,,AND,MRE,5
MRE454,,,,,,,,,,,,,,,,AND,MRE,5
MRE477,IE470,IE476,,,,,,,,,,,,,,AND,MRE,5
MRE480,ECE211,MRE320,MRE358,MRE454,,,,,,,,,,,,AND,MRE,5
MRE481,MRE480,,,,,,,,,,,,,,,AND,MRE,5
MRE492,,,,,,,,,,,,,,,,AND,MRE,5
MS250,MATH120,ECON112,,,,,,,,,,,,,,AND,MS,3
MS251,MS250,ECON111,ECON112,,,,,,,,,,,,,AND,MS,3
MSC101,,,,,,,,,,,,,,,,AND,MSC,0
MSC102,,,,,,,,,,,,,,,,AND,MSC,0
MSC122,,,,,,,,,,,,,,,,AND,MSC,0
MSC201,MSC102,MSC102,,,,,,,,,,,,,,AND,MSC,0
MSC202,MSC201,,,,,,,,,,,,,,,AND,MSC,0
MSC301,MSC202,,,,,,,,,,,,,,,AND,MSC,0
MSC302,MSC301,,,,,,,,,,,,,,,AND,MSC,0
MSC401,MSC302,,,,,,,,,,,,,,,AND,MSC,0
MSC402,MSC401,,,,,,,,,,,,,,,AND,MSC,0
MSC490,,,,,,,,,,,,,,,,AND,MSC,0
MSC495,,,,,,,,,,,,,,,,AND,MSC,0
MUS100,,,,,,,,,,,,,,,,AND,MUS,2
MUS101,,,,,,,,,,,,,,,,AND,MUS,2
MUS105,,,,,,,,,,,,,,,,AND,MUS,2
MUS111,,,,,,,,,,,,,,,,AND,MUS,2
MUS112,,,,,,,,,,,,,,,,AND,MUS,2
MUS113,,,,,,,,,,,,,,,,AND,MUS,2
MUS114,,,,,,,,,,,,,,,,AND,MUS,2
MUS115A,,,,,,,,,,,,,,,,AND,MUS,2
MUS115B,MUS115A,,,,,,,,,,,,,,,AND,MUS,2
MUS116,,,,,,,,,,,,,,,,AND,MUS,2
MUS120A,,,,,,,,,,,,,,,,AND,MUS,2
MUS120B,MUS120A,,,,,,,,,,,,,,,AND,MUS,2
MUS121A/125A/126A,MUS120B,,,,,,,,,,,,,,,AND,MUS,2
MUS121B/125B/126B,MUS121A/125A/126A,,,,,,,,,,,,,,,AND,MUS,2
MUS124,,,,,,,,,,,,,,,,AND,MUS,2
MUS139A,MUS140Q,,,,,,,,,,,,,,,AND,MUS,2
MUS139B,MUS140Q,,,,,,,,,,,,,,,AND,MUS,2
MUS140A,,,,,,,,,,,,,,,,AND,MUS,2
MUS140B,,,,,,,,,,,,,,,,AND,MUS,2
MUS140C,,,,,,,,,,,,,,,,AND,MUS,2
MUS140D,,,,,,,,,,,,,,,,AND,MUS,2
MUS140E,,,,,,,,,,,,,,,,AND,MUS,2
MUS140F,,,,,,,,,,,,,,,,AND,MUS,2
MUS140G,,,,,,,,,,,,,,,,AND,MUS,2
MUS140H,,,,,,,,,,,,,,,,AND,MUS,2
MUS140I,,,,,,,,,,,,,,,,AND,MUS,2
MUS140J,,,,,,,,,,,,,,,,AND,MUS,2
MUS140K,,,,,,,,,,,,,,,,AND,MUS,2
MUS140L,,,,,,,,,,,,,,,,AND,MUS,2
MUS140M,,,,,,,,,,,,,,,,AND,MUS,2
MUS140N,,,,,,,,,,,,,,,,AND,MUS,2
MUS140O,,,,,,,,,,,,,,,,AND,MUS,2
MUS140Q,,,,,,,,,,,,,,,,AND,MUS,2
MUS140R,,,,,,,,,,,,,,,,AND,MUS,2
MUS140S,,,,,,,,,,,,,,,,AND,MUS,2
MUS140T,,,,,,,,,,,,,,,,AND,MUS,2
MUS140U,,,,,,,,,,,,,,,,AND,MUS,2
MUS140W,,,,,,,,,,,,,,,,AND,MUS,2
MUS141D,,,,,,,,,,,,,,,,AND,MUS,2
MUS141I,,,,,,,,,,,,,,,,AND,MUS,2
MUS141K,,,,,,,,,,,,,,,,AND,MUS,2
MUS141M,,,,,,,,,,,,,,,,AND,MUS,2
MUS141J,,,,,,,,,,,,,,,,AND,MUS,2
MUS141N,,,,,,,,,,,,,,,,AND,MUS,2
MUS141Q,,,,,,,,,,,,,,,,AND,MUS,2
MUS141U,,,,,,,,,,,,,,,,AND,MUS,2
MUS144,,,,,,,,,,,,,,,,AND,MUS,2
MUS146,,,,,,,,,,,,,,,,AND,MUS,2
MUS165A,,,,,,,,,,,,,,,,AND,MUS,2
MUS165B,,,,,,,,,,,,,,,,AND,MUS,2
MUS201,,,,,,,,,,,,,,,,AND,MUS,2
MUS212A,MUS121B/125B/126B,,,,,,,,,,,,,,,AND,MUS,2
MUS212B,MUS121B/125B/126B,,,,,,,,,,,,,,,AND,MUS,2
MUS221A,MUS121B/125B/126B,,,,,,,,,,,,,,,AND,MUS,2
MUS221B,MUS221A,,,,,,,,,,,,,,,AND,MUS,2
MUS222,,,,,,,,,,,,,,,,AND,MUS,2
MUS225A,MUS111,MUS121B/125B/126B,,,,,,,,,,,,,,AND,MUS,2
MUS225B,MUS225A,,,,,,,,,,,,,,,AND,MUS,2
MUS227,MUS225A,,,,,,,,,,,,,,,AND,MUS,2
MUS230,,,,,,,,,,,,,,,,AND,MUS,2
MUS231,,,,,,,,,,,,,,,,AND,MUS,2
MUS233,,,,,,,,,,,,,,,,AND,MUS,2
MUS240A,MUS140A,,,,,,,,,,,,,,,AND,MUS,2
MUS240B,MUS140B,,,,,,,,,,,,,,,AND,MUS,2
MUS240C,MUS140C,,,,,,,,,,,,,,,AND,MUS,2
MUS240D,MUS140D,,,,,,,,,,,,,,,AND,MUS,2
MUS240E,MUS140E,,,,,,,,,,,,,,,AND,MUS,2
MUS240F,MUS140F,,,,,,,,,,,,,,,AND,MUS,2
MUS240G,MUS140G,,,,,,,,,,,,,,,AND,MUS,2
MUS240H,MUS140H,,,,,,,,,,,,,,,AND,MUS,2
MUS240I,MUS140I,,,,,,,,,,,,,,,AND,MUS,2
MUS240J,MUS140J,,,,,,,,,,,,,,,AND,MUS,2
MUS240K,MUS140K,,,,,,,,,,,,,,,AND,MUS,2
MUS240L,MUS140L,,,,,,,,,,,,,,,AND,MUS,2
MUS240M,MUS140M,,,,,,,,,,,,,,,AND,MUS,2
MUS240N,MUS140N,,,,,,,,,,,,,,,AND,MUS,2
MUS240O,MUS140O,,,,,,,,,,,,,,,AND,MUS,2
MUS240P,MUS140P,,,,,,,,,,,,,,,AND,MUS,2
MUS240Q,MUS140Q,,,,,,,,,,,,,,,AND,MUS,2
MUS240R,MUS140R,,,,,,,,,,,,,,,AND,MUS,2
MUS240S,MUS140S,,,,,,,,,,,,,,,AND,MUS,2
MUS240T,MUS140T,,,,,,,,,,,,,,,AND,MUS,2
MUS240U,MUS140U,,,,,,,,,,,,,,,AND,MUS,2
MUS240W,MUS140W,,,,,,,,,,,,,,,AND,MUS,2
MUS241D,MUS141D,,,,,,,,,,,,,,,AND,MUS,2
MUS241I,MUS141I,,,,,,,,,,,,,,,AND,MUS,2
MUS241J,MUS141J,,,,,,,,,,,,,,,AND,MUS,2
MUS241K,MUS141K,,,,,,,,,,,,,,,AND,MUS,2
MUS241M,MUS141M,,,,,,,,,,,,,,,AND,MUS,2
MUS241N,MUS141N,,,,,,,,,,,,,,,AND,MUS,2
MUS241Q,MUS141Q,,,,,,,,,,,,,,,AND,MUS,2
MUS241U,MUS141U,,,,,,,,,,,,,,,AND,MUS,2
MUS244,,,,,,,,,,,,,,,,AND,MUS,2
MUS267,MUS121A/125A/126A,,,,,,,,,,,,,,,AND,MUS,2
MUS300,,,,,,,,,,,,,,,,AND,MUS,2
MUS301A,MUS112,MUS115B,MUS116,MUS201,MUS221B,MUS318B,CI200,,,,,,,,,AND,MUS,2
MUS301B,MUS112,MUS115B,MUS116,MUS201,MUS221B,MUS318B,CI200,,,,,,,,,AND,MUS,2
MUS301C,MUS112,MUS115B,MUS116,MUS201,MUS221B,MUS318B,CI200,,,,,,,,,AND,MUS,2
MUS305,,,,,,,,,,,,,,,,AND,MUS,2
MUS309,MUS225B,,,,,,,,,,,,,,,AND,MUS,2
MUS312A,MUS227,,,,,,,,,,,,,,,AND,MUS,2
MUS312B,MUS227,,,,,,,,,,,,,,,AND,MUS,2
MUS318A,MUS225B,,,,,,,,,,,,,,,AND,MUS,2
MUS318B,MUS318A,,,,,,,,,,,,,,,AND,MUS,2
MUS322,,,,,,,,,,,,,,,,AND,MUS,2
MUS326,MUS225B,,,,,,,,,,,,,,,AND,MUS,2
MUS330,,,,,,,,,,,,,,,,AND,MUS,2
MUS331,MUS231,,,,,,,,,,,,,,,AND,MUS,2
MUS333,,,,,,,,,,,,,,,,AND,MUS,2
MUS337,,,,,,,,,,,,,,,,AND,MUS,2
MUS338,,,,,,,,,,,,,,,,AND,MUS,2
MUS340A,MUS240A,,,,,,,,,,,,,,,AND,MUS,2
MUS340B,MUS240B,,,,,,,,,,,,,,,AND,MUS,2
MUS340C,MUS240C,,,,,,,,,,,,,,,AND,MUS,2
MUS340D,MUS240D,,,,,,,,,,,,,,,AND,MUS,2
MUS340E,MUS240E,,,,,,,,,,,,,,,AND,MUS,2
MUS340F,MUS240F,,,,,,,,,,,,,,,AND,MUS,2
MUS340G,MUS240G,,,,,,,,,,,,,,,AND,MUS,2
MUS340H,MUS240H,,,,,,,,,,,,,,,AND,MUS,2
MUS340I,MUS240I,,,,,,,,,,,,,,,AND,MUS,2
MUS340J,MUS240J,,,,,,,,,,,,,,,AND,MUS,2
MUS340K,MUS240K,,,,,,,,,,,,,,,AND,MUS,2
MUS340L,MUS240L,,,,,,,,,,,,,,,AND,MUS,2
MUS340M,MUS240M,,,,,,,,,,,,,,,AND,MUS,2
MUS340N,MUS240N,,,,,,,,,,,,,,,AND,MUS,2
MUS340O,MUS240O,,,,,,,,,,,,,,,AND,MUS,2
MUS340P,MUS240P,,,,,,,,,,,,,,,AND,MUS,2
MUS340Q,MUS240Q,,,,,,,,,,,,,,,AND,MUS,2
MUS340R,MUS240R,,,,,,,,,,,,,,,AND,MUS,2
MUS340S,MUS240S,,,,,,,,,,,,,,,AND,MUS,2
MUS340T,MUS240T,,,,,,,,,,,,,,,AND,MUS,2
MUS340U,MUS240U,,,,,,,,,,,,,,,AND,MUS,2
MUS340W,MUS240W,,,,,,,,,,,,,,,AND,MUS,2
MUS341D,MUS241D,,,,,,,,,,,,,,,AND,MUS,2
MUS341I,MUS241I,,,,,,,,,,,,,,,AND,MUS,2
MUS341J,MUS241J,,,,,,,,,,,,,,,AND,MUS,2
MUS3141K,MUS241K,,,,,,,,,,,,,,,AND,MUS,2
MUS341M,MUS241M,,,,,,,,,,,,,,,AND,MUS,2
MUS341N,MUS241N,,,,,,,,,,,,,,,AND,MUS,2
MUS341Q,MUS241Q,,,,,,,,,,,,,,,AND,MUS,2
MUS341U,MUS241U,,,,,,,,,,,,,,,AND,MUS,2
MUS342,,,,,,,,,,,,,,,,AND,MUS,2
MUS343,,,,,,,,,,,,,,,,AND,MUS,2
MUS335A,,,,,,,,,,,,,,,,AND,MUS,2
MUS335B,,,,,,,,,,,,,,,,AND,MUS,2
MUS335C,,,,,,,,,,,,,,,,AND,MUS,2
MUS335D,,,,,,,,,,,,,,,,AND,MUS,2
MUS365,,,,,,,,,,,,,,,,AND,MUS,2
MUS367A,MUS267,MUS121B/125B/126B,,,,,,,,,,,,,,AND,MUS,2
MUS367B,MUS367A,,,,,,,,,,,,,,,AND,MUS,2
MUS377,,,,,,,,,,,,,,,,AND,MUS,2
MUS395A,,,,,,,,,,,,,,,,AND,MUS,2
MUS395B,,,,,,,,,,,,,,,,AND,MUS,2
MUS400A,,,,,,,,,,,,,,,,AND,MUS,2
MUS400B,,,,,,,,,,,,,,,,AND,MUS,2
MUS400C,,,,,,,,,,,,,,,,AND,MUS,2
MUS400E,,,,,,,,,,,,,,,,AND,MUS,2
MUS400H,,,,,,,,,,,,,,,,AND,MUS,2
MUS400J,,,,,,,,,,,,,,,,AND,MUS,2
MUS400P,,,,,,,,,,,,,,,,AND,MUS,2
MUS400T,,,,,,,,,,,,,,,,AND,MUS,2
MUS400Z,,,,,,,,,,,,,,,,AND,MUS,2
MUS401,,,,,,,,,,,,,,,,AND,MUS,2
MUS409A,MUS225B,MUS231,,,,,,,,,,,,,,AND,MUS,2
MUS409B,MUS409A,,,,,,,,,,,,,,,AND,MUS,2
MUS411A,MUS225B,,,,,,,,,,,,,,,AND,MUS,2
MUS411B,MUS225B,,,,,,,,,,,,,,,AND,MUS,2
MUS411C,MUS225B,,,,,,,,,,,,,,,AND,MUS,2
MUS411D,MUS225B,,,,,,,,,,,,,,,AND,MUS,2
MUS411E,MUS225B,,,,,,,,,,,,,,,AND,MUS,2
MUS411G,MUS225B,,,,,,,,,,,,,,,AND,MUS,2
MUS412A,MUS312B,,,,,,,,,,,,,,,AND,MUS,2
MUS412B,MUS312B,,,,,,,,,,,,,,,AND,MUS,2
MUS413A,,,,,,,,,,,,,,,,AND,MUS,2
MUS413B,,,,,,,,,,,,,,,,AND,MUS,2
MUS415,,,,,,,,,,,,,,,,AND,MUS,2
MUS419,,,,,,,,,,,,,,,,AND,MUS,2
MUS420,,,,,,,,,,,,,,,,AND,MUS,2
MUS422,MUS322,,,,,,,,,,,,,,,AND,MUS,2
MUS426A,MUS326,,,,,,,,,,,,,,,AND,MUS,2
MUS430,MUS225B,MUS330,,,,,,,,,,,,,,AND,MUS,2
MUS433,,,,,,,,,,,,,,,,AND,MUS,2
MUS436,MUS225B,,,,,,,,,,,,,,,AND,MUS,2
MUS439,,,,,,,,,,,,,,,,AND,MUS,2
MUS440A,MUS340A,,,,,,,,,,,,,,,AND,MUS,2
MUS440B,MUS340B,,,,,,,,,,,,,,,AND,MUS,2
MUS440C,MUS340C,,,,,,,,,,,,,,,AND,MUS,2
MUS440D,MUS340D,,,,,,,,,,,,,,,AND,MUS,2
MUS440E,MUS340E,,,,,,,,,,,,,,,AND,MUS,2
MUS440F,MUS340F,,,,,,,,,,,,,,,AND,MUS,2
MUS440G,MUS340G,,,,,,,,,,,,,,,AND,MUS,2
MUS440H,MUS340H,,,,,,,,,,,,,,,AND,MUS,2
MUS440I,MUS340I,,,,,,,,,,,,,,,AND,MUS,2
MUS440J,MUS340J,,,,,,,,,,,,,,,AND,MUS,2
MUS440K,MUS340K,,,,,,,,,,,,,,,AND,MUS,2
MUS440L,MUS340L,,,,,,,,,,,,,,,AND,MUS,2
MUS440M,MUS340M,,,,,,,,,,,,,,,AND,MUS,2
MUS440N,MUS340N,,,,,,,,,,,,,,,AND,MUS,2
MUS440O,MUS340O,,,,,,,,,,,,,,,AND,MUS,2
MUS440P,MUS340P,,,,,,,,,,,,,,,AND,MUS,2
MUS440Q,MUS340Q,,,,,,,,,,,,,,,AND,MUS,2
MUS440R,MUS340R,,,,,,,,,,,,,,,AND,MUS,2
MUS440S,MUS340S,,,,,,,,,,,,,,,AND,MUS,2
MUS440T,MUS340T,,,,,,,,,,,,,,,AND,MUS,2
MUS440U,MUS340U,,,,,,,,,,,,,,,AND,MUS,2
MUS440W,MUS340W,,,,,,,,,,,,,,,AND,MUS,2
MUS441D,MUS341D,,,,,,,,,,,,,,,AND,MUS,2
MUS441E,,,,,,,,,,,,,,,,AND,MUS,2
MUS441F,,,,,,,,,,,,,,,,AND,MUS,2
MUS441G,,,,,,,,,,,,,,,,AND,MUS,2
MUS441H,,,,,,,,,,,,,,,,AND,MUS,2
MUS441I,MUS341I,,,,,,,,,,,,,,,AND,MUS,2
MUS441J,MUS341J,,,,,,,,,,,,,,,AND,MUS,2
MUS441K,MUS341K,,,,,,,,,,,,,,,AND,MUS,2
MUS441L,,,,,,,,,,,,,,,,AND,MUS,2
MUS441M,MUS341M,,,,,,,,,,,,,,,AND,MUS,2
MUS441N,MUS341N,,,,,,,,,,,,,,,AND,MUS,2
MUS441O,,,,,,,,,,,,,,,,AND,MUS,2
MUS441P,,,,,,,,,,,,,,,,AND,MUS,2
MUS441Q,MUS341Q,,,,,,,,,,,,,,,AND,MUS,2
MUS441R,,,,,,,,,,,,,,,,AND,MUS,2
MUS441S,,,,,,,,,,,,,,,,AND,MUS,2
MUS441T,,,,,,,,,,,,,,,,AND,MUS,2
MUS441U,MUS341U,,,,,,,,,,,,,,,AND,MUS,2
MUS442,MUS225B,,,,,,,,,,,,,,,AND,MUS,2
MUS444,,,,,,,,,,,,,,,,AND,MUS,2
MUS460A,,,,,,,,,,,,,,,,AND,MUS,2
MUS460B,,,,,,,,,,,,,,,,AND,MUS,2
MUS461A,,,,,,,,,,,,,,,,AND,MUS,2
MUS461B,MUS340K,,,,,,,,,,,,,,,AND,MUS,2
MUS465,,,,,,,,,,,,,,,,AND,MUS,2
MUS466,,,,,,,,,,,,,,,,AND,MUS,2
MUS472,MUS309,,,,,,,,,,,,,,,AND,MUS,2
MUS472B,MUS309,,,,,,,,,,,,,,,AND,MUS,2
MUS477,,,,,,,,,,,,,,,,AND,MUS,2
MUS481,,,,,,,,,,,,,,,,AND,MUS,2
MUS482,,,,,,,,,,,,,,,,AND,MUS,2
MUS483,,,,,,,,,,,,,,,,AND,MUS,2
MUS487,,,,,,,,,,,,,,,,AND,MUS,2
MUS490,,,,,,,,,,,,,,,,AND,MUS,2
MUS495,MUS395A,MUS395B,,,,,,,,,,,,,,AND,MUS,2
MUS499,,,,,,,,,,,,,,,,AND,MUS,2
NURS199,,,,,,,,,,,,,,,,AND,NURS,7
NURS234,PSYC111,,,,,,,,,,,,,,,AND,NURS,7
NURS240,BIOL240B,CHEM120B/124B,,,,,,,,,,,,,,AND,NURS,7
NURS240R,BIOL240B,BIOL250,,,,,,,,,,,,,,AND,NURS,7
NURS241,NURS240,BIOL250,CHEM120B/124B,,,,,,,,,,,,,AND,NURS,7
NURS246,NURS231,,,,,,,,,,,,,,,AND,NURS,7
NURS299,,,,,,,,,,,,,,,,AND,NURS,7
NURS308,,,,,,,,,,,,,,,,AND,NURS,7
NURS335R,NURS240R,,,,,,,,,,,,,,,AND,NURS,7
NURS341A/342/343,NURS240R,NURS246,,,,,,,,,,,,,,AND,NURS,7
NURS341B,NURS354/354C,NURS355/355C,,,,,,,,,,,,,,AND,NURS,7
NURS342C,NURS341A/342/343,,,,,,,,,,,,,,,AND,NURS,7
NURS343C,NURS341A/342/343,,,,,,,,,,,,,,,AND,NURS,7
NURS350R,PSYC111,,,,,,,,,,,,,,,AND,NURS,7
NURS351,BIOL240B,,,,,,,,,,,,,,,AND,NURS,7
NURS354/354C,NURS240,,,,,,,,,,,,,,,AND,NURS,7
NURS355/355C,NURS240,,,,,,,,,,,,,,,AND,NURS,7
NURS399,,,,,,,,,,,,,,,,AND,NURS,7
NURS472,NURS341A/342/343,NURS354/354C,NURS355/355C,,,,,,,,,,,,,AND,NURS,7
NURS472R,STAT107,NURS475R,,,,,,,,,,,,,,AND,NURS,7
NURS474,NURS342,NURS343,NURS354/354C,NURS355/355C,,,,,,,,,,,,AND,NURS,7
NURS474C,NURS474,,,,,,,,,,,,,,,AND,NURS,7
NURS475,NURS341A/342/343,NURS354/354C,NURS355/355C,,,,,,,,,,,,,AND,NURS,7
NURS475R,ENG102,NURS335R,PHIL320,,,,,,,,,,,,,AND,NURS,7
NURS476,NURS341A/342/343,NURS354/354C,NURS355/355C,,,,,,,,,,,,,AND,NURS,7
NURS480R,NURS335R,NURS472R,,,,,,,,,,,,,,AND,NURS,7
NURS481,NURS472,NURS474,NURS475,,,,,,,,,,,,,AND,NURS,7
NURS482,NURS341A/342/343,NURS354/354C,NURS355/355C,,,,,,,,,,,,,AND,NURS,7
NURS483,,,,,,,,,,,,,,,,AND,NURS,7
NURS484R,NURS335R,NURS472R,,,,,,,,,,,,,,AND,NURS,7
NURS490,,,,,,,,,,,,,,,,AND,NURS,7
NURS490R,,,,,,,,,,,,,,,,AND,NURS,7
NURS498,,,,,,,,,,,,,,,,AND,NURS,7
NUTR205,,,,,,,,,,,,,,,,AND,NUTR,7
NUTR210,,,,,,,,,,,,,,,,AND,NUTR,7
NUTR250,,,,,,,,,,,,,,,,AND,NUTR,7
NUTR319,BIOL240B,NUTR250,,,,,,,,,,,,,,AND,NUTR,7
NUTR327,NUTR250,,,,,,,,,,,,,,,AND,NUTR,7
NUTR355,NUTR319,KIN350,,,,,,,,,,,,,,OR,NUTR,7
NUTR375,NUTR250,,,,,,,,,,,,,,,AND,NUTR,7
NUTR401,NUTR327,,,,,,,,,,,,,,,AND,NUTR,7
NUTR408,NUTR205,NUTR250,,,,,,,,,,,,,,AND,NUTR,7
NUTR409,NUTR205,NUTR250,,,,,,,,,,,,,,AND,NUTR,7
NUTR410,NUTR408,,,,,,,,,,,,,,,AND,NUTR,7
NUTR411,KIN211,NUTR401,,,,,,,,,,,,,,AND,NUTR,7
NUTR421,NUTR411,,,,,,,,,,,,,,,AND,NUTR,7
NUTR464,,,,,,,,,,,,,,,,AND,NUTR,7
OR440,MATH250,,,,,,,,,,,,,,,AND,OR,5
OR441,STAT380,STAT480A,,,,,,,,,,,,,,OR,OR,5
OR442,OR441,STAT380,IE461,,,,,,,,,,,,,OR,OR,5
OR495,,,,,,,,,,,,,,,,AND,OR,5
PAPA410,,,,,,,,,,,,,,,,AND,PAPA,3
PAPA411,PAPA420,,,,,,,,,,,,,,,AND,PAPA,3
PAPA412,PAPA420,,,,,,,,,,,,,,,AND,PAPA,3
PAPA420,PAPA411,,,,,,,,,,,,,,,AND,PAPA,3
PAPA499,,,,,,,,,,,,,,,,AND,PAPA,3
PBHE111,,,,,,,,,,,,,,,,AND,PBHE,6
PBHE210,,,,,,,,,,,,,,,,AND,PBHE,6
PBHE213,,,,,,,,,,,,,,,,AND,PBHE,6
PBHE220,,,,,,,,,,,,,,,,AND,PBHE,6
PBHE230,,,,,,,,,,,,,,,,AND,PBHE,6
PBHE240,,,,,,,,,,,,,,,,AND,PBHE,6
PBHE300,,,,,,,,,,,,,,,,AND,PBHE,6
PBHE305,,,,,,,,,,,,,,,,AND,PBHE,6
PBHE353,STAT107,STAT244,,,,,,,,,,,,,,OR,PBHE,6
PBHE355,HED111,PBHE111,,,,,,,,,,,,,,OR,PBHE,6
PBHE363,HED111,PBHE111,,,,,,,,,,,,,,OR,PBHE,6
PBHE370,HED305,PBHE305,,,,,,,,,,,,,,OR,PBHE,6
PBHE375,,,,,,,,,,,,,,,,AND,PBHE,6
PBHE405,HED305,PBHE305,,,,,,,,,,,,,,OR,PBHE,6
PBHE410,HED111,PBHE111,HED201,PBHE201,,,,,,,,,,,,OR,PBHE,6
PBHE420,HED305,PBHE305,,,,,,,,,,,,,,OR,PBHE,6
PBHE455,PBHE353,,,,,,,,,,,,,,,AND,PBHE,6
BPHE462,,,,,,,,,,,,,,,,AND,PBHE,6
PBHE464,,,,,,,,,,,,,,,,AND,PBHE,6
PBHE470,,,,,,,,,,,,,,,,AND,PBHE,6
PBHE489,,,,,,,,,,,,,,,,AND,PBHE,6
PBHE490,,,,,,,,,,,,,,,,AND,PBHE,6
PBHE491,PBHE490,,,,,,,,,,,,,,,AND,PBHE,6
PBHE495,PBHE490,,,,,,,,,,,,,,,AND,PBHE,6
PBHE498,HED491,PBHE491,,,,,,,,,,,,,,OR,PBHE,6
PBHE499,PBHE498,PBHE498,,,,,,,,,,,,,,OR,PBHE,6
PHEL402,CHEM241A,,,,,,,,,,,,,,,AND,PHEL,8
PHIL111,,,,,,,,,,,,,,,,AND,PHIL,1
PHIL212,,,,,,,,,,,,,,,,AND,PHIL,1
PHIL213,,,,,,,,,,,,,,,,AND,PHIL,1
PHIL222,,,,,,,,,,,,,,,,AND,PHIL,1
PHIL225,,,,,,,,,,,,,,,,AND,PHIL,1
PHIL226,,,,,,,,,,,,,,,,AND,PHIL,1
PHIL228,,,,,,,,,,,,,,,,AND,PHIL,1
PHIL231,,,,,,,,,,,,,,,,AND,PHIL,1
PHIL233,,,,,,,,,,,,,,,,AND,PHIL,1
PHIL234,,,,,,,,,,,,,,,,AND,PHIL,1
PHIL235,,,,,,,,,,,,,,,,AND,PHIL,1
PHIL242,,,,,,,,,,,,,,,,AND,PHIL,1
PHIL300,,,,,,,,,,,,,,,,AND,PHIL,1
PHIL301,,,,,,,,,,,,,,,,AND,PHIL,1
PHIL302,,,,,,,,,,,,,,,,AND,PHIL,1
PHIL303,,,,,,,,,,,,,,,,AND,PHIL,1
PHIL304,,,,,,,,,,,,,,,,AND,PHIL,1
PHIL306,,,,,,,,,,,,,,,,AND,PHIL,1
PHIL307,,,,,,,,,,,,,,,,AND,PHIL,1
PHIL308,,,,,,,,,,,,,,,,AND,PHIL,1
PHIL309,,,,,,,,,,,,,,,,AND,PHIL,1
PHIL310,,,,,,,,,,,,,,,,AND,PHIL,1
PHIL312,,,,,,,,,,,,,,,,AND,PHIL,1
PHIL314,,,,,,,,,,,,,,,,AND,PHIL,1
PHIL316,,,,,,,,,,,,,,,,AND,PHIL,1
PHIL320,,,,,,,,,,,,,,,,AND,PHIL,1
PHIL321,,,,,,,,,,,,,,,,AND,PHIL,1
PHIL323,,,,,,,,,,,,,,,,AND,PHIL,1
PHIL325,,,,,,,,,,,,,,,,AND,PHIL,1
PHIL330,,,,,,,,,,,,,,,,AND,PHIL,1
PHIL333,,,,,,,,,,,,,,,,AND,PHIL,1
PHIL335,,,,,,,,,,,,,,,,AND,PHIL,1
PHIL336,,,,,,,,,,,,,,,,AND,PHIL,1
PHIL337,,,,,,,,,,,,,,,,AND,PHIL,1
PHIL340,,,,,,,,,,,,,,,,AND,PHIL,1
PHIL343,,,,,,,,,,,,,,,,AND,PHIL,1
PHIL344,,,,,,,,,,,,,,,,AND,PHIL,1
PHIL345,,,,,,,,,,,,,,,,AND,PHIL,1
PHIL346,,,,,,,,,,,,,,,,AND,PHIL,1
PHIL347,,,,,,,,,,,,,,,,AND,PHIL,1
PHIL348,,,,,,,,,,,,,,,,AND,PHIL,1
PHIL350,,,,,,,,,,,,,,,,AND,PHIL,1
PHIL355,,,,,,,,,,,,,,,,AND,PHIL,1
PHIL390,,,,,,,,,,,,,,,,AND,PHIL,1
PHIL440,,,,,,,,,,,,,,,,AND,PHIL,1
PHIL441,,,,,,,,,,,,,,,,AND,PHIL,1
PHIL480,,,,,,,,,,,,,,,,AND,PHIL,1
PHIL490,,,,,,,,,,,,,,,,AND,PHIL,1
PHIL495,,,,,,,,,,,,,,,,AND,PHIL,1
PHIL496,,,,,,,,,,,,,,,,AND,PHIL,1
PHIL497,,,,,,,,,,,,,,,,AND,PHIL,1
PHIL498,,,,,,,,,,,,,,,,AND,PHIL,1
PHYS111/112,AD095,AD085,,,,,,,,,,,,,,AND,PHYS,5
PHYS115,,,,,,,,,,,,,,,,AND,PHYS,5
PHYS116,,,,,,,,,,,,,,,,AND,PHYS,5
PHYS117,,,,,,,,,,,,,,,,AND,PHYS,5
PHYS118/118L,,,,,,,,,,,,,,,,AND,PHYS,5
PHYS120,MATH125,,,,,,,,,,,,,,,AND,PHYS,5
PHYS131/131L,MATH125,,,,,,,,,,,,,,,OR,PHYS,5
PHYS132/132L,PHYS131/131L,,,,,,,,,,,,,,,AND,PHYS,5
PHYS140,MATH150,,,,,,,,,,,,,,,AND,PHYS,5
PHYS141/151/151L,MATH152,MATH150,PHYS211A,,,,,,,,,,,,,AND,PHYS,5
PHYS142/152/152L,PHYS141/151/151L,,,,,,,,,,,,,,,AND,PHYS,5
PHYS193,,,,,,,,,,,,,,,,AND,PHYS,5
PHYS196,,,,,,,,,,,,,,,,AND,PHYS,5
PHYS197,,,,,,,,,,,,,,,,AND,PHYS,5
PHYS198,,,,,,,,,,,,,,,,AND,PHYS,5
PHYS201/201L,PHYS142/152/152L,,,,,,,,,,,,,,,AND,PHYS,5
PHYS219,PHYS131/131L,MATH150,,,,,,,,,,,,,,AND,PHYS,5
PHYS230,PHYS132/132L,PHYS142/152/152L,,,,,,,,,,,,,,OR,PHYS,5
PHYS240,PHYS132/132L,PHYS142/152/152L,,,,,,,,,,,,,,AND,PHYS,5
PHYS251,PHYS142/152/152L,PHYS132/132L,MATH250,,,,,,,,,,,,,AND,PHYS,5
PHYS292,PHYS132/132L,PHYS142/152/152L,,,,,,,,,,,,,,OR,PHYS,5
PHYS293,PHYS142/152/152L,,,,,,,,,,,,,,,AND,PHYS,5
PHYS296,PHYS142/152/152L,,,,,,,,,,,,,,,AND,PHYS,5
PHYS297,PHYS132/132L,PHYS142/152/152L,,,,,,,,,,,,,,OR,PHYS,5
PHYS298,PHYS132/132L,PHYS142/152/152L,,,,,,,,,,,,,,OR,PHYS,5
PHYS304,PHYS201/201L,PHYS251,,,,,,,,,,,,,,AND,PHYS,5
PHYS312,PHYS304,,,,,,,,,,,,,,,AND,PHYS,5
PHYS314,PHYS201/201L,PHYS251,,,,,,,,,,,,,,AND,PHYS,5
PHYS318,PHYS132/132L,PHYS142/152/152L,,,,,,,,,,,,,,OR,PHYS,5
PHYS320,PHYS201/201L,PHYS251,,,,,,,,,,,,,,AND,PHYS,5
PHYS321,PHYS201/201L,PHYS251,,,,,,,,,,,,,,AND,PHYS,5
PHYS323,PHYS201/201L,PHYS251,MATH305,,,,,,,,,,,,,OR,PHYS,5
PHYS340,PHYS201/201L,PHYS251,CHEM241A,,,,,,,,,,,,,AND,PHYS,5
PHYS343,PHYS201/201L,PHYS230,PHYS251,,,,,,,,,,,,,AND,PHYS,5
PHYS375,,,,,,,,,,,,,,,,AND,PHYS,5
PHYS376,PHYS201/201L,PHYS251,,,,,,,,,,,,,,AND,PHYS,5
PHYS392,PHYS201/201L,PHYS251,PHYS240,,,,,,,,,,,,,AND,PHYS,5
PHYS393,PHYS201/201L,PHYS251,PHYS410,,,,,,,,,,,,,AND,PHYS,5
PHYS396,PHYS201/201L,PHYS230,PHYS251,,,,,,,,,,,,,AND,PHYS,5
PHYS397,PHYS201/201L,PHYS251,,,,,,,,,,,,,,AND,PHYS,5
PHYS398,PHYS201/201L,PHYS251,,,,,,,,,,,,,,AND,PHYS,5
PHYS405A,PHYS321,PHYS323,,,,,,,,,,,,,,OR,PHYS,5
PHYS405B,PHYS405A,,,,,,,,,,,,,,,AND,PHYS,5
PHYS406,PHYS251,,,,,,,,,,,,,,,AND,PHYS,5
PHYS410,PHYS201/201L,PHYS251,MATH305,,,,,,,,,,,,,OR,PHYS,5
PHYS415A,PHYS304,MATH305,,,,,,,,,,,,,,AND,PHYS,5
PHYS415B,PHYS415A,,,,,,,,,,,,,,,AND,PHYS,5
PHYS416,PHYS304,MATH321,PHYS323,,,,,,,,,,,,,AND,PHYS,5
PHYS419,MATH305,PHYS302,,,,,,,,,,,,,,AND,PHYS,5
PHYS430,PHYS201/201L,PHYS251,,,,,,,,,,,,,,OR,PHYS,5
PHYS431,PHYS141/151/151L,CI200,CIED100,,,,,,,,,,,,,AND,PHYS,5
PHYS432,,CI200,CIED100,,,,,,,,,,,,,AND,PHYS,5
PHYS433,,CI200,,,,,,,,,,,,,,AND,PHYS,5
PHYS434,,,,,,,,,,,,,,,,AND,PHYS,5
PHYS438,,,,,,,,,,,,,,,,AND,PHYS,5
PHYS439,,,,,,,,,,,,,,,,AND,PHYS,5
PHYS442,PHYS201/201L,PHYS240,PHYS251,CHEM241A,,,,,,,,,,,,AND,PHYS,5
PHYS444,PHYS201/201L,PHYS230,PHYS251,PHYS321,PHYS343,,,,,,,,,,,AND,PHYS,5
PHYS450,PHYS416,,,,,,,,,,,,,,,AND,PHYS,5
PHYS471,PHYS410,,,,,,,,,,,,,,,AND,PHYS,5
PHYS472,PHYS410,,,,,,,,,,,,,,,AND,PHYS,5
PHYS480,,,,,,,,,,,,,,,,AND,PHYS,5
PHYS492,PHYS240,PHYS304,,,,,,,,,,,,,,AND,PHYS,5
PHYS493,PHYS410,,,,,,,,,,,,,,,AND,PHYS,5
PHYS494,,,,,,,,,,,,,,,,AND,PHYS,5
PHYS496,PHYS230,PHYS410,,,,,,,,,,,,,,AND,PHYS,5
PHYS497,PHYS201/201L,PHYS304,PHYS318,,,,,,,,,,,,,AND,PHYS,5
PHYS498,PHYS201,PHYS304,PHYS321,,,,,,,,,,,,,AND,PHYS,5
PHYS499A,,,,,,,,,,,,,,,,AND,PHYS,5
PHYS499B,PHYS499A,,,,,,,,,,,,,,,AND,PHYS,5
POLS111,,,,,,,,,,,,,,,,AND,POLS,6
POLS112,,,,,,,,,,,,,,,,AND,POLS,6
POLS150,POLS111,,,,,,,,,,,,,,,AND,POLS,6
POLS292,,,,,,,,,,,,,,,,AND,POLS,6
POLS300,,,,,,,,,,,,,,,,AND,POLS,6
POLS310,POLS111,POLS112,,,,,,,,,,,,,,AND,POLS,6
POLS320,,,,,,,,,,,,,,,,AND,POLS,6
POLS340,,,,,,,,,,,,,,,,AND,POLS,6
POLS341,,,,,,,,,,,,,,,,AND,POLS,6
POLS342,,,,,,,,,,,,,,,,AND,POLS,6
POLS343,,,,,,,,,,,,,,,,AND,POLS,6
POLS344,,,,,,,,,,,,,,,,AND,POLS,6
POLS345,,,,,,,,,,,,,,,,AND,POLS,6
POLS346,,,,,,,,,,,,,,,,AND,POLS,6
POLS347,,,,,,,,,,,,,,,,AND,POLS,6
POLS350,,,,,,,,,,,,,,,,AND,POLS,6
POLS351,,,,,,,,,,,,,,,,AND,POLS,6
POLS352,,,,,,,,,,,,,,,,AND,POLS,6
POLS353,,,,,,,,,,,,,,,,AND,POLS,6
POLS354,,,,,,,,,,,,,,,,AND,POLS,6
POLS355,POLS111,,,,,,,,,,,,,,,AND,POLS,6
POLS356,POLS111,,,,,,,,,,,,,,,AND,POLS,6
POLS370,,,,,,,,,,,,,,,,AND,POLS,6
POLS385,POLS111,,,,,,,,,,,,,,,AND,POLS,6
POLS386,,,,,,,,,,,,,,,,AND,POLS,6
POLS390,,,,,,,,,,,,,,,,AND,POLS,6
POLS391,,,,,,,,,,,,,,,,AND,POLS,6
POLS392,,,,,,,,,,,,,,,,AND,POLS,6
POLS400,,,,,,,,,,,,,,,,AND,POLS,6
POLS410,POLS390,,,,,,,,,,,,,,,AND,POLS,6
POLS411,,,,,,,,,,,,,,,,AND,POLS,6
POLS412,,,,,,,,,,,,,,,,AND,POLS,6
POLS425,,,,,,,,,,,,,,,,AND,POLS,6
POLS429,POLS320,,,,,,,,,,,,,,,AND,POLS,6
POLS430,,,,,,,,,,,,,,,,AND,POLS,6
POLS440,POLS112,,,,,,,,,,,,,,,AND,POLS,6
POLS441,,,,,,,,,,,,,,,,AND,POLS,6
POLS444,POLS112,,,,,,,,,,,,,,,AND,POLS,6
POLS445,POLS112,,,,,,,,,,,,,,,AND,POLS,6
POLS446,,,,,,,,,,,,,,,,AND,POLS,6
POLS448,,,,,,,,,,,,,,,,AND,POLS,6
POLS449,POLS112,,,,,,,,,,,,,,,AND,POLS,6
POLS451,POLS111,,,,,,,,,,,,,,,AND,POLS,6
POLS453,POLS111,,,,,,,,,,,,,,,AND,POLS,6
POLS454,,,,,,,,,,,,,,,,AND,POLS,6
POLS459,POLS111,,,,,,,,,,,,,,,AND,POLS,6
POLS472,POLS370,,,,,,,,,,,,,,,AND,POLS,6
POLS473,,,,,,,,,,,,,,,,AND,POLS,6
POLS474,,,,,,,,,,,,,,,,AND,POLS,6
POLS479,POLS370,,,,,,,,,,,,,,,AND,POLS,6
POLS484,,,,,,,,,,,,,,,,AND,POLS,6
POLS485,,,,,,,,,,,,,,,,AND,POLS,6
POLS489,POLS385,,,,,,,,,,,,,,,AND,POLS,6
POLS491,,,,,,,,,,,,,,,,AND,POLS,6
POLS495,POLS112,,,,,,,,,,,,,,,AND,POLS,6
POLS496,POLS112,,,,,,,,,,,,,,,AND,POLS,6
POLS497,POLS111,,,,,,,,,,,,,,,AND,POLS,6
POLS498,,,,,,,,,,,,,,,,AND,POLS,6
POLS499,POLS111,POLS112,,,,,,,,,,,,,,OR,POLS,6
PROD315,,,,,,,,,,,,,,,,AND,PROD,3
PROD490,,,,,,,,,,,,,,,,AND,PROD,3
PSYC111,,,,,,,,,,,,,,,,AND,PSYC,6
PSYC150,,,,,,,,,,,,,,,,AND,PSYC,6
PSYC200,PSYC111,,,,,,,,,,,,,,,AND,PSYC,6
PSYC201,PSYC111,,,,,,,,,,,,,,,AND,PSYC,6
PSYC203,PSYC111,,,,,,,,,,,,,,,AND,PSYC,6
PSYC204,PSYC111,,,,,,,,,,,,,,,AND,PSYC,6
PSYC205,PSYC111,,,,,,,,,,,,,,,AND,PSYC,6
PSYC206,PSYC111,,,,,,,,,,,,,,,AND,PSYC,6
PSYC208,PSYC111,,,,,,,,,,,,,,,AND,PSYC,6
PSYC220,PSYC111,,,,,,,,,,,,,,,AND,PSYC,6
PSYC221,PSYC111,PSYC220,,,,,,,,,,,,,,AND,PSYC,6
PSYC303,,,,,,,,,,,,,,,,AND,PSYC,6
PSYC305,PSYC111,,,,,,,,,,,,,,,AND,PSYC,6
PSYC311,PSYC111,,,,,,,,,,,,,,,AND,PSYC,6
PSYC312,PSYC111,PSYC208,PSYC220,PSYC221,,,,,,,,,,,,AND,PSYC,6
PSYC313,PSYC220,PSYC221,,,,,,,,,,,,,,AND,PSYC,6
PSYC314,PSYC111,,,,,,,,,,,,,,,AND,PSYC,6
PSYC320,PSYC111,,,,,,,,,,,,,,,AND,PSYC,6
PSYC340,PSYC111,,,,,,,,,,,,,,,AND,PSYC,6
PSYC350,,,,,,,,,,,,,,,,AND,PSYC,6
PSYC365,PSYC111,,,,,,,,,,,,,,,AND,PSYC,6
PSYC388,,,,,,,,,,,,,,,,AND,PSYC,6
PSYC389,,,,,,,,,,,,,,,,AND,PSYC,6
PSYC407,PSYC111,,,,,,,,,,,,,,,AND,PSYC,6
PSYC409,PSYC111,,,,,,,,,,,,,,,AND,PSYC,6
PSYC411,PSYC111,,,,,,,,,,,,,,,AND,PSYC,6
PSYC413,PSYC111,,,,,,,,,,,,,,,AND,PSYC,6
PSYC415,PSYC111,,,,,,,,,,,,,,,AND,PSYC,6
PSYC420,PSYC111,,,,,,,,,,,,,,,AND,PSYC,6
PSYC421,PSYC220,,,,,,,,,,,,,,,AND,PSYC,6
PSYC422,PSYC221,PSYC220,,,,,,,,,,,,,,OR,PSYC,6
PSYC431,PSYC111,,,,,,,,,,,,,,,AND,PSYC,6
PSYC433,PSYC111,,,,,,,,,,,,,,,AND,PSYC,6
PSYC450,PSYC111,,,,,,,,,,,,,,,AND,PSYC,6
PSYC461,PSYC206,,,,,,,,,,,,,,,AND,PSYC,6
PSYC473,PSYC320,MGMT341,,,,,,,,,,,,,,OR,PSYC,6
PSYC474,PSYC320,,,,,,,,,,,,,,,AND,PSYC,6
PSYC478,PSYC111,,,,,,,,,,,,,,,AND,PSYC,6
PSYC487,PSYC204,,,,,,,,,,,,,,,AND,PSYC,6
PSYC491,,,,,,,,,,,,,,,,AND,PSYC,6
PSYC493,,,,,,,,,,,,,,,,AND,PSYC,6
PSYC494,PSYC221,,,,,,,,,,,,,,,AND,PSYC,6
PSYC495,,,,,,,,,,,,,,,,AND,PSYC,6
PSYC496,,,,,,,,,,,,,,,,AND,PSYC,6
QR101,,,,,,,,,,,,,,,,AND,QR,5
RA101,,,,,,,,,,,,,,,,AND,RA,0
RUSS101,,,,,,,,,,,,,,,,AND,RUSS,1
RUSS102,RUSS101,,,,,,,,,,,,,,,AND,RUSS,1
RUSS104,,,,,,,,,,,,,,,,AND,RUSS,1
RUSS201,RUSS102,,,,,,,,,,,,,,,AND,RUSS,1
RUSS202,RUSS201,,,,,,,,,,,,,,,AND,RUSS,1
RUSS220,RUSS102,,,,,,,,,,,,,,,AND,RUSS,1
RUSS499,RUSS202,,,,,,,,,,,,,,,AND,RUSS,1
SAB200,,,,,,,,,,,,,,,,AND,SAB,0
SAB300,,,,,,,,,,,,,,,,AND,SAB,0
SAB400,,,,,,,,,,,,,,,,AND,SAB,0
SCI241A,CI200,,,,,,,,,,,,,,,AND,SCI,8
SCI241B,CIED100,SPE100,,,,,,,,,,,,,,AND,SCI,8
SCI401,,,,,,,,,,,,,,,,AND,SCI,8
SCI405,,,,,,,,,,,,,,,,AND,SCI,8
SCI411,,,,,,,,,,,,,,,,AND,SCI,8
SCI414,,,,,,,,,,,,,,,,AND,SCI,8
SCI415,,,,,,,,,,,,,,,,AND,SCI,8
SCI421,,,,,,,,,,,,,,,,AND,SCI,8
SCI425,,,,,,,,,,,,,,,,AND,SCI,8
SCI431,,,,,,,,,,,,,,,,AND,SCI,8
SCI435,,,,,,,,,,,,,,,,AND,SCI,8
SCI442,,,,,,,,,,,,,,,,AND,SCI,8
SCI451,,,,,,,,,,,,,,,,AND,SCI,8
SCI452,,,,,,,,,,,,,,,,AND,SCI,8
SCI462,,,,,,,,,,,,,,,,AND,SCI,8
SCI489,,,,,,,,,,,,,,,,AND,SCI,8
SCM315,,,,,,,,,,,,,,,,AND,SCM,3
SCM435,PROD315,SCM315,,,,,,,,,,,,,,OR,SCM,3
SCM440,PROD315,SCM315,,,,,,,,,,,,,,OR,SCM,3
SCM470,SCM440,,,,,,,,,,,,,,,AND,SCM,3
SCM488,,,,,,,,,,,,,,,,AND,SCM,3
SOC111,,,,,,,,,,,,,,,,AND,SOC,6
SOC272,,,,,,,,,,,,,,,,AND,SOC,6
SOC300,,,,,,,,,,,,,,,,AND,SOC,6
SOC301,,,,,,,,,,,,,,,,AND,SOC,6
SOC302,,,,,,,,,,,,,,,,AND,SOC,6
SOC303,,,,,,,,,,,,,,,,AND,SOC,6
SOC304,,,,,,,,,,,,,,,,AND,SOC,6
SOC308,,,,,,,,,,,,,,,,AND,SOC,6
SOC309,,,,,,,,,,,,,,,,AND,SOC,6
SOC310,,,,,,,,,,,,,,,,AND,SOC,6
SOC317,,,,,,,,,,,,,,,,AND,SOC,6
SOC323,,,,,,,,,,,,,,,,AND,SOC,6
SOC325,SOC111,,,,,,,,,,,,,,,AND,SOC,6
SOC333,SOC111,,,,,,,,,,,,,,,AND,SOC,6
SOC334,,,,,,,,,,,,,,,,AND,SOC,6
SOC335,,,,,,,,,,,,,,,,AND,SOC,6
SOC338,,,,,,,,,,,,,,,,AND,SOC,6
SOC356,,,,,,,,,,,,,,,,AND,SOC,6
SOC360,,,,,,,,,,,,,,,,AND,SOC,6
SOC380,,,,,,,,,,,,,,,,AND,SOC,6
SOC383,,,,,,,,,,,,,,,,AND,SOC,6
SOC390,,,,,,,,,,,,,,,,AND,SOC,6
SOC391,,,,,,,,,,,,,,,,AND,SOC,6
SOC392,,,,,,,,,,,,,,,,AND,SOC,6
SOC396,,,,,,,,,,,,,,,,AND,SOC,6
SOC411,,,,,,,,,,,,,,,,AND,SOC,6
SOC421,,,,,,,,,,,,,,,,AND,SOC,6
SOC422,CJ272,SOC272,,,,,,,,,,,,,,OR,SOC,6
SOC423,,,,,,,,,,,,,,,,AND,SOC,6
SOC431,,,,,,,,,,,,,,,,AND,SOC,6
SOC433,,,,,,,,,,,,,,,,AND,SOC,6
SOC440,,,,,,,,,,,,,,,,AND,SOC,6
SOC470,,,,,,,,,,,,,,,,AND,SOC,6
SOC474,SOC111,,,,,,,,,,,,,,,AND,SOC,6
SOC490,,,,,,,,,,,,,,,,AND,SOC,6
SOC495,,,,,,,,,,,,,,,,AND,SOC,6
SOC497,,,,,,,,,,,,,,,,AND,SOC,6
SOCW202,,,,,,,,,,,,,,,,AND,SOCW,6
SOCW211,,,,,,,,,,,,,,,,AND,SOCW,6
SOCW301,,,,,,,,,,,,,,,,AND,SOCW,6
SOCW302,,,,,,,,,,,,,,,,AND,SOCW,6
SOCW303,,,,,,,,,,,,,,,,AND,SOCW,6
SOCW315,,,,,,,,,,,,,,,,AND,SOCW,6
SOCW316,,,,,,,,,,,,,,,,AND,SOCW,6
SOCW386,BIOL111,,,,,,,,,,,,,,,AND,SOCW,6
SOCW390,,,,,,,,,,,,,,,,AND,SOCW,6
SOCW395,SOCW200,SOCW201,,,,,,,,,,,,,,AND,SOCW,6
SOCW400,,,,,,,,,,,,,,,,AND,SOCW,6
SOCW401,,,,,,,,,,,,,,,,AND,SOCW,6
SOCW420,,,,,,,,,,,,,,,,AND,SOCW,6
SOCW430,,,,,,,,,,,,,,,,AND,SOCW,6
SOCW440,,,,,,,,,,,,,,,,AND,SOCW,6
SOCW454,,,,,,,,,,,,,,,,AND,SOCW,6
SOCW461,,,,,,,,,,,,,,,,AND,SOCW,6
SOCW466,ENG102,ENG102N,,,,,,,,,,,,,,OR,SOCW,6
SOCW475,,,,,,,,,,,,,,,,AND,SOCW,6
SOCW476,,,,,,,,,,,,,,,,AND,SOCW,6
SOCW482,SOCW202,SOCW211,SOCW311,SOCW302,SOCW303,SOCW315,SOCW316,SOCW390,,,,,,,,AND,SOCW,6
SOCW483,SOCW482,SOCW476,,,,,,,,,,,,,,AND,SOCW,6
SOCW486,ENG101,ENG102N,,,,,,,,,,,,,,AND,SOCW,6
SOCW487,,,,,,,,,,,,,,,,AND,SOCW,6
SOCW491,,,,,,,,,,,,,,,,AND,SOCW,6
SOCW495,,,,,,,,,,,,,,,,AND,SOCW,6
SPAN101,,,,,,,,,,,,,,,,AND,SPAN,1
SPAN102,SPAN101,,,,,,,,,,,,,,,AND,SPAN,1
SPAN201,SPAN102,,,,,,,,,,,,,,,AND,SPAN,1
SPAN202,SPAN201,,,,,,,,,,,,,,,AND,SPAN,1
SPAN301,SPAN202,,,,,,,,,,,,,,,AND,SPAN,1
SPAN302,SPAN202,,,,,,,,,,,,,,,AND,SPAN,1
SPAN303,SPAN202,,,,,,,,,,,,,,,AND,SPAN,1
SPAN304,SPAN202,,,,,,,,,,,,,,,AND,SPAN,1
SPAN305,SPAN202,,,,,,,,,,,,,,,AND,SPAN,1
SPAN306,SPAN202,,,,,,,,,,,,,,,AND,SPAN,1
SPAN307,SPAN202,,,,,,,,,,,,,,,AND,SPAN,1
SPAN308,SPAN301,,,,,,,,,,,,,,,AND,SPAN,1
SPAN309,SPAN202,IS402,,,,,,,,,,,,,,OR,SPAN,1
SPAN310,SPAN302,,,,,,,,,,,,,,,AND,SPAN,1
SPAN311,SPAN202,,,,,,,,,,,,,,,AND,SPAN,1
SPAN312,SPAN202,,,,,,,,,,,,,,,AND,SPAN,1
SPAN320,SPAN202,,,,,,,,,,,,,,,AND,SPAN,1
SPAN351,SPAN202,,,,,,,,,,,,,,,AND,SPAN,1
SPAN352,,,,,,,,,,,,,,,,AND,SPAN,1
SPAN353,SPAN202,,,,,,,,,,,,,,,AND,SPAN,1
SPAN392,SPAN301,,,,,,,,,,,,,,,AND,SPAN,1
SPAN400,,,,,,,,,,,,,,,,AND,SPAN,1
SPAN412A,SPAN301,SPAN302,,,,,,,,,,,,,,OR,SPAN,1
SPAN412B,SPAN301,SPAN302,,,,,,,,,,,,,,OR,SPAN,1
SPAN440,SPAN311,SPAN312,,,,,,,,,,,,,,OR,SPAN,1
SPAN451,SPAN301,SPAN302,,,,,,,,,,,,,,OR,SPAN,1
SPAN452,SPAN301,SPAN302,,,,,,,,,,,,,,OR,SPAN,1
SPAN453,SPAN301,SPAN302,,,,,,,,,,,,,,OR,SPAN,1
SPAN454,SPAN301,SPAN302,,,,,,,,,,,,,,OR,SPAN,1
SPAN457,SPAN301,SPAN302,,,,,,,,,,,,,,OR,SPAN,1
SPAN461,SPAN301,SPAN302,,,,,,,,,,,,,,OR,SPAN,1
SPAN471,SPAN301,SPAN302,,,,,,,,,,,,,,OR,SPAN,1
SPAN491,,,,,,,,,,,,,,,,AND,SPAN,1
SPAN492,SPAN301,,,,,,,,,,,,,,,AND,SPAN,1
SPAN499,,,,,,,,,,,,,,,,AND,SPAN,1
SPE100,,,,,,,,,,,,,,,,AND,SPE,4
SPE290,,,,,,,,,,,,,,,,AND,SPE,4
SPE400,,,,,,,,,,,,,,,,AND,SPE,4
SPE401/405/417A/430A/442,SPE100,,,,,,,,,,,,,,,AND,SPE,4
SPE402/416/471,SPE430/450,,,,,,,,,,,,,,,AND,SPE,4
SPE412/417B/418/430B,SPE402/416/471,SPE401/405/417A/430A/442,SPE470,SPE422,,,,,,,,,,,,AND,SPE,4
SPE415,SPE100,,,,,,,,,,,,,,,AND,SPE,4
SPE421,,,,,,,,,,,,,,,,AND,SPE,4
SPE422,SPE415,SPE412/417B/418/430B,SPE470,EPFR315,EPFR320,,,,,,,,,,,AND,SPE,4
SPE430/450,SPE401/405/417A/430A/442,,,,,,,,,,,,,,,AND,SPE,4
CI301/CI316/SPE440,SPE412/417B/418/430B,,,,,,,,,,,,,,,AND,SPE,4
SPE441,CI301/CI316/SPE440,,,,,,,,,,,,,,,AND,SPE,4
SPE442,CI301/CI316/SPE440,,,,,,,,,,,,,,,AND,SPE,4
SPE470,,,,,,,,,,,,,,,,AND,SPE,4
SPE471,SPE401/405/417A/430A/442,SPE402/416/471,,,,,,,,,,,,,,AND,SPE,4
SPE481,,,,,,,,,,,,,,,,AND,SPE,4
SPE496,,,,,,,,,,,,,,,,AND,SPE,4
SPE498,,,,,,,,,,,,,,,,AND,SPE,4
SPE499,SPE481,,,,,,,,,,,,,,,AND,SPE,4
SPPA101,,,,,,,,,,,,,,,,AND,SPPA,7
SPPA210,SPPA101,,,,,,,,,,,,,,,AND,SPPA,7
SPPA220,SPPA101,,,,,,,,,,,,,,,AND,SPPA,7
SPPA231,SPPA101,SPPA220,,,,,,,,,,,,,,AND,SPPA,7
SPPA250,SPPA101,PBHE355,,,,,,,,,,,,,,OR,SPPA,7
SPPA312,SPPA210,SPPA231,,,,,,,,,,,,,,AND,SPPA,7
SPPA321,SPPA220,,,,,,,,,,,,,,,AND,SPPA,7
SPPA322,SPPA231,SPPA220,,,,,,,,,,,,,,AND,SPPA,7
SPPA361,,,,,,,,,,,,,,,,AND,SPPA,7
SPPA397,,,,,,,,,,,,,,,,AND,SPPA,7
SPPA400,,,,,,,,,,,,,,,,AND,SPPA,7
SPPA401,,,,,,,,,,,,,,,,AND,SPPA,7
SPPA402,,,,,,,,,,,,,,,,AND,SPPA,7
SPPA414,,,,,,,,,,,,,,,,AND,SPPA,7
SPPA441,SPPA231,,,,,,,,,,,,,,,AND,SPPA,7
SPPA442,SPPA322,,,,,,,,,,,,,,,AND,SPPA,7
SPPA444,SPPA312,,,,,,,,,,,,,,,AND,SPPA,7
SPPA446,SPPA312,,,,,,,,,,,,,,,AND,SPPA,7
SPPA449,SPPA441,SPPA442,SPPA444,,,,,,,,,,,,,AND,SPPA,7
SPPA471,SPPA461,SPPA361,,,,,,,,,,,,,,OR,SPPA,7
SPPA481,SPE400,,,,,,,,,,,,,,,AND,SPPA,7
SPPA499,SPPA446,,,,,,,,,,,,,,,AND,SPPA,7
STAT107,,,,,,,,,,,,,,,,AND,STAT,5
STAT244,MATH120,,,,,,,,,,,,,,,OR,STAT,5
STAT380,MATH152,,,,,,,,,,,,,,,AND,STAT,5
STAT410,MATH130,MATH150,,,,,,,,,,,,,,AND,STAT,5
STAT478,STAT380,STAT480B,,,,,,,,,,,,,,AND,STAT,5
STAT480A,MATH250,,,,,,,,,,,,,,,AND,STAT,5
STAT480B,STAT480A,,,,,,,,,,,,,,,AND,STAT,5
STAT481,STAT380,STAT480B,,,,,,,,,,,,,,AND,STAT,5
STAT482,STAT380,,,,,,,,,,,,,,,AND,STAT,5
STAT483,STAT380,STAT480B,,,,,,,,,,,,,,AND,STAT,5
STAT484,STAT380,STAT480B,,,,,,,,,,,,,,OR,STAT,5
STAT485,STAT480A,,,,,,,,,,,,,,,AND,STAT,5
STAT486A,MATH340,STAT380,,,,,,,,,,,,,,AND,STAT,5
STAT486B,MATH340,STAT380,,,,,,,,,,,,,,AND,STAT,5
STAT488,STAT480B,,,,,,,,,,,,,,,AND,STAT,5
STAT489,STAT380,,,,,,,,,,,,,,,AND,STAT,5
STAT490,,,,,,,,,,,,,,,,AND,STAT,5
STAT495,,,,,,,,,,,,,,,,AND,STAT,5
SURV264,CNST120,MATH150,,,,,,,,,,,,,,AND,SURV,0
SURV310,CNST264,SURV264,,,,,,,,,,,,,,OR,SURV,0
SURV364,CNST310,SURV310,,,,,,,,,,,,,,OR,SURV,0
SURV470,CNST341,,,,,,,,,,,,,,,AND,SURV,0
SURV482,CNST310,SURV310,,,,,,,,,,,,,,OR,SURV,0
SURV484,CNST482,SURV482,,,,,,,,,,,,,,OR,SURV,0
THEA111,,,,,,,,,,,,,,,,AND,THEA,2
THEA112A,,,,,,,,,,,,,,,,AND,THEA,2
THEA112B,THEA112A,,,,,,,,,,,,,,,AND,THEA,2
THEA114A,,,,,,,,,,,,,,,,AND,THEA,2
THEA114B,,,,,,,,,,,,,,,,AND,THEA,2
THEA141,,,,,,,,,,,,,,,,AND,THEA,2
THEA150,,,,,,,,,,,,,,,,AND,THEA,2
THEA160,,,,,,,,,,,,,,,,AND,THEA,2
THEA170,,,,,,,,,,,,,,,,AND,THEA,2
THEA199,,,,,,,,,,,,,,,,AND,THEA,2
THEA201A,THEA114A,THEA114B,,,,,,,,,,,,,,AND,THEA,2
THEA201B,THEA114A,THEA114B,,,,,,,,,,,,,,AND,THEA,2
THEA210A,THEA112A,THEA112B,,,,,,,,,,,,,,AND,THEA,2
THEA210B,,,,,,,,,,,,,,,,AND,THEA,2
THEA215A,,,,,,,,,,,,,,,,AND,THEA,2
THEA215B,,,,,,,,,,,,,,,,AND,THEA,2
THEA220,THEA112A,THEA150,THEA160,THEA170,,,,,,,,,,,,AND,THEA,2
THEA235,,,,,,,,,,,,,,,,AND,THEA,2
THEA255,THEA150,,,,,,,,,,,,,,,AND,THEA,2
THEA265,,,,,,,,,,,,,,,,AND,THEA,2
THEA275,,,,,,,,,,,,,,,,AND,THEA,2
THEA290,,,,,,,,,,,,,,,,AND,THEA,2
THEA298,,,,,,,,,,,,,,,,AND,THEA,2
THEA309,,,,,,,,,,,,,,,,AND,THEA,2
THEA310A,THEA112B,THEA215A,,,,,,,,,,,,,,AND,THEA,2
THEA310B,,,,,,,,,,,,,,,,AND,THEA,2
THEA312,,,,,,,,,,,,,,,,AND,THEA,2
THEA314A,THEA112A,THEA112B,,,,,,,,,,,,,,AND,THEA,2
THEA314B,THEA112A,,,,,,,,,,,,,,,AND,THEA,2
THEA315A,THEA112A,,,,,,,,,,,,,,,AND,THEA,2
THEA315B,THEA112B,THEA215A,,,,,,,,,,,,,,AND,THEA,2
THEA340A,,,,,,,,,,,,,,,,AND,THEA,2
THEA340B,,,,,,,,,,,,,,,,AND,THEA,2
THEA350,THEA150,,,,,,,,,,,,,,,AND,THEA,2
THEA360,THEA160,,,,,,,,,,,,,,,AND,THEA,2
THEA370,THEA170,,,,,,,,,,,,,,,AND,THEA,2
THEA392,ENG102,ENG102N,,,,,,,,,,,,,,OR,THEA,2
THEA396,THEA114A,,,,,,,,,,,,,,,AND,THEA,2
THEA397,THEA114A,,,,,,,,,,,,,,,AND,THEA,2
THEA398,THEA298,,,,,,,,,,,,,,,AND,THEA,2
THEA399,,,,,,,,,,,,,,,,AND,THEA,2
THEA410,,,,,,,,,,,,,,,,AND,THEA,2
THEA412,THEA112A,,,,,,,,,,,,,,,AND,THEA,2
THEA420,THEA220,,,,,,,,,,,,,,,AND,THEA,2
THEA430,,,,,,,,,,,,,,,,AND,THEA,2
THEA450,THEA350,,,,,,,,,,,,,,,AND,THEA,2
THEA460,THEA360,,,,,,,,,,,,,,,AND,THEA,2
THEA470,THEA370,,,,,,,,,,,,,,,AND,THEA,2
THEA475,,,,,,,,,,,,,,,,AND,THEA,2
THEA485,,,,,,,,,,,,,,,,AND,THEA,2
THEA490,,,,,,,,,,,,,,,,AND,THEA,2
THEA498,,,,,,,,,,,,,,,,AND,THEA,2
THEA499A,,,,,,,,,,,,,,,,AND,THEA,2
THEA499B,,,,,,,,,,,,,,,,AND,THEA,2
THEA499C,,,,,,,,,,,,,,,,AND,THEA,2
UNIV040,,,,,,,,,,,,,,,,AND,UNIV,0
UNIV041,,,,,,,,,,,,,,,,AND,UNIV,0
UNIV042,,,,,,,,,,,,,,,,AND,UNIV,0
UNIV043,,,,,,,,,,,,,,,,AND,UNIV,0
UNIV044,,,,,,,,,,,,,,,,AND,UNIV,0
UNIV045,,,,,,,,,,,,,,,,AND,UNIV,0
UNIV046,,,,,,,,,,,,,,,,AND,UNIV,0
UNIV047,,,,,,,,,,,,,,,,AND,UNIV,0
UNIV048,,,,,,,,,,,,,,,,AND,UNIV,0
UNIV049,,,,,,,,,,,,,,,,AND,UNIV,0
UNIV050,,,,,,,,,,,,,,,,AND,UNIV,0
UNIV051,,,,,,,,,,,,,,,,AND,UNIV,0
UNIV052,,,,,,,,,,,,,,,,AND,UNIV,0
UNIV113,,,,,,,,,,,,,,,,AND,UNIV,0
UNIV300,,,,,,,,,,,,,,,,AND,UNIV,0
WMST200,,,,,,,,,,,,,,,,AND,WMST,0
WMST300,,,,,,,,,,,,,,,,AND,WMST,0
WMST305,PSYC111,,,,,,,,,,,,,,,AND,WMST,0
WMST308,,,,,,,,,,,,,,,,AND,WMST,0
WMST310,,,,,,,,,,,,,,,,AND,WMST,0
WMST313,,,,,,,,,,,,,,,,AND,WMST,0
WMST331,,,,,,,,,,,,,,,,AND,WMST,0
WMST332,,,,,,,,,,,,,,,,AND,WMST,0
WMST341,,,,,,,,,,,,,,,,AND,WMST,0
WMST344,,,,,,,,,,,,,,,,AND,WMST,0
WMST345,,,,,,,,,,,,,,,,AND,WMST,0
WMST346,,,,,,,,,,,,,,,,AND,WMST,0
WMST351,,,,,,,,,,,,,,,,AND,WMST,0
WMST353,,,,,,,,,,,,,,,,AND,WMST,0
WMST354,,,,,,,,,,,,,,,,AND,WMST,0
WMST367,,,,,,,,,,,,,,,,AND,WMST,0
WMST380,,,,,,,,,,,,,,,,AND,WMST,0
WMST390,,,,,,,,,,,,,,,,AND,WMST,0
WMST391,,,,,,,,,,,,,,,,AND,WMST,0
WMST428,,,,,,,,,,,,,,,,AND,WMST,0
WMST440,,,,,,,,,,,,,,,,AND,WMST,0
WMST441,,,,,,,,,,,,,,,,AND,WMST,0
WMST445,,,,,,,,,,,,,,,,AND,WMST,0
WMST451,,,,,,,,,,,,,,,,AND,WMST,0
WMST452,,,,,,,,,,,,,,,,AND,WMST,0
WMST455,,,,,,,,,,,,,,,,AND,WMST,0
WMST456,,,,,,,,,,,,,,,,AND,WMST,0
WMST473,,,,,,,,,,,,,,,,AND,WMST,0
WMST478,,,,,,,,,,,,,,,,AND,WMST,0
WMST490,,,,,,,,,,,,,,,,AND,WMST,0
WMST495,,,,,,,,,,,,,,,,AND,WMST,0
WMST499,,,,,,,,,,,,,,,,AND,WMST,0
