AEROENG2001,,,,,,,,,,,,,,
MECHENG2360/AEROENG2360,CIVENG2200,MATH2222,,,,,,,,,,,,
CIVENG2200,MATH2222,PHYSICS1111,PHYSICS1135,MATH1215,MATH1221,,,,,,,,,
MATH2222,MATH1215,MATH1221,,,,,,,,,,,,
AEROENG2780,AEROENG2861,,,,,,,,,,,,,
AEROENG2861,PHYSICS1111,PHYSICS1135,MATH1215,,,,,,,,,,,
AEROENG2790,AEROENG2861,,,,,,,,,,,,,
PHYSICS1111,MATH1214,MATH1208,,,,,,,,,,,,
PHYSICS1135,MATH1214,MATH1211,MATH1208,,,,,,,,,,,
MATH1215,MATH1214,MATH1211,MATH1208,MATH1210,MATH1160,,,,,,,,,
AEROENG3000,,,,,,,,,,,,,,
AEROENG3001,,,,,,,,,,,,,,
AEROENG3002,,,,,,,,,,,,,,
AEROENG3010,,,,,,,,,,,,,,
AEROENG3131,MATH2222,AEROENG2861,MATH1215,MATH1214,MATH1211,,,,,,,,,
MATH1214,MATH1140,MATH1120,MATH1160,,,,,,,,,,,
MATH1211,MATH1214,MATH1210,,,,,,,,,,,,
AEROENG5715/MECHENG5715,AEROENG3131,MECHENG3313,CIVENG2210,,,,,,,,,,,
MECHENG3313,MATH2222,PHYSICS1111,PHYSICS1135,MATH1215,MATH1214,MATH1211,COMPSCI1971,COMPSCI1970,COMPSCI1972/COMPSCI1982,COMPSCI1570/COMPSCI1580,,,,
CIVENG2210,CIVENG2200,,,,,,,,,,,,,
AEROENG3171,AEROENG3131,MECHENG2519,,,,,,,,,,,,
MECHENG2519,MATH2222,PHYSICS1111,PHYSICS1135,MATH1215,MATH1214,MATH1211,,,,,,,,
AEROENG3251,MATH2222,PHYSICS1111,PHYSICS1135,MATH1215,MATH1214,MATH1211,CIVENG2210,,,,,,,
AEROENG3361,AEROENG2780,AEROENG3131,AEROENG3613,,,,,,,,,,,
AEROENG3613,MECHENG2360/AEROENG2360,MATH2222,PHYSICS1111,PHYSICS1135,MATH1215,MATH1214,MATH1211,MATH3304,,,,,,
MATH3304,MATH1215,,,,,,,,,,,,,
AEROENG3877/PHYSICS4523/METENG5810/CHEMENG5300/CERENG5810,,,,,,,,,,,,,,
AEROENG4000,,,,,,,,,,,,,,
AEROENG4001,,,,,,,,,,,,,,
AEROENG4099,,,,,,,,,,,,,,
AEROENG4133,AEROENG3131,AEROENG3171,,,,,,,,,,,,
AEROENG4253,AEROENG3251,,,,,,,,,,,,,
AEROENG4535,AEROENG3171,MECHENG3131,,,,,,,,,,,,
MECHENG3131,MECHENG2519,,,,,,,,,,,,,
AEROENG4780,AEROENG3171,AEROENG3251,AEROENG3361,,,,,,,,,,,
AEROENG4781,AEROENG4780,,,,,,,,,,,,,
AEROENG4790,AEROENG3171,AEROENG3251,AEROENG3361,,,,,,,,,,,
AEROENG4791,AEROENG4790,,,,,,,,,,,,,
AEROENG4882,AEROENG3131,ELECENG2800,,,,,,,,,,,,
ELECENG2800,MATH3304,PHYSICS2135,,,,,,,,,,,,
AEROENG4883,AEROENG3171,AEROENG3251,AEROENG3361,AEROENG4882,,,,,,,,,,
AEROENG4885,AEROENG3171,AEROENG3361,AEROENG4253,AEROENG4535,,,,,,,,,,
AEROENG5000,,,,,,,,,,,,,,
MECHENG5001/AEROENG5001,,,,,,,,,,,,,,
MECHENG5131/AEROENG5131,AEROENG3131,MECHENG3131,,,,,,,,,,,,
AEROENG5139/MECHENG5139,COMPSCI1971,COMPSCI1970,COMPSCI1972/COMPSCI1982,COMPSCI1570/COMPSCI1580,,,,,,,,,,
COMPSCI1971,,,,,,,,,,,,,,
COMPSCI1970,,,,,,,,,,,,,,
AEROENG5169,AEROENG3171,,,,,,,,,,,,,
AEROENG5171,AEROENG3171,,,,,,,,,,,,,
AEROENG5212/MECHENG5212,MATH3304,,,,,,,,,,,,,
MECHENG5220/AEROENG5220,CIVENG2210,MATH3304,,,,,,,,,,,,
MECHENG5222/AEROENG5222,MECHENG5211,,,,,,,,,,,,,
MECHENG5211,CIVENG2210,MATH3304,,,,,,,,,,,,
MECHENG5229/AEROENG5229/CIVENG5118/ELECENG5270,MATH3304,,,,,,,,,,,,,
AEROENG5234/MECHENG5234,MECHENG2360/AEROENG2360,CIVENG2210,MATH3304,MECHENG2350,,,,,,,,,,
MECHENG2350,CIVENG2200,MATH2222,,,,,,,,,,,,
AEROENG5236/MECHENG5236,CIVENG2210,,,,,,,,,,,,,
MECHENG5238/AEROENG5238,CIVENG2210,,,,,,,,,,,,,
MECHENG5282/AEROENG5282,CIVENG2210,,,,,,,,,,,,,
MECHENG5307/AEROENG5307,MECHENG3313,AEROENG3613,MATH3304,MECHENG3411,,,,,,,,,,
MECHENG3411,MECHENG2360/AEROENG2360,MATH2222,PHYSICS1111,PHYSICS1135,MATH1215,MATH1214,MATH1211,MATH3304,COMPSCI1971,COMPSCI1970,PHYSICS2135,PHYSICS2111,COMPSCI1972/COMPSCI1982,COMPSCI1570/COMPSCI1580
AEROENG5309/MECHENG5309,MECHENG3313,AEROENG3613,MATH3304,MECHENG3411,,,,,,,,,,
MECHENG5313/AEROENG5313,MECHENG3313,AEROENG3613,,,,,,,,,,,,
AEROENG5353,AEROENG3171,AEROENG3251,,,,,,,,,,,,
AEROENG5361,AEROENG3361,,,,,,,,,,,,,
AEROENG5449/MECHENG5449,MECHENG3313,COMPSCI1971,COMPSCI1970,COMPSCI1972/COMPSCI1982,COMPSCI1570/COMPSCI1580,,,,,,,,,
ELECENG5870/MECHENG5478/COMPENG5820/AEROENG5478,MECHENG4479,,,,,,,,,,,,,
MECHENG4479,MECHENG3411,,,,,,,,,,,,,
AEROENG5481/MECHENG5481,AEROENG3361,MECHENG4479,,,,,,,,,,,,
AEROENG5519/MECHENG5519,MECHENG2519,,,,,,,,,,,,,
MECHENG5525/AEROENG5525,MECHENG3525,,,,,,,,,,,,,
MECHENG3525,MECHENG2519,MATH3304,COMPSCI1971,COMPSCI1970,COMPSCI1972/COMPSCI1982,COMPSCI1570/COMPSCI1580,,,,,,,,
AEROENG5527/MECHENG5527,MECHENG3521,,,,,,,,,,,,,
MECHENG3521,MECHENG2519,,,,,,,,,,,,,
AEROENG5535,AEROENG4535,,,,,,,,,,,,,
AEROENG5539/MECHENG5539,CIVENG2210,MECHENG2519,,,,,,,,,,,,
NUCENG5370/NUCENG4370/PHYSICS4543/AEROENG5570/MECHENG5570,AEROENG3131,MECHENG3131,ELECENG3600,PHYSICS3211,NUCENG3221,,,,,,,,,
ELECENG3600,MATH3304,PHYSICS2135,ELECENG2101,ELECENG2120,,,,,,,,,,
PHYSICS3211,PHYSICS2401,,,,,,,,,,,,,
NUCENG3221,MECHENG2519,MATH3304,MECHENG2527,,,,,,,,,,,
AEROENG5614,AEROENG3613,,,,,,,,,,,,,
AEROENG5758,MECHENG3313,AEROENG3251,ENGMGT5711,MECHENG5653,MECHENG3708,ENGMGT5714,,,,,,,,
ENGMGT5711,,,,,,,,,,,,,,
MECHENG5653,MECHENG3653,,,,,,,,,,,,,
MECHENG3708,CIVENG2200,AEROENG3877/PHYSICS4523/METENG5810/CHEMENG5300/CERENG5810,METENG2110,MECHENG2653,MECHENG2761,,,,,,,,,
ENGMGT5714,STAT3117,STAT3115,,,,,,,,,,,,
MECHENG5760/AEROENG5760,AEROENG3361,MECHENG3708,,,,,,,,,,,,
MECHENG5830/AEROENG5830,MATH3304,COMPSCI1971,COMPSCI1970,COMPSCI1972/COMPSCI1982,COMPSCI1570/COMPSCI1580,,,,,,,,,
ARCHENG2001,,,,,,,,,,,,,,
ARCHENG2002,,,,,,,,,,,,,,
CIVENG2003/ARCHENG2003,,,,,,,,,,,,,,
ARCHENG2103,CHEM1319,CHEM1310,,,,,,,,,,,,
CHEM1319,CHEM1310,CHEM1100,,,,,,,,,,,,
CHEM1310,,,,,,,,,,,,,,
ARCHENG3000,,,,,,,,,,,,,,
ARCHENG3001,,,,,,,,,,,,,,
ARCHENG3201/CIVENG3201,CIVENG2200,CIVENG2210,,,,,,,,,,,,
ARCHENG3210/CIVENG3210,ARCHENG3201/CIVENG3201,,,,,,,,,,,,,
ARCHENG3220/CIVENG3220,ARCHENG3201/CIVENG3201,,,,,,,,,,,,,
ARCHENG3804,ART3203,,,,,,,,,,,,,
ART3203,,,,,,,,,,,,,,
ENVENG4010/CIVENG4010/ARCHENG4010,,,,,,,,,,,,,,
ARCHENG4097,CIVENG4448/ARCHENG4448,,,,,,,,,,,,,
CIVENG4448/ARCHENG4448,PHYSICS1135,MATH1215,,,,,,,,,,,,
ARCHENG4099,,,,,,,,,,,,,,
CIVENG4447/ARCHENG4447,,,,,,,,,,,,,,
ARCHENG4800,CIVENG3330,MECHENG2527,,,,,,,,,,,,
CIVENG3330,MECHENG2360/AEROENG2360,MATH3304,MECHENG2350,MECHENG2340,,,,,,,,,,
MECHENG2527,PHYSICS1111,PHYSICS1135,MATH1215,,,,,,,,,,,
ARCHENG4850,MATH3304,PHYSICS2135,,,,,,,,,,,,
PHYSICS2135,PHYSICS1111,PHYSICS1135,MATH1215,MATH1221,,,,,,,,,,
ARCHENG5000,,,,,,,,,,,,,,
ARCHENG5001/CIVENG5209,ARCHENG3201/CIVENG3201,,,,,,,,,,,,,
ARCHENG5203/CIVENG5203,ARCHENG3201/CIVENG3201,,,,,,,,,,,,,
CIVENG5205/ARCHENG5205,ARCHENG3201/CIVENG3201,,,,,,,,,,,,,
CIVENG5206/ARCHENG5206,ARCHENG3210/CIVENG3210,ARCHENG3220/CIVENG3220,,,,,,,,,,,,
CIVENG5207/ARCHENG5207,ARCHENG3201/CIVENG3201,,,,,,,,,,,,,
ARCHENG5208/CIVENG5208,MECHENG2350,ARCHENG3201/CIVENG3201,,,,,,,,,,,,
CIVENG5210/ARCHENG5210,ARCHENG3210/CIVENG3210,,,,,,,,,,,,,
ARCHENG5220/CIVENG5220,ARCHENG3220/CIVENG3220,,,,,,,,,,,,,
CIVENG5222/ARCHENG5222,ARCHENG3220/CIVENG3220,,,,,,,,,,,,,
ARCHENG5231/CIVENG5231,ARCHENG3201/CIVENG3201,ARCHENG3220/CIVENG3220,,,,,,,,,,,,
CIVENG5260/ARCHENG5260,ARCHENG3201/CIVENG3201,,,,,,,,,,,,,
ARCHENG5270/CIVENG5270,ARCHENG3201/CIVENG3201,,,,,,,,,,,,,
CIVENG5442/ARCHENG5442,CIVENG4448/ARCHENG4448,,,,,,,,,,,,,
ARCHENG5445/CIVENG5445,CIVENG4448/ARCHENG4448,,,,,,,,,,,,,
CIVENG5446/ARCHENG5446,CIVENG4448/ARCHENG4448,,,,,,,,,,,,,
CIVENG5448/ARCHENG5448,CIVENG4448/ARCHENG4448,,,,,,,,,,,,,
CIVENG5449/ARCHENG5449,CIVENG4448/ARCHENG4448,,,,,,,,,,,,,
CIVENG5642/ARCHENG5642/ENVENG5642,,,,,,,,,,,,,,
ARCHENG5665/CIVENG5665/ENVENG5665,ENVENG2601/CIVENG2601,MECHENG5571,,,,,,,,,,,,
ENVENG2601/CIVENG2601,MATH1214,CHEM1310,CHEM1301,MATH1208,MATH1212,,,,,,,,,
MECHENG5571,MECHENG3525,MECHENG3521,CIVENG3330,MECHENG2527,,,,,,,,,,
CIVENG5729/ARCHENG5729,CIVENG4729,,,,,,,,,,,,,
CIVENG4729,CIVENG3715,,,,,,,,,,,,,
ARCHENG5820,PHYSICS2135,,,,,,,,,,,,,
ARCHENG5850,MECHENG2527,,,,,,,,,,,,,
ART1120,,,,,,,,,,,,,,
ART1140,,,,,,,,,,,,,,
ART1164,,,,,,,,,,,,,,
ART1180,,,,,,,,,,,,,,
ART1185,,,,,,,,,,,,,,
ART2000,,,,,,,,,,,,,,
ART2001,,,,,,,,,,,,,,
ART2130,ART1120,,,,,,,,,,,,,
ART2150,ART1140,,,,,,,,,,,,,
ART3000,,,,,,,,,,,,,,
ART3001,,,,,,,,,,,,,,
ART3100,ART1120,ART1140,ART1164,,,,,,,,,,,
ART3221/SPMS3221,ART1180,ART1185,SPMS2181,SPMS1185,,,,,,,,,,
SPMS2181,,,,,,,,,,,,,,
SPMS1185,,,,,,,,,,,,,,
ART3222,,,,,,,,,,,,,,
ART3245,ART1180,ART1185,,,,,,,,,,,,
ART3250,ART1185,,,,,,,,,,,,,
ART3260,,,,,,,,,,,,,,
ART3275/SPMS3275,SPMS1185,,,,,,,,,,,,,
ART3276/PHILOS3276,ART1185,,,,,,,,,,,,,
ART3500,,,,,,,,,,,,,,
ART4000,,,,,,,,,,,,,,
ART4001,,,,,,,,,,,,,,
FRENCH2170/FRENCH4320/ART4320,,,,,,,,,,,,,,
BIOSCI1001,,,,,,,,,,,,,,
BIOSCI1103,,,,,,,,,,,,,,
BIOSCI1113,,,,,,,,,,,,,,
BIOSCI1163,,,,,,,,,,,,,,
BIOSCI1173,,,,,,,,,,,,,,
BIOSCI1201,,,,,,,,,,,,,,
BIOSCI1213,,,,,,,,,,,,,,
BIOSCI1219,BIOSCI1113,BIOSCI1213,,,,,,,,,,,,
BIOSCI1223,,,,,,,,,,,,,,
BIOSCI1229,BIOSCI1223,,,,,,,,,,,,,
BIOSCI1943,,,,,,,,,,,,,,
BIOSCI1953,,,,,,,,,,,,,,
BIOSCI1982,,,,,,,,,,,,,,
BIOSCI1983,,,,,,,,,,,,,,
BIOSCI2001,,,,,,,,,,,,,,
BIOSCI2213,CHEM1320,,,,,,,,,,,,,
CHEM1320,CHEM1319,CHEM1310,,,,,,,,,,,,
BIOSCI2219,BIOSCI2213,,,,,,,,,,,,,
BIOSCI2223,BIOSCI1113,BIOSCI1173,BIOSCI1213,,,,,,,,,,,
BIOSCI2242,BIOSCI1201,,,,,,,,,,,,,
BIOSCI2243,BIOSCI1113,BIOSCI1213,,,,,,,,,,,,
BIOSCI2252,BIOSCI1113,BIOSCI1213,,,,,,,,,,,,
BIOSCI2263,BIOSCI1113,BIOSCI1213,BIOSCI1223,,,,,,,,,,,
BIOSCI2264,,,,,,,,,,,,,,
BIOSCI2333,BIOSCI1113,BIOSCI1213,,,,,,,,,,,,
BIOSCI2353,,,,,,,,,,,,,,
BIOSCI2359,BIOSCI2353,,,,,,,,,,,,,
BIOSCI2372,BIOSCI1113,BIOSCI1213,,,,,,,,,,,,
BIOSCI2383,BIOSCI1113,BIOSCI1213,BIOSCI1223,,,,,,,,,,,
BIOSCI2389,BIOSCI1219,BIOSCI2383,,,,,,,,,,,,
BIOSCI3000,,,,,,,,,,,,,,
BIOSCI3001,,,,,,,,,,,,,,
CHEMENG3210/CERENG3110/BIOSCI3110,,,,,,,,,,,,,,
BIOSCI3233,BIOSCI2223,,,,,,,,,,,,,
BIOSCI3313,BIOSCI2213,CHEM1320,,,,,,,,,,,,
BIOSCI3319,BIOSCI3313,,,,,,,,,,,,,
BIOSCI3333,BIOSCI1113,BIOSCI1213,BIOSCI2213,,,,,,,,,,,
BIOSCI3339,BIOSCI3333,,,,,,,,,,,,,
BIOSCI3343,BIOSCI1113,BIOSCI1213,BIOSCI2213,,,,,,,,,,,
BIOSCI3349,BIOSCI3343,,,,,,,,,,,,,
BIOSCI3353,BIOSCI1223,BIOSCI1229,,,,,,,,,,,,
BIOSCI3359,BIOSCI3333,BIOSCI3343,,,,,,,,,,,,
BIOSCI3363,BIOSCI1113,BIOSCI1213,BIOSCI1223,,,,,,,,,,,
BIOSCI3383,BIOSCI1113,BIOSCI1213,BIOSCI2383,BIOSCI2389,,,,,,,,,,
BIOSCI3483,BIOSCI3333,BIOSCI3343,,,,,,,,,,,,
BIOSCI3783,,,,,,,,,,,,,,
BIOSCI4001,,,,,,,,,,,,,,
BIOSCI4010,,,,,,,,,,,,,,
BIOSCI4099,,,,,,,,,,,,,,
BIOSCI4313,BIOSCI3313,,,,,,,,,,,,,
BIOSCI4316,BIOSCI3313,,,,,,,,,,,,,
BIOSCI4323,BIOSCI2213,BIOSCI2223,,,,,,,,,,,,
BIOSCI4329,BIOSCI4323,,,,,,,,,,,,,
BIOSCI4353,BIOSCI2213,,,,,,,,,,,,,
BIOSCI4363,BIOSCI2263,,,,,,,,,,,,,
BIOSCI4369,BIOSCI4363,,,,,,,,,,,,,
BIOSCI4373,BIOSCI2213,,,,,,,,,,,,,
BIOSCI4383,BIOSCI2213,,,,,,,,,,,,,
BIOSCI4423,BIOSCI2213,BIOSCI3313,,,,,,,,,,,,
BIOSCI4433,BIOSCI4323,,,,,,,,,,,,,
BIOSCI4533,BIOSCI2213,,,,,,,,,,,,,
BIOSCI4563,BIOSCI2263,,,,,,,,,,,,,
BIOSCI4663,BIOSCI1113,BIOSCI1213,,,,,,,,,,,,
BIOSCI4666,BIOSCI2213,BIOSCI2223,,,,,,,,,,,,
BIOSCI4900,,,,,,,,,,,,,,
BIOSCI4901,,,,,,,,,,,,,,
BIOSCI4902,,,,,,,,,,,,,,
BIOSCI4903,,,,,,,,,,,,,,
BIOSCI4904,,,,,,,,,,,,,,
BIOSCI4905,,,,,,,,,,,,,,
BIOSCI4906,,,,,,,,,,,,,,
BIOSCI5000,,,,,,,,,,,,,,
BIOSCI5001,,,,,,,,,,,,,,
BIOSCI5010,,,,,,,,,,,,,,
BIOSCI5020,,,,,,,,,,,,,,
BIOSCI5040,,,,,,,,,,,,,,
BIOSCI5099,,,,,,,,,,,,,,
MSE5310/BIOSCI5210/CHEMENG5200,,,,,,,,,,,,,,
MSE5210/BIOSCI5240,,,,,,,,,,,,,,
BIOSCI5313,ENVENG2601/CIVENG2601,BIOSCI3313,,,,,,,,,,,,
COMPSCI5700/BIOSCI5323,COMPSCI1971,BIOSCI1113,BIOSCI1213,COMPSCI1981,COMPSCI1570/COMPSCI1580,,,,,,,,,
COMPSCI1981,COMPSCI1971,,,,,,,,,,,,,
BIOSCI5343,BIOSCI2213,,,,,,,,,,,,,
BIOSCI5353,BIOSCI2213,,,,,,,,,,,,,
BIOSCI5393,BIOSCI2213,BIOSCI2223,BIOSCI3313,,,,,,,,,,,
BIOSCI5423,BIOSCI2263,,,,,,,,,,,,,
BIOSCI5443,BIOSCI2223,BIOSCI3233,,,,,,,,,,,,
BIOSCI5453,BIOSCI2263,,,,,,,,,,,,,
BIOSCI5493,CHEM1310,BIOSCI1113,BIOSCI1213,BIOSCI2213,CHEM1320,BIOSCI3313,CHEM2210,,,,,,,
CHEM2210,CHEM1319,CHEM1310,CHEM1320,,,,,,,,,,,
BIOSCI5523,BIOSCI1113,BIOSCI1213,BIOSCI1219,BIOSCI1223,BIOSCI1229,,,,,,,,,
BIOSCI5533,BIOSCI2213,,,,,,,,,,,,,
BUS1000,,,,,,,,,,,,,,
BUS1001,,,,,,,,,,,,,,
BUS1110,,,,,,,,,,,,,,
BUS1210,,,,,,,,,,,,,,
BUS1414,,,,,,,,,,,,,,
BUS1810,,,,,,,,,,,,,,
BUS1811,,,,,,,,,,,,,,
BUS2000,,,,,,,,,,,,,,
BUS2001,,,,,,,,,,,,,,
BUS2002,,,,,,,,,,,,,,
BUS2910,,,,,,,,,,,,,,
BUS3000,,,,,,,,,,,,,,
BUS3105,,,,,,,,,,,,,,
BUS3115,,,,,,,,,,,,,,
BUS3205,,,,,,,,,,,,,,
BUS3220,BUS1210,ENGMGT2211,,,,,,,,,,,,
ENGMGT2211,ENGMGT1210,,,,,,,,,,,,,
BUS3305,,,,,,,,,,,,,,
BUS3705,,,,,,,,,,,,,,
BUS3805,,,,,,,,,,,,,,
BUS4000,,,,,,,,,,,,,,
BUS4001,,,,,,,,,,,,,,
BUS4099,,,,,,,,,,,,,,
BUS4675,,,,,,,,,,,,,,
BUS4970,,,,,,,,,,,,,,
BUS4980,BUS4970,,,,,,,,,,,,,
BUS5000,,,,,,,,,,,,,,
BUS5001,,,,,,,,,,,,,,
BUS5040,,,,,,,,,,,,,,
BUS5080,,,,,,,,,,,,,,
BUS5085,,,,,,,,,,,,,,
BUS5099,,,,,,,,,,,,,,
BUS5105,,,,,,,,,,,,,,
BUS5111,,,,,,,,,,,,,,
BUS5115,,,,,,,,,,,,,,
MKT5150/BUS5150,ENGMGT3510,MKT3110,MKT3105,,,,,,,,,,,
ENGMGT3510,ENGMGT2110,,,,,,,,,,,,,
MKT3110,,,,,,,,,,,,,,
MKT3105,,,,,,,,,,,,,,
BUS5205,,,,,,,,,,,,,,
BUS5230,BUS1210,,,,,,,,,,,,,
BUS5305,,,,,,,,,,,,,,
BUS5360,BUS1210,ENGMGT2211,STAT3113,STAT1115,STAT3111,STAT1111/ECON1300,STAT3117,STAT3115,,,,,,
STAT3113,MATH1215,MATH1221,,,,,,,,,,,,
STAT1115,,,,,,,,,,,,,,
STAT3111,MATH1214,MATH1208,MATH1212,,,,,,,,,,,
STAT1111/ECON1300,MATH1140,MATH1120,,,,,,,,,,,,
STAT3117,MATH2222,,,,,,,,,,,,,
STAT3115,MATH1215,MATH1221,,,,,,,,,,,,
BUS5470,BUS1110,,,,,,,,,,,,,
BUS5580,ENGMGT3510,MKT3110,FINANCE2150,,,,,,,,,,,
FINANCE2150,BUS1210,ENGMGT2211,,,,,,,,,,,,
BUS5705,,,,,,,,,,,,,,
BUS5730,IST1750,,,,,,,,,,,,,
IST1750,,,,,,,,,,,,,,
BUS5805,,,,,,,,,,,,,,
BUS5896,,,,,,,,,,,,,,
BUS5910,,,,,,,,,,,,,,
BUS5980,,,,,,,,,,,,,,
CERENG2002,,,,,,,,,,,,,,
CERENG2110,,,,,,,,,,,,,,
CERENG2120,CERENG2110,,,,,,,,,,,,,
CERENG2210,,,,,,,,,,,,,,
CERENG2315,,,,,,,,,,,,,,
CERENG2325,CERENG2315,,,,,,,,,,,,,
CERENG3001,,,,,,,,,,,,,,
CERENG3210,,,,,,,,,,,,,,
CERENG3220,CERENG3230,,,,,,,,,,,,,
CERENG3230,CHEM1320,,,,,,,,,,,,,
CERENG3240,CERENG2210,,,,,,,,,,,,,
CERENG3315,CERENG2325,,,,,,,,,,,,,
CERENG3325,CERENG2325,,,,,,,,,,,,,
CERENG3410,CERENG2110,METENG2110,,,,,,,,,,,,
METENG2110,CHEM1310,,,,,,,,,,,,,
CERENG4000,,,,,,,,,,,,,,
CERENG4001,,,,,,,,,,,,,,
METENG4096/CERENG4096,CERENG3315,METENG2125,METENG3125,,,,,,,,,,,
METENG2125,METENG3130,,,,,,,,,,,,,
METENG3125,METENG2110,METENG3120,,,,,,,,,,,,
CERENG4097/METENG4097,METENG4096/CERENG4096,,,,,,,,,,,,,
CERENG4099,,,,,,,,,,,,,,
CERENG4220,CIVENG2210,,,,,,,,,,,,,
CERENG4230,CIVENG2210,,,,,,,,,,,,,
CERENG4240,PHYSICS2305,,,,,,,,,,,,,
PHYSICS2305,MATH2222,PHYSICS2135,PHYSICS2111,,,,,,,,,,,
CERENG4250,CERENG3220,,,,,,,,,,,,,
CERENG4310,CERENG3210,,,,,,,,,,,,,
CERENG4410,MATH3304,CERENG2110,CERENG3230,METENG2110,,,,,,,,,,
GEOENG5092/CERENG4510/METENG4510,GEOENG5211/GEOENG5247,,,,,,,,,,,,,
CERENG5000,,,,,,,,,,,,,,
CERENG5001,,,,,,,,,,,,,,
CERENG5002,,,,,,,,,,,,,,
CERENG5040,,,,,,,,,,,,,,
CERENG5099,,,,,,,,,,,,,,
CERENG5115,CERENG3410,,,,,,,,,,,,,
CERENG5220,,,,,,,,,,,,,,
CERENG5230,,,,,,,,,,,,,,
CERENG5250,CERENG3230,,,,,,,,,,,,,
CERENG5260,,,,,,,,,,,,,,
CERENG5310,CERENG3210,CERENG3325,,,,,,,,,,,,
CHEMENG2001,,,,,,,,,,,,,,
CHEMENG2100,PHYSICS1135,MATH1215,CHEM1320,MATH1221,GEOLOGY3410,,,,,,,,,
MATH1221,MATH1214,MATH1208,MATH1160,,,,,,,,,,,
GEOLOGY3410,CHEM1310,,,,,,,,,,,,,
CHEMENG2110,MATH2222,CHEMENG2100,,,,,,,,,,,,
CHEMENG3000,,,,,,,,,,,,,,
CHEMENG3001,,,,,,,,,,,,,,
CHEMENG3002,,,,,,,,,,,,,,
CHEMENG3101,MATH3304,CHEMENG2110,,,,,,,,,,,,
CHEMENG3111,MATH3304,COMPSCI1971,COMPSCI1981,CHEMENG2100,COMPSCI1500,COMPSCI1972/COMPSCI1982,COMPSCI1570/COMPSCI1580,,,,,,,
COMPSCI1500,,,,,,,,,,,,,,
CHEMENG3120,CHEMENG2100,CHEMENG2110,,,,,,,,,,,,
CHEMENG3131,CHEMENG3101,CHEMENG3111,CHEMENG3120,,,,,,,,,,,
CHEMENG3141,CHEMENG3101,CHEMENG3120,,,,,,,,,,,,
CHEMENG3150,CHEMENG3101,CHEMENG3111,,,,,,,,,,,,
CHEMENG3200,CHEMENG3120,,,,,,,,,,,,,
CHEMENG4000,,,,,,,,,,,,,,
CHEMENG4001,,,,,,,,,,,,,,
CHEMENG4091,CHEMENG3131,CHEMENG3141,CHEMENG3150,ENGLISH1160,ENGLISH3560,,,,,,,,,
ENGLISH1160,ENGLISH1120,,,,,,,,,,,,,
ENGLISH3560,ENGLISH1120,,,,,,,,,,,,,
CHEMENG4097,CHEMENG3150,CHEMENG4091,CHEMENG4110,,,,,,,,,,,
CHEMENG4110,CHEMENG3131,CHEMENG3141,CHEMENG3150,,,,,,,,,,,
CHEMENG4099,,,,,,,,,,,,,,
CHEMENG4101,STAT3113,CHEMENG3141,CHEMENG4110,,,,,,,,,,,
CHEMENG4130,STAT3113,CHEMENG3131,CHEMENG3141,CHEMENG3150,ENGLISH1160,ENGLISH3560,,,,,,,,
CHEMENG4140,CHEMENG3150,,,,,,,,,,,,,
CHEMENG4150,MATH3304,,,,,,,,,,,,,
CHEMENG4200,CHEMENG3200,,,,,,,,,,,,,
CHEMENG4201,STAT3113,CHEMENG5250,,,,,,,,,,,,
CHEMENG5250,CHEMENG3131,CHEMENG3141,,,,,,,,,,,,
CHEMENG4210,CHEMENG3150,,,,,,,,,,,,,
CHEMENG4220,STAT3113,CHEMENG4210,,,,,,,,,,,,
CHEMENG4241,CHEMENG3150,,,,,,,,,,,,,
CHEMENG4301,PHYSICS1135,,,,,,,,,,,,,
CHEMENG4310/ENGMGT5315/MECHENG5644,,,,,,,,,,,,,,
CHEMENG4311,,,,,,,,,,,,,,
CHEMENG5000,,,,,,,,,,,,,,
CHEMENG5001,,,,,,,,,,,,,,
CHEMENG5010,,,,,,,,,,,,,,
CHEMENG5040,,,,,,,,,,,,,,
CHEMENG5100,CHEMENG3101,,,,,,,,,,,,,
CHEMENG5110,CHEMENG3150,,,,,,,,,,,,,
CHEMENG5120,CHEMENG3131,,,,,,,,,,,,,
CHEMENG5130/ENGMGT4312,,,,,,,,,,,,,,
CHEMENG5150,,,,,,,,,,,,,,
CHEMENG5161,CHEMENG3120,,,,,,,,,,,,,
CHEMENG5170,CHEMENG3131,,,,,,,,,,,,,
CHEMENG5190/ELECENG5350,CHEMENG4110,ELECENG3340,ELECENG3320/ELECENG3321,,,,,,,,,,,
ELECENG3340,ELECENG2800,ELECENG2120,,,,,,,,,,,,
CHEMENG5210,CHEMENG3150,,,,,,,,,,,,,
CHEMENG5220,CHEMENG3120,,,,,,,,,,,,,
CHEMENG5305,CHEMENG3131,,,,,,,,,,,,,
CHEMENG5310,CHEMENG3131,,,,,,,,,,,,,
CHEMENG5315/METENG5310,CERENG3230,CHEMENG3120,,,,,,,,,,,,
CHEMENG5320,CHEM1320,,,,,,,,,,,,,
CHEMENG5325,CHEMENG3150,,,,,,,,,,,,,
CHEMENG5330,CHEMENG3131,,,,,,,,,,,,,
CHEMENG5340,CHEMENG3101,,,,,,,,,,,,,
CHEMENG5350,CHEMENG3131,,,,,,,,,,,,,
CHEMENG5355/ELECENG5355,CHEMENG4110,ELECENG3340,ELECENG3320/ELECENG3321,,,,,,,,,,,
CHEM5810/MSE5810/CHEMENG5810,CHEM1320,,,,,,,,,,,,,
CHEM1000,,,,,,,,,,,,,,
CHEM1001,,,,,,,,,,,,,,
CHEM1100,,,,,,,,,,,,,,
CHEM1110,,,,,,,,,,,,,,
CHEM1301,,,,,,,,,,,,,,
CHEM1510,CHEM1320,CHEM1100,,,,,,,,,,,,
CHEM2000,,,,,,,,,,,,,,
CHEM2001,,,,,,,,,,,,,,
CHEM2002,,,,,,,,,,,,,,
CHEM2010,,,,,,,,,,,,,,
CHEM2100,,,,,,,,,,,,,,
CHEM2219,CHEM2210,CHEM1100,,,,,,,,,,,,
CHEM2220,CHEM2210,,,,,,,,,,,,,
CHEM2229,CHEM1100,CHEM2219,CHEM2220,CHEM2289,,,,,,,,,,
CHEM2289,CHEM2210,CHEM1100,,,,,,,,,,,,
CHEM2310,,,,,,,,,,,,,,
CHEM2319,CHEM1100,CHEM2310,,,,,,,,,,,,
CHEM2320,CHEM2310,,,,,,,,,,,,,
CHEM2510,CHEM1320,CHEM1100,,,,,,,,,,,,
CHEM3100,,,,,,,,,,,,,,
CHEM3319,CHEM1100,CHEM2100,,,,,,,,,,,,
CHEM3410,PHYSICS1111,PHYSICS1135,MATH1215,MATH1221,,,,,,,,,,
CHEM3419,CHEM1100,CHEM3410,,,,,,,,,,,,
CHEM3420,MATH2222,PHYSICS2135,PHYSICS2111,,,,,,,,,,,
PHYSICS2111,PHYSICS1111,PHYSICS1135,MATH1215,MATH1221,,,,,,,,,,
CHEM3429,CHEM1100,CHEM3420,,,,,,,,,,,,
CHEM3430,CHEM3410,,,,,,,,,,,,,
CHEM3459,CHEM1100,CHEM3420,,,,,,,,,,,,
CHEM3510,CHEM1100,CHEM2220,CHEM2510,CHEM3410,,,,,,,,,,
CHEM4000,CHEM1100,,,,,,,,,,,,,
CHEM4001,,,,,,,,,,,,,,
CHEM4010,,,,,,,,,,,,,,
CHEM4099,,,,,,,,,,,,,,
CHEM4210,CHEM2220,,,,,,,,,,,,,
CHEM4220,CHEM2220,,,,,,,,,,,,,
CHEM4297,CHEM1100,CHEM2220,CHEM2229,,,,,,,,,,,
CHEM4310,,,,,,,,,,,,,,
CHEM4410,CHEM3420,,,,,,,,,,,,,
CHEM4420,CHEM3420,,,,,,,,,,,,,
CHEM4510,CHEM3430,CHEM3510,,,,,,,,,,,,
CHEM4610,CHEM2220,,,,,,,,,,,,,
CHEM4619,CHEM1100,CHEM4610,,,,,,,,,,,,
CHEM4620,CHEM4610,,,,,,,,,,,,,
CHEM4630,,,,,,,,,,,,,,
CHEM4710,PHYSICS1111,PHYSICS1135,CHEM2210,,,,,,,,,,,
MSE4810/CHEM4810,CHEM1320,,,,,,,,,,,,,
CHEM4819/MSE4819,CHEM1100,MSE4810/CHEM4810,,,,,,,,,,,,
MSE4850/CHEM4850,CHEM1320,,,,,,,,,,,,,
CHEM5000,CHEM1100,,,,,,,,,,,,,
CHEM5001,,,,,,,,,,,,,,
CHEM5099,,,,,,,,,,,,,,
CHEM5100,,,,,,,,,,,,,,
CHEM5210,CHEM2220,,,,,,,,,,,,,
CHEM5220,CHEM2220,,,,,,,,,,,,,
CHEM5310,,,,,,,,,,,,,,
CHEM5410,CHEM3420,,,,,,,,,,,,,
CHEM5420,MATH2222,PHYSICS2135,PHYSICS2111,,,,,,,,,,,
CHEM5430,CHEM3430,,,,,,,,,,,,,
CHEM5460/MSE5460,,,,,,,,,,,,,,
CHEM5510,CHEM1100,CHEM2220,CHEM2510,CHEM3430,,,,,,,,,,
CHEM5610,CHEM2220,,,,,,,,,,,,,
CHEM5619,CHEM1100,CHEM5610,,,,,,,,,,,,
CHEM5620,CHEM4610,CHEM5610,,,,,,,,,,,,
CHEM5630,,,,,,,,,,,,,,
CHEM5650,CHEM2220,,,,,,,,,,,,,
CHEM5710,CHEM2210,PHYSICS2111,,,,,,,,,,,,
CHEM5819/MSE5819,CHEMENG5310,CHEM5810/MSE5810/CHEMENG5810,CHEM1100,MSE4810/CHEM4810,CHEM5100,,,,,,,,,
MSE5850/CHEM5850,CHEM1320,,,,,,,,,,,,,
CIVENG2001,,,,,,,,,,,,,,
CIVENG2002,,,,,,,,,,,,,,
CIVENG2211,CIVENG2210,,,,,,,,,,,,,
CIVENG2401,MATH1214,MATH1211,MATH1208,,,,,,,,,,,
MATH1208,MATH1140,MATH1120,MATH1160,,,,,,,,,,,
CIVENG2451,,,,,,,,,,,,,,
MATH1212,MATH1215,MATH1221,MATH1210,MATH1140,MATH1120,,,,,,,,,
CIVENG2602/ENVENG2602,ENVENG2601/CIVENG2601,BIOSCI1113,,,,,,,,,,,,
CIVENG3000,,,,,,,,,,,,,,
CIVENG3001,,,,,,,,,,,,,,
CIVENG3116,PHYSICS1135,MATH1215,CIVENG2210,CIVENG2211,GEOLOGY1110/GEOENG1150,,,,,,,,,
GEOLOGY1110/GEOENG1150,,,,,,,,,,,,,,
MECHENG2340,MATH2222,PHYSICS1111,PHYSICS1135,CIVENG2210,,,,,,,,,,
CIVENG3333,CIVENG3330,,,,,,,,,,,,,
CIVENG3334,CIVENG3330,STAT3113,STAT3111,STAT3117,STAT3115,,,,,,,,,
CIVENG3335,CIVENG3330,,,,,,,,,,,,,
CIVENG3500,CIVENG2003/ARCHENG2003,CIVENG2401,,,,,,,,,,,,
CIVENG3615/ENVENG3615,ENVENG2601/CIVENG2601,,,,,,,,,,,,,
CIVENG3715,PHYSICS1135,MATH1215,CIVENG2210,CIVENG3330,GEOLOGY1110/GEOENG1150,,,,,,,,,
CIVENG3842,MATH2222,PHYSICS2135,,,,,,,,,,,,
CIVENG4001,,,,,,,,,,,,,,
CIVENG4097,CIVENG4448/ARCHENG4448,,,,,,,,,,,,,
CIVENG4099,,,,,,,,,,,,,,
CIVENG5000,,,,,,,,,,,,,,
CIVENG5001,,,,,,,,,,,,,,
CIVENG5010,,,,,,,,,,,,,,
ELECENG5070/ENVENG5070/CIVENG5070/COMPENG5070/ENGMGT5070,,,,,,,,,,,,,,
CIVENG5112,CIVENG3116,,,,,,,,,,,,,
CIVENG5113,CIVENG3116,,,,,,,,,,,,,
CIVENG5117,CIVENG3116,,,,,,,,,,,,,
CIVENG5156,CIVENG3116,,,,,,,,,,,,,
CIVENG5250,CIVENG3500,,,,,,,,,,,,,
CIVENG5330,CIVENG3330,,,,,,,,,,,,,
CIVENG5331,CIVENG3330,,,,,,,,,,,,,
CIVENG5332,CIVENG3330,,,,,,,,,,,,,
CIVENG5333,CIVENG3330,,,,,,,,,,,,,
CIVENG5335,CIVENG3330,,,,,,,,,,,,,
CIVENG5337,CIVENG3330,,,,,,,,,,,,,
CIVENG5338,CIVENG3334,,,,,,,,,,,,,
CIVENG5360/ENVENG5360,CIVENG3333,CIVENG3335,CIVENG3615/ENVENG3615,,,,,,,,,,,
CIVENG5404,CIVENG2401,,,,,,,,,,,,,
CIVENG5406,CIVENG2401,,,,,,,,,,,,,
CIVENG5441,,,,,,,,,,,,,,
CIVENG5451,CIVENG4448/ARCHENG4448,CIVENG2451,,,,,,,,,,,,
CIVENG5452,CIVENG4448/ARCHENG4448,ENGMGT1210,ENGMGT3320,,,,,,,,,,,
ENGMGT1210,,,,,,,,,,,,,,
ENGMGT3320,,,,,,,,,,,,,,
CIVENG5453,CIVENG4448/ARCHENG4448,ENGMGT3320,,,,,,,,,,,,
CIVENG5454,CIVENG4448/ARCHENG4448,ENGMGT3320,,,,,,,,,,,,
CIVENG5455,CIVENG4448/ARCHENG4448,ENGMGT3320,,,,,,,,,,,,
CIVENG5510,CIVENG3500,,,,,,,,,,,,,
CIVENG5513,CIVENG3500,,,,,,,,,,,,,
CIVENG5515,CIVENG3500,,,,,,,,,,,,,
CIVENG5605/ENVENG5605,ENVENG2601/CIVENG2601,CIVENG2602/ENVENG2602,,,,,,,,,,,,
CIVENG5619/ENVENG5619,CIVENG3615/ENVENG3615,,,,,,,,,,,,,
CIVENG5630/ENVENG5630,CIVENG3615/ENVENG3615,GEOENG5237,,,,,,,,,,,,
GEOENG5237,GEOENG3175,,,,,,,,,,,,,
ENVENG5635/CIVENG5635,CIVENG3615/ENVENG3615,,,,,,,,,,,,,
ENVENG5640/CIVENG5640,,,,,,,,,,,,,,
ENVENG5650/CIVENG5650,ENVENG2601/CIVENG2601,,,,,,,,,,,,,
CIVENG5660/ENVENG5660,CIVENG3330,,,,,,,,,,,,,
CIVENG5662/ENVENG5662,CIVENG3330,,,,,,,,,,,,,
ENVENG5670/CIVENG5670,ENVENG2601/CIVENG2601,,,,,,,,,,,,,
CIVENG5702,CIVENG2401,,,,,,,,,,,,,
CIVENG5715,CIVENG3715,,,,,,,,,,,,,
CIVENG5716,CIVENG3715,,,,,,,,,,,,,
CIVENG5744,CIVENG3715,,,,,,,,,,,,,
CIVENG5750/GEOENG5761/GEOPHYS5761,,,,,,,,,,,,,,
COMPENG1200,,,,,,,,,,,,,,
COMPENG2001,,,,,,,,,,,,,,
COMPENG3000,,,,,,,,,,,,,,
COMPENG3001,,,,,,,,,,,,,,
COMPENG3002,,,,,,,,,,,,,,
COMPENG3110/COMPSCI3803,COMPSCI1575,COMPENG2210/COMPENG2211,,,,,,,,,,,,
COMPSCI1575,COMPSCI1570/COMPSCI1580,,,,,,,,,,,,,
COMPENG3150,COMPSCI1570/COMPSCI1580,COMPENG2210/COMPENG2211,,,,,,,,,,,,
COMPENG3151,COMPENG3150,COMPSCI1570/COMPSCI1580,COMPENG2210/COMPENG2211,,,,,,,,,,,
COMPENG4000,,,,,,,,,,,,,,
COMPENG4001,,,,,,,,,,,,,,
COMPENG4096,ENGLISH1160,ENGLISH3560,COMPENG3110/COMPSCI3803,COMPSCI1575,COMPENG3150,COMPENG3151,ELECENG2200,,,,,,,
ELECENG2200,PHYSICS2135,ELECENG2100,ELECENG2101,,,,,,,,,,,
COMPENG4097,SPMS1185,STAT3117,STAT3115,COMPENG4096,STAT5643,,,,,,,,,
STAT5643,MATH2222,,,,,,,,,,,,,
COMPENG4099,,,,,,,,,,,,,,
COMPENG5000,,,,,,,,,,,,,,
COMPENG5001,,,,,,,,,,,,,,
COMPENG5040,,,,,,,,,,,,,,
COMPENG5085,,,,,,,,,,,,,,
COMPENG5099,,,,,,,,,,,,,,
COMPENG5110/COMPSCI5803,COMPENG3150,COMPSCI2500,,,,,,,,,,,,
COMPSCI2500,MATH1214,MATH1211,MATH1208,COMPSCI1575,COMPSCI1200,,,,,,,,,
COMPENG5120,COMPENG3150,COMPENG3151,,,,,,,,,,,,
COMPENG5130,COMPENG5110/COMPSCI5803,,,,,,,,,,,,,
COMPENG5151,COMPENG3150,COMPENG5110/COMPSCI5803,,,,,,,,,,,,
COMPENG5160,COMPENG3150,,,,,,,,,,,,,
COMPSCI5205/COMPENG5170,COMPENG3150,COMPSCI3800,,,,,,,,,,,,
COMPSCI3800,COMPSCI1575,COMPENG2210/COMPENG2211,,,,,,,,,,,,
COMPENG5210,ELECENG2200,COMPENG2210/COMPENG2211,,,,,,,,,,,,
COMPENG5220,COMPENG2210/COMPENG2211,,,,,,,,,,,,,
COMPENG5230/ELECENG5250,COMPENG2210/COMPENG2211,,,,,,,,,,,,,
COMPENG5310/ELECENG5810/SYSENG5211,,,,,,,,,,,,,,
COMPSCI5408/COMPENG5320,STAT3113,STAT3117,STAT3115,STAT5643,COMPSCI2500,MATH3108,,,,,,,,
MATH3108,MATH2222,MATH1215,MATH1221,,,,,,,,,,,
COMPENG5410,STAT3117,STAT3115,COMPENG3150,STAT5643,,,,,,,,,,
COMPENG5420,COMPENG5410,COMPSCI5600,,,,,,,,,,,,
COMPSCI5600,COMPSCI3610,,,,,,,,,,,,,
SYSENG5323/COMPENG5430/ELECENG5430,COMPENG3150,,,,,,,,,,,,,
ELECENG5450/COMPENG5450,ELECENG3430/ELECENG3431,,,,,,,,,,,,,
ELECENG5460/COMPENG5460,ELECENG3430/ELECENG3431,,,,,,,,,,,,,
COMPENG5510,COMPENG2210/COMPENG2211,,,,,,,,,,,,,
COMPENG5610,ELECENG3410,,,,,,,,,,,,,
ELECENG3410,ELECENG2120,,,,,,,,,,,,,
ELECENG5620/COMPENG5620,ELECENG3600,COMPENG3150,,,,,,,,,,,,
PHILOS4354/COMPENG5803/COMPSCI5203/MATH5154,COMPSCI2500,PHILOS3254,MATH5105,COMPENG2210/COMPENG2211,,,,,,,,,,
PHILOS3254,COMPSCI1200,COMPENG2210/COMPENG2211,,,,,,,,,,,,
MATH5105,MATH3108,MATH3109,,,,,,,,,,,,
COMPSCI5403/COMPENG5880/ELECENG5880,COMPSCI1575,MATH3108,,,,,,,,,,,,
COMPSCI1000,,,,,,,,,,,,,,
COMPSCI1001,,,,,,,,,,,,,,
COMPSCI1010,,,,,,,,,,,,,,
COMPSCI1200,MATH1214,MATH1211,COMPSCI1500,MATH1208,MATH1210,MATH1140,MATH1120,COMPSCI1570/COMPSCI1580,,,,,,
MATH1210,MATH1140,MATH1120,,,,,,,,,,,,
MATH1140,,,,,,,,,,,,,,
MATH1120,,,,,,,,,,,,,,
COMPSCI1585,COMPSCI1575,,,,,,,,,,,,,
COMPSCI1911,,,,,,,,,,,,,,
COMPSCI1980,COMPSCI1970,,,,,,,,,,,,,
COMPSCI2000,,,,,,,,,,,,,,
COMPSCI2001,,,,,,,,,,,,,,
COMPSCI2002,,,,,,,,,,,,,,
COMPSCI2200,COMPSCI1575,COMPSCI1200,,,,,,,,,,,,
COMPSCI2300,COMPSCI1575,,,,,,,,,,,,,
COMPSCI2501,COMPSCI1570/COMPSCI1580,,,,,,,,,,,,,
COMPSCI2889,COMPSCI1575,COMPSCI1200,,,,,,,,,,,,
COMPSCI3000,,,,,,,,,,,,,,
COMPSCI3001,,,,,,,,,,,,,,
COMPSCI3010,,,,,,,,,,,,,,
COMPSCI3100,COMPSCI2500,,,,,,,,,,,,,
COMPSCI3200,MATH1215,MATH1221,,,,,,,,,,,,
COMPSCI3402,STAT3113,STAT3117,STAT3115,COMPSCI1500,STAT5643,COMPSCI2300,,,,,,,,
COMPSCI3500,COMPSCI2200,,,,,,,,,,,,,
COMPSCI3601,COMPSCI3800,,,,,,,,,,,,,
COMPSCI3610,COMPSCI3800,,,,,,,,,,,,,
COMPSCI4000,,,,,,,,,,,,,,
COMPSCI4001,,,,,,,,,,,,,,
COMPSCI4010,,,,,,,,,,,,,,
COMPSCI4090,COMPSCI2500,COMPSCI2300,COMPSCI3610,,,,,,,,,,,
COMPSCI4091,COMPSCI4090,IST5168/PHILOS4368,COMPSCI4610,PHILOS4340,PHILOS3225,PHILOS3235,,,,,,,,
IST5168/PHILOS4368,,,,,,,,,,,,,,
COMPSCI4610,COMPSCI3610,,,,,,,,,,,,,
PHILOS4340,,,,,,,,,,,,,,
PHILOS3225,,,,,,,,,,,,,,
PHILOS3235,,,,,,,,,,,,,,
COMPSCI4096,COMPSCI3100,,,,,,,,,,,,,
COMPSCI4097,COMPSCI4091,COMPSCI4096,,,,,,,,,,,,
COMPSCI4099,,,,,,,,,,,,,,
COMPSCI4489,COMPSCI1575,,,,,,,,,,,,,
COMPSCI4601,COMPSCI3800,,,,,,,,,,,,,
COMPSCI4700,,,,,,,,,,,,,,
COMPSCI5000,,,,,,,,,,,,,,
COMPSCI5001,,,,,,,,,,,,,,
COMPSCI5040,,,,,,,,,,,,,,
COMPSCI5099,,,,,,,,,,,,,,
COMPSCI5100,COMPSCI3100,,,,,,,,,,,,,
COMPSCI5101,COMPSCI2500,,,,,,,,,,,,,
COMPSCI5102,COMPSCI2500,,,,,,,,,,,,,
COMPSCI5200,COMPSCI2500,,,,,,,,,,,,,
COMPSCI5201,COMPSCI1575,MATH3108,COMPSCI3200,,,,,,,,,,,
COMPSCI5202,COMPSCI5201,,,,,,,,,,,,,
COMPSCI5204/STAT5346,MATH2222,STAT3113,STAT3111,STAT3117,STAT3115,STAT5643,,,,,,,,
COMPSCI5300,COMPSCI1200,COMPSCI2300,,,,,,,,,,,,
COMPSCI5400,COMPSCI2500,,,,,,,,,,,,,
COMPSCI5401,COMPSCI2500,,,,,,,,,,,,,
COMPSCI5402,STAT3113,STAT3117,STAT3115,STAT5643,COMPSCI2500,COMPSCI2300,,,,,,,,
COMPSCI5404,COMPSCI2500,MATH3108,,,,,,,,,,,,
COMPSCI5405,COMPSCI2500,,,,,,,,,,,,,
COMPSCI5406,COMPSCI2500,COMPSCI3200,,,,,,,,,,,,
COMPSCI5407,COMPSCI2500,MATH3108,,,,,,,,,,,,
COMPSCI5409,COMPSCI2500,,,,,,,,,,,,,
COMPSCI5420,STAT3113,STAT3117,STAT3115,STAT5643,COMPSCI2500,MATH3108,,,,,,,,
COMPSCI5500,COMPSCI2500,COMPSCI3500,,,,,,,,,,,,
COMPSCI5601,,,,,,,,,,,,,,
COMPSCI5602,COMPSCI2500,COMPSCI5200,,,,,,,,,,,,
COMPSCI5701,COMPSCI3100,COMPSCI4090,,,,,,,,,,,,
COMPSCI5800,COMPSCI2500,COMPSCI3800,,,,,,,,,,,,
COMPSCI5801,COMPSCI3800,,,,,,,,,,,,,
COMPSCI5802,COMPSCI2500,COMPSCI3800,,,,,,,,,,,,
ECON1000,,,,,,,,,,,,,,
ECON1001,,,,,,,,,,,,,,
ECON1100,,,,,,,,,,,,,,
ECON1200,,,,,,,,,,,,,,
ECON2000,,,,,,,,,,,,,,
ECON2001,,,,,,,,,,,,,,
ECON2100,ECON1100,ECON1200,,,,,,,,,,,,
ECON2114,ECON1100,ECON1200,,,,,,,,,,,,
ECON2200,ECON1100,ECON1200,,,,,,,,,,,,
ECON3000,,,,,,,,,,,,,,
ECON3001,,,,,,,,,,,,,,
ECON3300,STAT3113,STAT1115,STAT3111,STAT3117,STAT3115,ECON1100,ECON1200,,,,,,,
ECON3333,STAT3113,STAT1115,STAT3111,STAT3117,STAT3115,ECON1100,ECON1200,,,,,,,
MINENG3512/ECON3512,ECON1100,ECON1200,,,,,,,,,,,,
ECON3810,ECON1100,,,,,,,,,,,,,
ECON3830,ECON1100,ECON1200,,,,,,,,,,,,
ECON3880,ECON1100,ECON1200,,,,,,,,,,,,
ECON4000,,,,,,,,,,,,,,
ECON4001,,,,,,,,,,,,,,
ECON4010,,,,,,,,,,,,,,
ECON4085,,,,,,,,,,,,,,
ECON4120,,,,,,,,,,,,,,
ECON4130,ECON1100,ECON1200,,,,,,,,,,,,
ECON4230,ECON2200,,,,,,,,,,,,,
ECON4300,STAT3113,STAT1115,STAT3111,STAT3117,STAT3115,STAT5643,MATH1140,ECON1100,ECON1200,,,,,
ECON4310,MATH1208,ECON2100,ECON2200,,,,,,,,,,,
ECON4350/STAT5755,STAT5643,STAT5644,,,,,,,,,,,,
STAT5644,STAT5643,,,,,,,,,,,,,
ECON4383,ECON1100,ECON1200,,,,,,,,,,,,
ECON4410,ECON2100,,,,,,,,,,,,,
ECON4430,ECON1100,,,,,,,,,,,,,
MINENG4523/ECON4440,ECON1100,,,,,,,,,,,,,
MINENG4512/ECON4512,,,,,,,,,,,,,,
ECON4538,STAT3111,ECON1100,ECON1200,ECON3300,,,,,,,,,,
ECON4540/MINENG4524,ECON1100,ECON1200,,,,,,,,,,,,
ECON4641,,,,,,,,,,,,,,
ECON4642,,,,,,,,,,,,,,
ECON4643,,,,,,,,,,,,,,
ECON4710,ECON2100,,,,,,,,,,,,,
ECON4720,ECON2200,,,,,,,,,,,,,
ECON4730,ECON2100,ECON2200,,,,,,,,,,,,
ECON4820,ECON2100,ECON2200,,,,,,,,,,,,
ECON4860,,,,,,,,,,,,,,
ECON5000,,,,,,,,,,,,,,
ECON5001,,,,,,,,,,,,,,
ECON5010,,,,,,,,,,,,,,
ECON5120,,,,,,,,,,,,,,
ECON5310,MATH1208,ECON2100,ECON2200,,,,,,,,,,,
ECON5330,STAT3113,STAT3111,STAT3117,STAT3115,STAT5643,ECON2100,ECON2200,,,,,,,
ECON5337/MATH5737,MATH1215,STAT3113,STAT3111,STAT3117,STAT3115,MATH1221,STAT5643,ECON1100,ECON1200,,,,,
ECON5342,ECON2100,ECON2200,,,,,,,,,,,,
ECON5350,STAT3113,STAT1115,STAT3111,STAT3117,STAT3115,ECON1100,ECON1200,,,,,,,
ECON5360,ECON1100,ECON1200,,,,,,,,,,,,
ECON5430,ECON2100,,,,,,,,,,,,,
MINENG5532/ECON5532,,,,,,,,,,,,,,
ECON5644,,,,,,,,,,,,,,
ECON5710,ECON2100,,,,,,,,,,,,,
ECON5720,ECON2200,,,,,,,,,,,,,
ECON5820,ECON2100,ECON2200,,,,,,,,,,,,
EDUC1000,,,,,,,,,,,,,,
EDUC1001,,,,,,,,,,,,,,
EDUC1040,,,,,,,,,,,,,,
EDUC1055,,,,,,,,,,,,,,
EDUC1104,EDUC1040,,,,,,,,,,,,,
EDUC1164,EDUC1040,EDUC1104,EDUC3216,,,,,,,,,,,
EDUC3216,EDUC1040,,,,,,,,,,,,,
EDUC1174,EDUC1040,EDUC1104,,,,,,,,,,,,
EDUC1221,,,,,,,,,,,,,,
EDUC1820,EDUC1221,,,,,,,,,,,,,
EDUC2000,,,,,,,,,,,,,,
EDUC2001,,,,,,,,,,,,,,
PSYCH2300/EDUC2102,PSYCH1101,,,,,,,,,,,,,
PSYCH1101,,,,,,,,,,,,,,
EDUC2251,EDUC1040,HISTORY1310,HISTORY1300,,,,,,,,,,,
HISTORY1310,,,,,,,,,,,,,,
HISTORY1300,,,,,,,,,,,,,,
EDUC2310,,,,,,,,,,,,,,
EDUC2401,EDUC1040,EDUC1055,,,,,,,,,,,,
EDUC2440,EDUC1040,EDUC1055,,,,,,,,,,,,
EDUC3000,,,,,,,,,,,,,,
EDUC3001,,,,,,,,,,,,,,
EDUC3203,EDUC3216,,,,,,,,,,,,,
EDUC3211,EDUC1040,EDUC1055,PSYCH1101,,,,,,,,,,,
EDUC3215,EDUC1040,,,,,,,,,,,,,
EDUC3217,EDUC3215,,,,,,,,,,,,,
EDUC3218,EDUC1040,,,,,,,,,,,,,
EDUC3220,EDUC1040,,,,,,,,,,,,,
MATH3921/EDUC3221,MATH1140,MATH1120,EDUC1040,,,,,,,,,,,
EDUC3222/MATH3922,MATH1140,MATH1120,,,,,,,,,,,,
EDUC3280,EDUC3216,ENGLISH3170,PSYCH4340/EDUC3340,,,,,,,,,,,
ENGLISH3170,,,,,,,,,,,,,,
PSYCH4340/EDUC3340,EDUC1040,,,,,,,,,,,,,
EDUC3290,EDUC1040,EDUC1104,EDUC1174,,,,,,,,,,,
EDUC3298,EDUC1104,EDUC1164,,,,,,,,,,,,
EDUC3305,,,,,,,,,,,,,,
EDUC3311,,,,,,,,,,,,,,
EDUC3335,EDUC1040,,,,,,,,,,,,,
EDUC3350,,,,,,,,,,,,,,
EDUC3430,EDUC1040,,,,,,,,,,,,,
EDUC3530,EDUC1040,,,,,,,,,,,,,
EDUC4298,,,,,,,,,,,,,,
EDUC4299,,,,,,,,,,,,,,
EDUC4315,,,,,,,,,,,,,,
EDUC4320,EDUC2310,,,,,,,,,,,,,
EDUC4325,,,,,,,,,,,,,,
EDUC4330,,,,,,,,,,,,,,
EDUC4375,EDUC3216,,,,,,,,,,,,,
EDUC4380,EDUC3216,,,,,,,,,,,,,
EDUC4410,,,,,,,,,,,,,,
EDUC4600,EDUC1174,,,,,,,,,,,,,
EDUC5100,,,,,,,,,,,,,,
EDUC5150,,,,,,,,,,,,,,
EDUC5220,,,,,,,,,,,,,,
EDUC5225,,,,,,,,,,,,,,
EDUC5330,,,,,,,,,,,,,,
EDUC5370,,,,,,,,,,,,,,
ELECENG1010,,,,,,,,,,,,,,
ELECENG2001,,,,,,,,,,,,,,
ELECENG2100,MATH1215,MATH1221,,,,,,,,,,,,
ELECENG2101,ELECENG2100,,,,,,,,,,,,,
ELECENG2120,MATH2222,ELECENG2100,,,,,,,,,,,,
ELECENG2201,PHYSICS2135,ELECENG2200,ELECENG2100,ELECENG2101,,,,,,,,,,
ELECENG3000,,,,,,,,,,,,,,
ELECENG3001,,,,,,,,,,,,,,
ELECENG3002,,,,,,,,,,,,,,
ELECENG3120,ELECENG3100/ELECENG3101,,,,,,,,,,,,,
ELECENG3121,ELECENG3120,ELECENG3100/ELECENG3101,,,,,,,,,,,,
ELECENG3250,ELECENG2200,ELECENG2120,,,,,,,,,,,,
ELECENG3411,ELECENG3410,ELECENG2120,,,,,,,,,,,,
ELECENG3440,ELECENG3430/ELECENG3431,,,,,,,,,,,,,
ELECENG3500,PHYSICS2135,ELECENG2120,,,,,,,,,,,,
ELECENG3501,ELECENG2120,ELECENG3500,,,,,,,,,,,,
ELECENG3540,ELECENG2120,,,,,,,,,,,,,
ELECENG3541,ELECENG2120,ELECENG3540,,,,,,,,,,,,
ELECENG4000,,,,,,,,,,,,,,
ELECENG4001,,,,,,,,,,,,,,
ELECENG4010,,,,,,,,,,,,,,
ELECENG4096,ELECENG3600,ENGLISH1160,ENGLISH3560,ELECENG3500,ELECENG3540,ELECENG3100/ELECENG3101,ELECENG3320/ELECENG3321,ELECENG3430/ELECENG3431,COMPENG2210/COMPENG2211,,,,,
ELECENG4097,SPMS1185,STAT3117,STAT3115,STAT5643,ELECENG4096,,,,,,,,,
ELECENG4099,,,,,,,,,,,,,,
ELECENG4380,ELECENG3340,,,,,,,,,,,,,
ELECENG5000,,,,,,,,,,,,,,
ELECENG5001,,,,,,,,,,,,,,
ELECENG5040,,,,,,,,,,,,,,
ELECENG5085,,,,,,,,,,,,,,
ELECENG5099,,,,,,,,,,,,,,
ELECENG5100,ELECENG3120,,,,,,,,,,,,,
ELECENG5120,ELECENG3120,,,,,,,,,,,,,
ELECENG5140,ELECENG3120,,,,,,,,,,,,,
ELECENG5150,,,,,,,,,,,,,,
ELECENG5160,ELECENG3100/ELECENG3101,,,,,,,,,,,,,
ELECENG5170,ELECENG3430/ELECENG3431,,,,,,,,,,,,,
PHYSICS4503/ELECENG5200,MATH2222,PHYSICS2135,PHYSICS2111,,,,,,,,,,,
ELECENG5210/PHYSICS5503,ELECENG3600,PHYSICS4211,ELECENG3430/ELECENG3431,,,,,,,,,,,
PHYSICS4211,PHYSICS3211,,,,,,,,,,,,,
PHYSICS5513/ELECENG5220,ELECENG3600,PHYSICS4211,,,,,,,,,,,,
ELECENG5300,ELECENG3320/ELECENG3321,,,,,,,,,,,,,
ELECENG5320,ELECENG3320/ELECENG3321,,,,,,,,,,,,,
ELECENG5325,ELECENG3320/ELECENG3321,,,,,,,,,,,,,
ELECENG5330,ELECENG3320/ELECENG3321,,,,,,,,,,,,,
ELECENG5340,ELECENG3340,,,,,,,,,,,,,
ELECENG5345,ELECENG3340,,,,,,,,,,,,,
ELECENG5360,ELECENG3320/ELECENG3321,,,,,,,,,,,,,
ELECENG5380,STAT3117,ELECENG3320/ELECENG3321,,,,,,,,,,,,
ELECENG5400,ELECENG3410,,,,,,,,,,,,,
ELECENG5420,ELECENG3430/ELECENG3431,,,,,,,,,,,,,
ELECENG5440,MATH3304,ELECENG2120,,,,,,,,,,,,
ELECENG5500,ELECENG3320/ELECENG3321,,,,,,,,,,,,,
ELECENG5510,PHYSICS2135,,,,,,,,,,,,,
ELECENG5520,ELECENG3100/ELECENG3101,,,,,,,,,,,,,
ELECENG5521,ELECENG5520,,,,,,,,,,,,,
ELECENG5540,ELECENG3540,,,,,,,,,,,,,
ELECENG5550,ELECENG3500,ELECENG3540,,,,,,,,,,,,
ELECENG5570,,,,,,,,,,,,,,
ELECENG5600,ELECENG3600,ELECENG3430/ELECENG3431,,,,,,,,,,,,
ELECENG5630,ELECENG3600,,,,,,,,,,,,,
ELECENG5640,ELECENG3600,,,,,,,,,,,,,
ELECENG5650,ELECENG3600,,,,,,,,,,,,,
ELECENG5660,ELECENG3600,,,,,,,,,,,,,
METENG5510/ELECENG5670,PHYSICS2135,PHYSICS2111,,,,,,,,,,,,
ELECENG5680,ELECENG3600,,,,,,,,,,,,,
SYSENG5212/ELECENG5820,,,,,,,,,,,,,,
ENGMGT1001,,,,,,,,,,,,,,
ENGMGT1100,,,,,,,,,,,,,,
ENGMGT2001,,,,,,,,,,,,,,
ENGMGT2002,,,,,,,,,,,,,,
ENGMGT2011,,,,,,,,,,,,,,
ENGMGT2012,,,,,,,,,,,,,,
ENGMGT2013,,,,,,,,,,,,,,
ENGMGT2110,,,,,,,,,,,,,,
ENGMGT2310,MATH1214,MATH1211,MATH1208,,,,,,,,,,,
ENGMGT3001,,,,,,,,,,,,,,
ENGMGT3310,ENGMGT2110,,,,,,,,,,,,,
ENGMGT4000,,,,,,,,,,,,,,
ENGMGT4001,,,,,,,,,,,,,,
ENGMGT4099,,,,,,,,,,,,,,
ENGMGT4110,ENGMGT2211,ENGMGT3320,ENGMGT2110,ENGMGT4710,,,,,,,,,,
ENGMGT4710,STAT3117,STAT3115,,,,,,,,,,,,
ENGMGT4281/NUCENG4281,,,,,,,,,,,,,,
ENGMGT4310,,,,,,,,,,,,,,
ENGMGT4330/PSYCH4710,PSYCH1101,,,,,,,,,,,,,
ENGMGT4907,ENGMGT4110,,,,,,,,,,,,,
ENGMGT5000,,,,,,,,,,,,,,
ENGMGT5001,,,,,,,,,,,,,,
ENGMGT5099,,,,,,,,,,,,,,
ENGMGT5110,,,,,,,,,,,,,,
ENGMGT5111,,,,,,,,,,,,,,
ENGMGT5210,,,,,,,,,,,,,,
ENGMGT5212,,,,,,,,,,,,,,
ENGMGT5312,,,,,,,,,,,,,,
ENGMGT5313,,,,,,,,,,,,,,
ENGMGT5316,,,,,,,,,,,,,,
ENGMGT5320/SYSENG5105,,,,,,,,,,,,,,
ENGMGT5330/PSYCH5710,,,,,,,,,,,,,,
ENGMGT5410,STAT3117,STAT3115,,,,,,,,,,,,
ENGMGT5411,MATH3304,,,,,,,,,,,,,
ENGMGT5412,,,,,,,,,,,,,,
ENGMGT5414,STAT3117,STAT3115,,,,,,,,,,,,
ENGMGT5510,,,,,,,,,,,,,,
ENGMGT5511,,,,,,,,,,,,,,
ENGMGT5512,,,,,,,,,,,,,,
ENGMGT5513,,,,,,,,,,,,,,
ENGMGT5514,,,,,,,,,,,,,,
ENGMGT5515/MECHENG5757,,,,,,,,,,,,,,
MECHENG5758/ENGMGT5516,ENGMGT5515/MECHENG5757,MECHENG5708,MECHENG3653,,,,,,,,,,,
MECHENG5708,MECHENG3708,,,,,,,,,,,,,
MECHENG3653,CIVENG2200,CIVENG2211,MECHENG2653,,,,,,,,,,,
ENGMGT5610,,,,,,,,,,,,,,
ENGMGT5613,,,,,,,,,,,,,,
ENGMGT5614,STAT3117,STAT3115,,,,,,,,,,,,
ENGMGT5615,ENGMGT3310,,,,,,,,,,,,,
ENGMGT5710,,,,,,,,,,,,,,
ENGMGT5712,ENGMGT5711,,,,,,,,,,,,,
ENGMGT5713,STAT3117,STAT3115,STAT5643,,,,,,,,,,,
ENGLISH1000,,,,,,,,,,,,,,
ENGLISH1001,,,,,,,,,,,,,,
ENGLISH1110,,,,,,,,,,,,,,
ENGLISH1120,,,,,,,,,,,,,,
ENGLISH1170,ENGLISH1120,,,,,,,,,,,,,
ENGLISH1211,,,,,,,,,,,,,,
ENGLISH1212,,,,,,,,,,,,,,
ENGLISH1221,,,,,,,,,,,,,,
ENGLISH1222,,,,,,,,,,,,,,
ENGLISH1223,,,,,,,,,,,,,,
ENGLISH1231,,,,,,,,,,,,,,
ENGLISH1600/TCHCOM1600,ENGLISH1120,,,,,,,,,,,,,
ENGLISH2000,,,,,,,,,,,,,,
ENGLISH2001,,,,,,,,,,,,,,
ENGLISH2002,,,,,,,,,,,,,,
ENGLISH2010,ENGLISH1120,,,,,,,,,,,,,
ENGLISH2171,ENGLISH1120,,,,,,,,,,,,,
ENGLISH2172,ENGLISH1120,,,,,,,,,,,,,
ENGLISH2230,ENGLISH1120,,,,,,,,,,,,,
ENGLISH2232,ENGLISH1120,,,,,,,,,,,,,
ENGLISH2240,ENGLISH1120,,,,,,,,,,,,,
ENGLISH2241,ENGLISH1120,,,,,,,,,,,,,
ENGLISH2242,ENGLISH1120,,,,,,,,,,,,,
ENGLISH2243,ENGLISH1120,,,,,,,,,,,,,
ENGLISH2244,ENGLISH1120,,,,,,,,,,,,,
ENGLISH2245,ENGLISH1120,,,,,,,,,,,,,
ENGLISH2246,ENGLISH1120,,,,,,,,,,,,,
ENGLISH2247,ENGLISH1120,,,,,,,,,,,,,
ENGLISH2248,ENGLISH1120,,,,,,,,,,,,,
ENGLISH2250,ENGLISH1120,,,,,,,,,,,,,
ENGLISH2410,ENGLISH1120,,,,,,,,,,,,,
TCHCOM2540/ENGLISH2540,ENGLISH1600/TCHCOM1600,,,,,,,,,,,,,
ENGLISH2560/TCHCOM2560,ENGLISH1120,,,,,,,,,,,,,
ENGLISH3000,,,,,,,,,,,,,,
ENGLISH3001,,,,,,,,,,,,,,
ENGLISH3010,ENGLISH1120,,,,,,,,,,,,,
ENGLISH3085,,,,,,,,,,,,,,
ENGLISH3101,ENGLISH1160,ENGLISH3560,,,,,,,,,,,,
ENGLISH3210,ENGLISH1120,,,,,,,,,,,,,
ENGLISH3211,ENGLISH1120,,,,,,,,,,,,,
ENGLISH3212,ENGLISH1120,,,,,,,,,,,,,
ENGLISH3213,ENGLISH1120,,,,,,,,,,,,,
ENGLISH3214,ENGLISH1120,,,,,,,,,,,,,
ENGLISH3215,ENGLISH1120,,,,,,,,,,,,,
ENGLISH3216,ENGLISH1120,,,,,,,,,,,,,
ENGLISH3217,ENGLISH1120,,,,,,,,,,,,,
ENGLISH3218,ENGLISH1120,,,,,,,,,,,,,
ENGLISH3219,ENGLISH1120,,,,,,,,,,,,,
ENGLISH3220,ENGLISH1120,,,,,,,,,,,,,
ENGLISH3221,ENGLISH1120,,,,,,,,,,,,,
ENGLISH3222,ENGLISH1120,,,,,,,,,,,,,
ENGLISH3223,ENGLISH1120,,,,,,,,,,,,,
ENGLISH3224,ENGLISH1120,,,,,,,,,,,,,
ENGLISH3225,ENGLISH1120,,,,,,,,,,,,,
ENGLISH3226,ENGLISH1120,,,,,,,,,,,,,
ENGLISH3227,ENGLISH1120,,,,,,,,,,,,,
ENGLISH3228,ENGLISH1223,,,,,,,,,,,,,
ENGLISH3232,ENGLISH1120,,,,,,,,,,,,,
ENGLISH3233,ENGLISH1120,,,,,,,,,,,,,
ENGLISH3234,ENGLISH1120,,,,,,,,,,,,,
ENGLISH3236,ENGLISH1120,,,,,,,,,,,,,
ENGLISH3301,ENGLISH1120,,,,,,,,,,,,,
ENGLISH3302,ENGLISH1120,,,,,,,,,,,,,
ENGLISH3303,ENGLISH1120,,,,,,,,,,,,,
ENGLISH3304,ENGLISH1120,,,,,,,,,,,,,
ENGLISH3550/TCHCOM3550,,,,,,,,,,,,,,
TCHCOM3590/ENGLISH3590,,,,,,,,,,,,,,
ENGLISH4099,,,,,,,,,,,,,,
ENGLISH4290,ENGLISH1120,,,,,,,,,,,,,
ENGLISH5000,,,,,,,,,,,,,,
ENGLISH5001,,,,,,,,,,,,,,
ENGLISH5100,,,,,,,,,,,,,,
ENGLISH5110,,,,,,,,,,,,,,
ENGLISH5210,,,,,,,,,,,,,,
ENGLISH5220,,,,,,,,,,,,,,
ENGLISH5230,,,,,,,,,,,,,,
ENGLISH5571,ENGLISH3560,ENGLISH2560/TCHCOM2560,,,,,,,,,,,,
ENGLISH5572,ENGLISH3560,ENGLISH2560/TCHCOM2560,,,,,,,,,,,,
ERP2110,IST1750,,,,,,,,,,,,,
ERP3001,,,,,,,,,,,,,,
ERP4001,,,,,,,,,,,,,,
ERP4220,IST1750,,,,,,,,,,,,,
ERP4610,ERP2110,ERP5110,,,,,,,,,,,,
ERP5110,ERP2110,,,,,,,,,,,,,
ERP5000,,,,,,,,,,,,,,
ERP5001,,,,,,,,,,,,,,
ERP5130,ERP2110,ERP5110,,,,,,,,,,,,
ERP5210,ERP2110,ERP5110,,,,,,,,,,,,
ERP5240,ERP2110,ERP5110,,,,,,,,,,,,
ERP5310,ERP2110,ERP5110,,,,,,,,,,,,
ERP5410,IST1750,,,,,,,,,,,,,
ERP5510,ERP5110,,,,,,,,,,,,,
ENVENG2001,,,,,,,,,,,,,,
ENVENG3001,,,,,,,,,,,,,,
ENVENG3603,MATH2222,PHYSICS1135,CHEM1320,GEOLOGY3410,,,,,,,,,,
ENVENG4097,CIVENG4448/ARCHENG4448,,,,,,,,,,,,,
ENVENG4099,,,,,,,,,,,,,,
ENVENG4609,,,,,,,,,,,,,,
ENVENG5000,,,,,,,,,,,,,,
ENVENG5001,,,,,,,,,,,,,,
ETYM3000,,,,,,,,,,,,,,
ETYM4306,ENGLISH1120,,,,,,,,,,,,,
EXPENG4099,,,,,,,,,,,,,,
EXPENG5000,,,,,,,,,,,,,,
EXPENG5001,,,,,,,,,,,,,,
EXPENG5112,,,,,,,,,,,,,,
EXPENG5512,CHEM1319,CHEM1310,,,,,,,,,,,,
EXPENG5513,CHEM1319,CHEM1310,,,,,,,,,,,,
EXPENG5514,CHEM1319,CHEM1310,CHEM1100,ENGMGT1210,ECON1100,ECON1200,,,,,,,,
EXPENG5555,EXPENG5512,EXPENG5513,,,,,,,,,,,,
EXPENG5612/MINENG5612,MINENG2126,,,,,,,,,,,,,
MINENG2126,,,,,,,,,,,,,,
MINENG5622/EXPENG5622,EXPENG5612/MINENG5612,,,,,,,,,,,,,
EXPENG5711,,,,,,,,,,,,,,
EXPENG5713,CIVENG2200,MECHENG2340,,,,,,,,,,,,
EXPENG5721,,,,,,,,,,,,,,
EXPENG5914,,,,,,,,,,,,,,
MINENG5922/EXPENG5922,,,,,,,,,,,,,,
FINANCE2000,,,,,,,,,,,,,,
FINANCE2001,,,,,,,,,,,,,,
FINANCE3000,,,,,,,,,,,,,,
FINANCE3001,,,,,,,,,,,,,,
FINANCE3205,,,,,,,,,,,,,,
FINANCE4099,,,,,,,,,,,,,,
FINANCE5000,,,,,,,,,,,,,,
FINANCE5001,,,,,,,,,,,,,,
FINANCE5099,,,,,,,,,,,,,,
FINANCE5160,FINANCE2150,,,,,,,,,,,,,
FINANCE5205,,,,,,,,,,,,,,
FINANCE5260,FINANCE2150,,,,,,,,,,,,,
FINANCE5310,FINANCE2150,,,,,,,,,,,,,
FRENCH1101,,,,,,,,,,,,,,
FRENCH1102,FRENCH1101,,,,,,,,,,,,,
FRENCH1180,FRENCH1102,,,,,,,,,,,,,
FRENCH2000,,,,,,,,,,,,,,
FRENCH2001,,,,,,,,,,,,,,
FRENCH2110,FRENCH1102,,,,,,,,,,,,,
FRENCH2180,FRENCH1102,,,,,,,,,,,,,
FRENCH2330,FRENCH1180,,,,,,,,,,,,,
FRENCH3000,,,,,,,,,,,,,,
FRENCH3001,,,,,,,,,,,,,,
FRENCH3010,,,,,,,,,,,,,,
FRENCH3020,,,,,,,,,,,,,,
FRENCH3370,FRENCH2170/FRENCH4320/ART4320,,,,,,,,,,,,,
FRENCH3375,FRENCH2170/FRENCH4320/ART4320,,,,,,,,,,,,,
FRENCH4000,,,,,,,,,,,,,,
FRENCH4001,,,,,,,,,,,,,,
FRENCH4010,,,,,,,,,,,,,,
FRENCH4311,FRENCH2170/FRENCH4320/ART4320,,,,,,,,,,,,,
FRENCH4330,,,,,,,,,,,,,,
FRENCH4340,,,,,,,,,,,,,,
FRENCH4360,FRENCH2170/FRENCH4320/ART4320,,,,,,,,,,,,,
FRENG1100,,,,,,,,,,,,,,
GEOENG1001,,,,,,,,,,,,,,
GEOENG1175,,,,,,,,,,,,,,
GEOENG1605,,,,,,,,,,,,,,
GEOENG1810,,,,,,,,,,,,,,
GEOENG1880,,,,,,,,,,,,,,
GEOENG2000,,,,,,,,,,,,,,
GEOENG2001,,,,,,,,,,,,,,
GEOENG2002,,,,,,,,,,,,,,
GEOENG2110,,,,,,,,,,,,,,
GEOENG2407,,,,,,,,,,,,,,
GEOENG2536,PHYSICS1135,GEOLOGY1110/GEOENG1150,,,,,,,,,,,,
GEOENG2605,,,,,,,,,,,,,,
GEOENG3002,,,,,,,,,,,,,,
GEOLOGY3811/GEOENG3148,,,,,,,,,,,,,,
GEOENG3175,GEOLOGY1110/GEOENG1150,,,,,,,,,,,,,
GEOENG3249,GEOLOGY1110/GEOENG1150,,,,,,,,,,,,,
GEOENG4000,,,,,,,,,,,,,,
GEOENG4001,,,,,,,,,,,,,,
GEOENG4010,,,,,,,,,,,,,,
GEOENG4099,,,,,,,,,,,,,,
GEOENG4115,,,,,,,,,,,,,,
GEOENG4276/MINENG4742,CIVENG5619/ENVENG5619,GEOENG5441,,,,,,,,,,,,
GEOENG5441,GEOENG3175,,,,,,,,,,,,,
GEOENG5000,,,,,,,,,,,,,,
GEOENG5001,,,,,,,,,,,,,,
GEOENG5085,,,,,,,,,,,,,,
GEOENG5090,,,,,,,,,,,,,,
GEOENG5099,,,,,,,,,,,,,,
GEOLOGY4310/GEOENG5144,GEOLOGY1110/GEOENG1150,,,,,,,,,,,,,
GEOENG5146/GEOLOGY4821,GEOENG3175,,,,,,,,,,,,,
GEOENG5153,,,,,,,,,,,,,,
GEOENG5172,GEOENG3175,,,,,,,,,,,,,
GEOENG5173,,,,,,,,,,,,,,
GEOENG5174,,,,,,,,,,,,,,
GEOENG5233,,,,,,,,,,,,,,
GEOENG5235,CIVENG3715,GEOENG3175,,,,,,,,,,,,
GEOENG5239,GEOENG5331,,,,,,,,,,,,,
GEOENG5331,MATH1215,MATH1221,GEOLOGY1110/GEOENG1150,,,,,,,,,,,
MINENG5742/GEOENG5276,CIVENG5619/ENVENG5619,GEOENG5441,MINENG5933,,,,,,,,,,,
MINENG5933,MINENG3512/ECON3512,MINENG3912,MINENG5823,,,,,,,,,,,
GEOENG5315,STAT3113,STAT3111,STAT3117,STAT3115,GEOENG4115,,,,,,,,,
GEOENG5320,CIVENG3330,GEOENG5331,,,,,,,,,,,,
GEOENG5332,,,,,,,,,,,,,,
GEOENG5381,GEOENG5331,GEOENG5332,GEOLOGY4411,,,,,,,,,,,
GEOLOGY4411,GEOLOGY1110/GEOENG1150,GEOLOGY3620,,,,,,,,,,,,
GEOENG5415,,,,,,,,,,,,,,
GEOENG5443,GEOLOGY1110/GEOENG1150,,,,,,,,,,,,,
GEOENG5471,GEOENG3175,,,,,,,,,,,,,
GEOENG5556,MATH3304,PHYSICS2135,GEOENG4115,,,,,,,,,,,
GEOENG5575,GEOLOGY1110/GEOENG1150,GEOENG3175,,,,,,,,,,,,
GEOENG5642,GEOENG3175,,,,,,,,,,,,,
GEOPHYS5736/GEOENG5736,,,,,,,,,,,,,,
GEOENG5782/GEOPHYS5782,MATH2222,,,,,,,,,,,,,
GEOENG5810,,,,,,,,,,,,,,
GEOLOGY1111,,,,,,,,,,,,,,
GEOLOGY1120,BIOSCI1113,GEOLOGY1110/GEOENG1150,,,,,,,,,,,,
GEOLOGY1129,GEOLOGY1120,,,,,,,,,,,,,
GEOLOGY1141,,,,,,,,,,,,,,
GEOLOGY2001,,,,,,,,,,,,,,
GEOLOGY2096,GEOLOGY1110/GEOENG1150,GEOLOGY1111,GEOLOGY1129,,,,,,,,,,,
GEOLOGY2610,CHEM1310,,,,,,,,,,,,,
GEOLOGY2611,CHEM1319,CHEM1310,GEOLOGY1110/GEOENG1150,,,,,,,,,,,
GEOLOGY2620,GEOLOGY2610,,,,,,,,,,,,,
GEOLOGY2731,,,,,,,,,,,,,,
GEOLOGY3000,,,,,,,,,,,,,,
GEOLOGY3001,,,,,,,,,,,,,,
GEOLOGY3310,GEOLOGY1110/GEOENG1150,,,,,,,,,,,,,
GEOLOGY3319,GEOLOGY3310,,,,,,,,,,,,,
GEOLOGY3511,GEOLOGY1110/GEOENG1150,GEOLOGY2610,,,,,,,,,,,,
GEOLOGY3620,GEOLOGY2611,GEOLOGY2620,,,,,,,,,,,,
GEOLOGY3629,GEOLOGY3620,,,,,,,,,,,,,
GEOLOGY4000,,,,,,,,,,,,,,
GEOLOGY4001,,,,,,,,,,,,,,
GEOLOGY4010,,,,,,,,,,,,,,
GEOLOGY4085,,,,,,,,,,,,,,
GEOLOGY4097,GEOLOGY2096,GEOLOGY2610,GEOLOGY2620,GEOLOGY3310,GEOLOGY3620,GEOLOGY3629,,,,,,,,
GEOLOGY4099,,,,,,,,,,,,,,
GEOLOGY4211,MATH5325,GEOPHYS3221,,,,,,,,,,,,
MATH5325,MATH2222,MATH3304,,,,,,,,,,,,
GEOPHYS3221,MATH5325,,,,,,,,,,,,,
NUCENG5367/NUCENG4367/GEOLOGY4421,MATH3304,,,,,,,,,,,,,
GEOLOGY4431,GEOLOGY1110/GEOENG1150,GEOLOGY3620,,,,,,,,,,,,
GEOLOGY4441,GEOLOGY3410,GEOLOGY2610,,,,,,,,,,,,
GEOLOGY4451,GEOLOGY3410,,,,,,,,,,,,,
GEOLOGY4461,GEOLOGY3410,GEOLOGY2620,GEOLOGY3620,,,,,,,,,,,
GEOLOGY4521,GEOLOGY2610,GEOLOGY3511,,,,,,,,,,,,
GEOLOGY4630,BIOSCI1113,GEOLOGY1110/GEOENG1150,GEOLOGY1120,,,,,,,,,,,
GEOLOGY4631,GEOLOGY2620,,,,,,,,,,,,,
GEOLOGY4711,GEOLOGY1110/GEOENG1150,GEOLOGY1120,,,,,,,,,,,,
GEOLOGY4721,GEOLOGY1110/GEOENG1150,GEOLOGY1120,,,,,,,,,,,,
GEOLOGY4831,GEOLOGY1110/GEOENG1150,GEOLOGY1120,,,,,,,,,,,,
GEOLOGY4841,GEOLOGY1110/GEOENG1150,,,,,,,,,,,,,
GEOLOGY5000,,,,,,,,,,,,,,
GEOLOGY5001,,,,,,,,,,,,,,
GEOLOGY5010,,,,,,,,,,,,,,
GEOLOGY5040,,,,,,,,,,,,,,
GEOLOGY5085,,,,,,,,,,,,,,
GEOLOGY5099,,,,,,,,,,,,,,
GEOLOGY5100,,,,,,,,,,,,,,
GEOLOGY5111,,,,,,,,,,,,,,
GEOLOGY5121,,,,,,,,,,,,,,
GEOLOGY5311,GEOLOGY1110/GEOENG1150,GEOLOGY3310,GEOLOGY3620,,,,,,,,,,,
GEOLOGY5510,,,,,,,,,,,,,,
GEOLOGY5511,,,,,,,,,,,,,,
GEOLOGY5513,GEOLOGY1110/GEOENG1150,GEOLOGY3310,GEOLOGY3620,,,,,,,,,,,
GEOLOGY5521,,,,,,,,,,,,,,
GEOLOGY5611,GEOLOGY2620,,,,,,,,,,,,,
GEOLOGY5631,CHEM1320,GEOLOGY3410,GEOLOGY2620,GEOLOGY3620,,,,,,,,,,
GEOLOGY5641,GEOLOGY4631,,,,,,,,,,,,,
GEOLOGY5661,GEOLOGY3410,GEOLOGY3310,GEOLOGY3620,,,,,,,,,,,
GEOLOGY5671,GEOLOGY3410,CHEM2310,CIVENG5715,GEOENG5172,GEOLOGY2610,,,,,,,,,
GEOLOGY5679,GEOLOGY2096,GEOLOGY5121,,,,,,,,,,,,
GEOLOGY5681,,,,,,,,,,,,,,
GEOLOGY5741,GEOLOGY4630,,,,,,,,,,,,,
GEOPHYS2211,PHYSICS2135,GEOLOGY1110/GEOENG1150,,,,,,,,,,,,
GEOPHYS3001,,,,,,,,,,,,,,
GEOPHYS3210,GEOLOGY1110/GEOENG1150,,,,,,,,,,,,,
GEOPHYS3211,MATH2222,COMPSCI1971,COMPSCI1970,COMPSCI1981,COMPSCI1980,COMPSCI1570/COMPSCI1580,,,,,,,,
GEOPHYS4000,,,,,,,,,,,,,,
GEOPHYS4001,,,,,,,,,,,,,,
GEOPHYS4099,,,,,,,,,,,,,,
GEOPHYS4231,MATH1214,MATH1211,MATH1208,GEOLOGY1110/GEOENG1150,,,,,,,,,,
GEOPHYS4241,MATH5325,GEOPHYS2211,,,,,,,,,,,,
GEOPHYS4261,,,,,,,,,,,,,,
GEOPHYS5000,,,,,,,,,,,,,,
GEOPHYS5001,,,,,,,,,,,,,,
GEOPHYS5010,,,,,,,,,,,,,,
GEOPHYS5040,,,,,,,,,,,,,,
GEOPHYS5096,GEOLOGY3310,,,,,,,,,,,,,
GEOPHYS5099,,,,,,,,,,,,,,
GEOPHYS5202,MATH1214,MATH1211,MATH1208,GEOLOGY1110/GEOENG1150,,,,,,,,,,
GEOPHYS5211,GEOLOGY3310,GEOLOGY3620,,,,,,,,,,,,
GEOPHYS5221,GEOPHYS3221,,,,,,,,,,,,,
GEOPHYS5231,GEOPHYS3210,GEOPHYS5202,,,,,,,,,,,,
GEOPHYS5241,MATH2222,,,,,,,,,,,,,
GEOPHYS5261,GEOPHYS3210,,,,,,,,,,,,,
GERMAN1101,,,,,,,,,,,,,,
GERMAN1102,GERMAN1101,,,,,,,,,,,,,
GERMAN1180,GERMAN1102,,,,,,,,,,,,,
GERMAN2000,,,,,,,,,,,,,,
GERMAN2001,,,,,,,,,,,,,,
GERMAN2110,GERMAN1102,,,,,,,,,,,,,
GERMAN2170,GERMAN1180,,,,,,,,,,,,,
GERMAN3000,,,,,,,,,,,,,,
GERMAN3001,,,,,,,,,,,,,,
GERMAN4000,,,,,,,,,,,,,,
GERMAN4001,,,,,,,,,,,,,,
GERMAN4010,,,,,,,,,,,,,,
HISTORY1100,,,,,,,,,,,,,,
HISTORY1200,,,,,,,,,,,,,,
HISTORY1790,,,,,,,,,,,,,,
HISTORY2000,,,,,,,,,,,,,,
HISTORY2001,,,,,,,,,,,,,,
HISTORY2110,,,,,,,,,,,,,,
HISTORY2220,HISTORY1310,HISTORY1300,HISTORY1200,,,,,,,,,,,
HISTORY2221,HISTORY1310,HISTORY1300,HISTORY1200,,,,,,,,,,,
HISTORY2222,HISTORY1100,HISTORY1200,,,,,,,,,,,,
HISTORY2224,HISTORY1310,HISTORY1300,HISTORY1100,HISTORY1200,,,,,,,,,,
HISTORY2430,HISTORY1310,HISTORY1300,HISTORY1200,,,,,,,,,,,
HISTORY2510,HISTORY1310,HISTORY1300,HISTORY1100,HISTORY1200,,,,,,,,,,
HISTORY2791,HISTORY1310,HISTORY1300,HISTORY1100,HISTORY1200,,,,,,,,,,
HISTORY3000,,,,,,,,,,,,,,
HISTORY3001,,,,,,,,,,,,,,
HISTORY3010,,,,,,,,,,,,,,
HISTORY3125,HISTORY1310,HISTORY1300,HISTORY1100,HISTORY1200,POLSCI1200,,,,,,,,,
POLSCI1200,,,,,,,,,,,,,,
HISTORY3130,HISTORY1310,HISTORY1300,HISTORY1100,HISTORY1200,POLSCI1200,,,,,,,,,
HISTORY3135,HISTORY1310,HISTORY1300,HISTORY1100,HISTORY1200,POLSCI1200,,,,,,,,,
HISTORY3140,HISTORY1310,HISTORY1300,HISTORY1100,HISTORY1200,POLSCI1200,,,,,,,,,
HISTORY3150,HISTORY1310,HISTORY1300,HISTORY1100,HISTORY1200,POLSCI1200,,,,,,,,,
HISTORY3230,HISTORY1100,HISTORY1200,,,,,,,,,,,,
HISTORY3235,HISTORY1310,HISTORY1300,HISTORY1100,HISTORY1200,,,,,,,,,,
HISTORY3240,HISTORY1310,HISTORY1200,,,,,,,,,,,,
HISTORY3241,HISTORY1310,HISTORY1200,,,,,,,,,,,,
HISTORY3280,HISTORY1310,HISTORY1300,HISTORY1100,HISTORY1200,,,,,,,,,,
HISTORY3320,HISTORY1300,,,,,,,,,,,,,
HISTORY3321,HISTORY1300,HISTORY1200,,,,,,,,,,,,
HISTORY3325,HISTORY1300,,,,,,,,,,,,,
HISTORY3340,HISTORY1300,,,,,,,,,,,,,
HISTORY3345,HISTORY1310,HISTORY1300,HISTORY1100,HISTORY1200,POLSCI1200,,,,,,,,,
HISTORY3360,HISTORY1310,,,,,,,,,,,,,
HISTORY3420,HISTORY1310,HISTORY1300,,,,,,,,,,,,
HISTORY3425,HISTORY1300,,,,,,,,,,,,,
HISTORY3426,HISTORY1310,,,,,,,,,,,,,
HISTORY3440,HISTORY1310,HISTORY1300,HISTORY1100,HISTORY1200,POLSCI1200,,,,,,,,,
HISTORY3441,HISTORY1310,HISTORY1300,HISTORY1100,HISTORY1200,POLSCI1200,,,,,,,,,
HISTORY3442,HISTORY1310,HISTORY1300,HISTORY1100,HISTORY1200,POLSCI1200,,,,,,,,,
HISTORY3443,HISTORY1310,HISTORY1300,HISTORY1100,HISTORY1200,POLSCI1200,,,,,,,,,
HISTORY3480,HISTORY1310,HISTORY1300,HISTORY1100,HISTORY1200,POLSCI1200,,,,,,,,,
HISTORY3510,HISTORY1310,HISTORY1200,,,,,,,,,,,,
HISTORY3530,HISTORY1310,HISTORY1300,HISTORY1100,HISTORY1200,,,,,,,,,,
HISTORY3534,HISTORY1100,,,,,,,,,,,,,
HISTORY3600,HISTORY1310,HISTORY1300,HISTORY1100,HISTORY1200,,,,,,,,,,
HISTORY3625,HISTORY1310,HISTORY1300,HISTORY1100,HISTORY1200,,,,,,,,,,
HISTORY3660,HISTORY1310,HISTORY1300,HISTORY1200,,,,,,,,,,,
HISTORY3665,HISTORY1310,HISTORY1300,HISTORY1200,,,,,,,,,,,
MUSIC3252/HISTORY3722,ENGLISH1120,HISTORY1200,MUSIC1150,,,,,,,,,,,
MUSIC1150,,,,,,,,,,,,,,
MUSIC3253/HISTORY3723,,,,,,,,,,,,,,
HISTORY3760/POLSCI3760,HISTORY1310,HISTORY1300,POLSCI1200,,,,,,,,,,,
POLSCI3761/HISTORY3761,HISTORY1310,HISTORY1300,POLSCI1200,,,,,,,,,,,
HISTORY3762/POLSCI3762,HISTORY1310,POLSCI1200,,,,,,,,,,,,
POLSCI3763/HISTORY3763,HISTORY1310,HISTORY1300,POLSCI1200,,,,,,,,,,,
HISTORY4000,,,,,,,,,,,,,,
HISTORY4001,,,,,,,,,,,,,,
HISTORY4010,,,,,,,,,,,,,,
HISTORY4085,,,,,,,,,,,,,,
POLSCI4097/HISTORY4097,HISTORY2791,,,,,,,,,,,,,
HISTORY4145,HISTORY1310,HISTORY1300,HISTORY1100,HISTORY1200,POLSCI1200,,,,,,,,,
HISTORY4245,HISTORY1310,HISTORY1200,,,,,,,,,,,,
HISTORY4246,HISTORY1310,HISTORY1200,,,,,,,,,,,,
HISTORY4435,HISTORY1310,HISTORY1300,,,,,,,,,,,,
HISTORY4470,HISTORY1310,HISTORY1300,HISTORY1200,,,,,,,,,,,
HISTORY4550,HISTORY1310,HISTORY1300,HISTORY1100,HISTORY1200,POLSCI1200,,,,,,,,,
HISTORY4551,HISTORY1310,HISTORY1300,HISTORY1200,,,,,,,,,,,
HISTORY4580/PHILOS4580,,,,,,,,,,,,,,
HISTORY4790,HISTORY2791,,,,,,,,,,,,,
HISTORY4792,HISTORY1310,HISTORY1300,HISTORY1100,HISTORY1200,,,,,,,,,,
HISTORY5003,,,,,,,,,,,,,,
HISTORY5004,,,,,,,,,,,,,,
HISTORY5005,,,,,,,,,,,,,,
IST1001,,,,,,,,,,,,,,
IST1310,,,,,,,,,,,,,,
IST1311,,,,,,,,,,,,,,
IST1312,,,,,,,,,,,,,,
IST1314,,,,,,,,,,,,,,
IST1551,,,,,,,,,,,,,,
IST1552,IST1551,,,,,,,,,,,,,
IST1561,,,,,,,,,,,,,,
IST1562,IST1561,,,,,,,,,,,,,
IST2000,,,,,,,,,,,,,,
IST2001,,,,,,,,,,,,,,
IST2002,,,,,,,,,,,,,,
IST3000,,,,,,,,,,,,,,
IST3001,,,,,,,,,,,,,,
IST3131,COMPSCI1575,IST1552,IST1562,,,,,,,,,,,
IST3321,IST3333,,,,,,,,,,,,,
IST3333,,,,,,,,,,,,,,
IST3343,IST3423,,,,,,,,,,,,,
IST3423,IST1750,IST1551,IST1561,COMPSCI1570/COMPSCI1580,,,,,,,,,,
IST3420,COMPSCI1575,IST1552,IST1562,,,,,,,,,,,
IST3443,IST3343,,,,,,,,,,,,,
IST3553,IST1552,IST1562,IST3131,,,,,,,,,,,
IST4000,,,,,,,,,,,,,,
IST4001,,,,,,,,,,,,,,
IST4099,,,,,,,,,,,,,,
IST4257,ECON1100,ECON1200,,,,,,,,,,,,
IST4261,IST1551,IST1561,COMPSCI1570/COMPSCI1580,,,,,,,,,,,
IST4444,IST3423,,,,,,,,,,,,,
IST4641,IST1750,,,,,,,,,,,,,
IST4642,IST3333,,,,,,,,,,,,,
IST4654,,,,,,,,,,,,,,
IST5000,,,,,,,,,,,,,,
IST5001,,,,,,,,,,,,,,
IST5040,,,,,,,,,,,,,,
IST5099,,,,,,,,,,,,,,
IST5131,,,,,,,,,,,,,,
IST5251,,,,,,,,,,,,,,
IST5335,,,,,,,,,,,,,,
IST5420,,,,,,,,,,,,,,
IST5423,,,,,,,,,,,,,,
IST5445,,,,,,,,,,,,,,
IST5450,,,,,,,,,,,,,,
IST5520,STAT3113,STAT3111,STAT3117,STAT3115,COMPSCI1575,IST1552,IST1562,,,,,,,
IST5535,STAT3113,STAT3111,STAT3117,STAT3115,COMPSCI1575,IST1552,IST1562,,,,,,,
IST5652,IST1551,IST1561,IST4654,,,,,,,,,,,
IST5680,IST1551,IST1561,COMPSCI1570/COMPSCI1580,,,,,,,,,,,
IST5780,,,,,,,,,,,,,,
IST5885,,,,,,,,,,,,,,
IST5886,IST5885,,,,,,,,,,,,,
IST5887,IST5885,,,,,,,,,,,,,
MKT2000,,,,,,,,,,,,,,
MKT2001,,,,,,,,,,,,,,
MKT3000,,,,,,,,,,,,,,
MKT3001,,,,,,,,,,,,,,
MKT3210,MKT3110,,,,,,,,,,,,,
MKT4099,,,,,,,,,,,,,,
MKT4580,ENGMGT3510,MKT3110,MKT5105,,,,,,,,,,,
MKT5105,,,,,,,,,,,,,,
MKT5000,,,,,,,,,,,,,,
MKT5001,,,,,,,,,,,,,,
MKT5099,,,,,,,,,,,,,,
MKT5310,,,,,,,,,,,,,,
MKT5320,,,,,,,,,,,,,,
MKT5410,MKT3110,STAT3113,STAT1115,STAT3111,STAT1111/ECON1300,STAT3117,STAT3115,,,,,,,
MSE4001,,,,,,,,,,,,,,
MSE5000,,,,,,,,,,,,,,
MSE5001,,,,,,,,,,,,,,
MSE5010,,,,,,,,,,,,,,
MSE5040,,,,,,,,,,,,,,
MSE5060,,,,,,,,,,,,,,
MSE5099,,,,,,,,,,,,,,
MSE5220,,,,,,,,,,,,,,
MSE5230,,,,,,,,,,,,,,
MSE5517,METENG2110,,,,,,,,,,,,,
MATH1000,,,,,,,,,,,,,,
MATH1001,,,,,,,,,,,,,,
MATH1101,,,,,,,,,,,,,,
MATH1103,,,,,,,,,,,,,,
MATH1110,,,,,,,,,,,,,,
MATH1160,MATH1140,MATH1120,,,,,,,,,,,,
MATH1190,,,,,,,,,,,,,,
MATH2002,,,,,,,,,,,,,,
MATH3000,,,,,,,,,,,,,,
MATH3001,,,,,,,,,,,,,,
MATH3010,,,,,,,,,,,,,,
MATH3109,MATH1215,MATH1221,,,,,,,,,,,,
MATH4000,,,,,,,,,,,,,,
MATH4001,,,,,,,,,,,,,,
MATH4010,,,,,,,,,,,,,,
MATH4096,MATH4209,,,,,,,,,,,,,
MATH4209,MATH2222,MATH3109,,,,,,,,,,,,
MATH4097,MATH3109,,,,,,,,,,,,,
MATH4098,MATH4209,,,,,,,,,,,,,
MATH4099,,,,,,,,,,,,,,
MATH4211,MATH4209,,,,,,,,,,,,,
MATH4530,MATH3108,,,,,,,,,,,,,
MATH5000,,,,,,,,,,,,,,
MATH5001,,,,,,,,,,,,,,
MATH5010,,,,,,,,,,,,,,
MATH5040,,,,,,,,,,,,,,
MATH5099,,,,,,,,,,,,,,
MATH5106,MATH5105,,,,,,,,,,,,,
MATH5107,COMPSCI1200,MATH3109,,,,,,,,,,,,
MATH5108,MATH3108,,,,,,,,,,,,,
MATH5215,MATH4209,,,,,,,,,,,,,
MATH5222,MATH2222,MATH3108,,,,,,,,,,,,
MATH5302,MATH2222,MATH3304,,,,,,,,,,,,
MATH5351,MATH2222,MATH3304,,,,,,,,,,,,
MATH5483,MATH2222,MATH3304,,,,,,,,,,,,
MATH5512,MATH4209,MATH5222,,,,,,,,,,,,
MATH5530,MATH3108,,,,,,,,,,,,,
MATH5585,MATH4209,,,,,,,,,,,,,
MATH5601,MATH3304,COMPSCI1971,COMPSCI1970,MATH3108,COMPSCI1972/COMPSCI1982,COMPSCI1570/COMPSCI1580,,,,,,,,
MATH5602,MATH5601,,,,,,,,,,,,,
MATH5603,MATH2222,MATH3304,,,,,,,,,,,,
MATH5604,MATH2222,MATH3304,,,,,,,,,,,,
MATH5680,MATH2222,,,,,,,,,,,,,
MATH5940,MATH2222,,,,,,,,,,,,,
MATH5948,MATH5940,,,,,,,,,,,,,
MECHENG1720,,,,,,,,,,,,,,
MECHENG1761,MATH1214,MATH1211,MECHENG1720,,,,,,,,,,,
MECHENG2001,,,,,,,,,,,,,,
MECHENG2653,PHYSICS1111,PHYSICS1135,MECHENG1720,MECHENG1761,,,,,,,,,,
MECHENG2761,CIVENG2200,PHYSICS1111,PHYSICS1135,MATH1214,MATH1211,MECHENG1720,MECHENG1761,MECHENG2653,,,,,,
MECHENG3001,,,,,,,,,,,,,,
MECHENG3002,,,,,,,,,,,,,,
MECHENG3010,,,,,,,,,,,,,,
MECHENG4000,,,,,,,,,,,,,,
MECHENG4001,,,,,,,,,,,,,,
MECHENG4099,,,,,,,,,,,,,,
MECHENG4480,MECHENG4479,,,,,,,,,,,,,
MECHENG4761,MECHENG3131,MECHENG4479,MECHENG3525,MECHENG3708,,,,,,,,,,
MECHENG4840,MECHENG2519,MATH3304,PHYSICS2135,PHYSICS2111,,,,,,,,,,
MECHENG4842,MECHENG3313,MECHENG3131,MECHENG3525,MECHENG3521,MECHENG4840,,,,,,,,,
MECHENG5000,,,,,,,,,,,,,,
MECHENG5135,MECHENG3131,,,,,,,,,,,,,
MECHENG5205,MECHENG3131,,,,,,,,,,,,,
MECHENG5214,MECHENG2360/AEROENG2360,CIVENG2210,,,,,,,,,,,,
MECHENG5254,MECHENG2360/AEROENG2360,CIVENG2210,MATH3304,MECHENG2350,,,,,,,,,,
MECHENG5283,CIVENG2210,,,,,,,,,,,,,
MECHENG5420,MATH3304,MECHENG3411,,,,,,,,,,,,
MECHENG5523,MECHENG3131,MECHENG3525,,,,,,,,,,,,
MECHENG5533,MECHENG3521,,,,,,,,,,,,,
MECHENG5535,,,,,,,,,,,,,,
MECHENG5537,MECHENG3521,,,,,,,,,,,,,
MECHENG5541,MECHENG3521,,,,,,,,,,,,,
MECHENG5543,MATH2222,PHYSICS2135,,,,,,,,,,,,
MECHENG5544,MECHENG3525,PHYSICS2135,,,,,,,,,,,,
MECHENG5566,MECHENG3525,,,,,,,,,,,,,
MECHENG5567,MECHENG3525,MECHENG3521,,,,,,,,,,,,
MECHENG5575,MECHENG3525,MECHENG3521,CIVENG3330,MECHENG2527,,,,,,,,,,
MINENG5413/MECHENG5606,MECHENG3131,,,,,,,,,,,,,
MECHENG5655,MECHENG4479,,,,,,,,,,,,,
MECHENG5656,MECHENG3708,MECHENG3653,,,,,,,,,,,,
MECHENG5702,MECHENG3313,,,,,,,,,,,,,
MECHENG5704,MECHENG3313,CIVENG2210,,,,,,,,,,,,
MECHENG5709,MECHENG3708,,,,,,,,,,,,,
MECHENG5761,,,,,,,,,,,,,,
MECHENG5763,MATH2222,COMPSCI1971,COMPSCI1970,MECHENG2761,COMPSCI1972/COMPSCI1982,COMPSCI1570/COMPSCI1580,,,,,,,,
MECHENG5764,STAT3113,STAT3111,STAT3117,STAT3115,,,,,,,,,,
METENG1017,,,,,,,,,,,,,,
METENG1027,,,,,,,,,,,,,,
METENG2001,,,,,,,,,,,,,,
METENG3130,CERENG3230,METENG2110,,,,,,,,,,,,
METENG2410,CHEM1100,,,,,,,,,,,,,
METENG3000,,,,,,,,,,,,,,
METENG3001,,,,,,,,,,,,,,
METENG3002,,,,,,,,,,,,,,
METENG3120,CIVENG2210,METENG2110,,,,,,,,,,,,
METENG3220,CHEM1320,CERENG3230,CHEMENG2110,METENG3330,,,,,,,,,,
METENG3330,CHEM1320,,,,,,,,,,,,,
METENG3225,METENG3220,,,,,,,,,,,,,
METENG3320,CIVENG2200,,,,,,,,,,,,,
METENG3420,METENG2110,,,,,,,,,,,,,
METENG3425,METENG3420,,,,,,,,,,,,,
METENG4000,,,,,,,,,,,,,,
METENG4001,,,,,,,,,,,,,,
METENG4002,,,,,,,,,,,,,,
METENG4010,,,,,,,,,,,,,,
METENG4099,,,,,,,,,,,,,,
METENG4320,METENG2125,METENG3130,,,,,,,,,,,,
METENG4325,METENG2110,,,,,,,,,,,,,
METENG4350,CERENG3230,,,,,,,,,,,,,
METENG4420,MECHENG2653,METENG3420,,,,,,,,,,,,
METENG4425,METENG4420,,,,,,,,,,,,,
METENG4450,CERENG3230,METENG3330,,,,,,,,,,,,
METENG4617,,,,,,,,,,,,,,
METENG4627,METENG4617,,,,,,,,,,,,,
METENG4637,METENG2125,METENG3130,METENG3420,,,,,,,,,,,
METENG5000,,,,,,,,,,,,,,
METENG5001,,,,,,,,,,,,,,
METENG5040,,,,,,,,,,,,,,
METENG5099,,,,,,,,,,,,,,
METENG5110,METENG2125,METENG3130,,,,,,,,,,,,
METENG5150,METENG2110,,,,,,,,,,,,,
METENG5160,CIVENG2210,METENG3125,METENG3120,,,,,,,,,,,
NUCENG4241/NUCENG5241/METENG5170,CIVENG2210,METENG2110,NUCENG3205,NUCENG3223,,,,,,,,,,
NUCENG3205,MATH3304,PHYSICS2305,NUCENG3103,PHYSICS2311,,,,,,,,,,
NUCENG3223,NUCENG3221,,,,,,,,,,,,,
METENG5171,NUCENG4241/NUCENG5241/METENG5170,,,,,,,,,,,,,
METENG5220,METENG4350,,,,,,,,,,,,,
MINENG5424/METENG5270,MINENG2412,,,,,,,,,,,,,
MINENG2412,,,,,,,,,,,,,,
METENG5330,AEROENG3877/PHYSICS4523/METENG5810/CHEMENG5300/CERENG5810,METENG3130,,,,,,,,,,,,
METENG5420,MECHENG2653,METENG3420,,,,,,,,,,,,
METENG5425,METENG4420,,,,,,,,,,,,,
METENG5430,METENG2110,METENG3420,,,,,,,,,,,,
METENG5440,METENG3120,METENG3420,,,,,,,,,,,,
METENG5450,CERENG3230,METENG3330,,,,,,,,,,,,
METENG5460,,,,,,,,,,,,,,
METENG5470,METENG4420,METENG5420,,,,,,,,,,,,
METENG5480,CERENG3230,METENG3220,,,,,,,,,,,,
METENG5515,METENG5510/ELECENG5670,,,,,,,,,,,,,
METENG5520,METENG2125,METENG3130,,,,,,,,,,,,
METENG5525,METENG5520,,,,,,,,,,,,,
METENG5620,METENG2110,METENG3120,,,,,,,,,,,,
METENG5630,,,,,,,,,,,,,,
MILAIR1100,,,,,,,,,,,,,,
MILAIR1110,MILAIR1100,,,,,,,,,,,,,
MILAIR1120,MILAIR1100,,,,,,,,,,,,,
MILAIR2110,MILAIR1100,,,,,,,,,,,,,
MILAIR2120,MILAIR1100,,,,,,,,,,,,,
MILAIR3110,MILAIR1100,,,,,,,,,,,,,
MILAIR3120,MILAIR1100,,,,,,,,,,,,,
MILAIR4110,MILAIR1100,,,,,,,,,,,,,
MILAIR4120,MILAIR1100,,,,,,,,,,,,,
MILARMY1000,,,,,,,,,,,,,,
MILARMY1250,,,,,,,,,,,,,,
MILARMY1500,,,,,,,,,,,,,,
MILARMY1700,,,,,,,,,,,,,,
MILARMY1750,,,,,,,,,,,,,,
MILARMY1800,,,,,,,,,,,,,,
MILARMY2250,,,,,,,,,,,,,,
MILARMY2500,,,,,,,,,,,,,,
MILARMY2750,,,,,,,,,,,,,,
MILARMY3250,MILARMY1250,MILARMY1500,MILARMY2250,MILARMY2500,,,,,,,,,,
MILARMY3500,MILARMY3250,,,,,,,,,,,,,
MILARMY4000,MILARMY4500,MILARMY4250,,,,,,,,,,,,
MILARMY4500,MILARMY4250,,,,,,,,,,,,,
MILARMY4250,MILARMY3250,MILARMY3500,,,,,,,,,,,,
MILARMY4001,,,,,,,,,,,,,,
MINENG1912,,,,,,,,,,,,,,
MINENG1913,,,,,,,,,,,,,,
MINENG2002,,,,,,,,,,,,,,
MINENG2914,MINENG1912,,,,,,,,,,,,,
MINENG2924,MINENG1912,MINENG2914,,,,,,,,,,,,
MINENG2925,MINENG2126,,,,,,,,,,,,,
MINENG3000,,,,,,,,,,,,,,
MINENG3001,,,,,,,,,,,,,,
MINENG3002,MINENG2126,,,,,,,,,,,,,
MINENG3912,MINENG1912,,,,,,,,,,,,,
MINENG3913,CHEM1319,CHEM1310,GEOLOGY1110/GEOENG1150,,,,,,,,,,,
MINENG4000,,,,,,,,,,,,,,
MINENG4001,,,,,,,,,,,,,,
MINENG4096,MINENG5933,MINENG5932,MINENG5522,,,,,,,,,,,
MINENG5932,MINENG3913,,,,,,,,,,,,,
MINENG5522,MATH3304,STAT3113,STAT3115,,,,,,,,,,,
MINENG4097,MINENG4096,,,,,,,,,,,,,
MINENG4099,,,,,,,,,,,,,,
MINENG4122,MINENG2126,,,,,,,,,,,,,
MINENG4414,,,,,,,,,,,,,,
MINENG4824,CIVENG2210,,,,,,,,,,,,,
MINENG4922,CIVENG3116,CIVENG3715,GEOENG5471,,,,,,,,,,,
MINENG5000,,,,,,,,,,,,,,
MINENG5001,,,,,,,,,,,,,,
MINENG5113,NUCENG3221,CIVENG3330,MECHENG2527,,,,,,,,,,,
MINENG5212,CIVENG3116,MINENG3912,,,,,,,,,,,,
MINENG5322,MINENG5912,,,,,,,,,,,,,
MINENG5912,NUCENG3221,CIVENG3330,MECHENG2527,,,,,,,,,,,
MINENG5412,MINENG2412,,,,,,,,,,,,,
MINENG5422,MINENG2412,,,,,,,,,,,,,
MINENG5423,MINENG2412,,,,,,,,,,,,,
MINENG5822,MINENG5823,,,,,,,,,,,,,
MINENG5823,CIVENG2210,PHYSICS2135,GEOLOGY3310,,,,,,,,,,,
MINENG5913,,,,,,,,,,,,,,
MUSIC1111,,,,,,,,,,,,,,
MUSIC1121,,,,,,,,,,,,,,
MUSIC1130,,,,,,,,,,,,,,
MUSIC1131,,,,,,,,,,,,,,
MUSIC1132,,,,,,,,,,,,,,
MUSIC1134,,,,,,,,,,,,,,
MUSIC1135,,,,,,,,,,,,,,
MUSIC1136,,,,,,,,,,,,,,
MUSIC1140,,,,,,,,,,,,,,
MUSIC1141,,,,,,,,,,,,,,
MUSIC1144,,,,,,,,,,,,,,
MUSIC1151,,,,,,,,,,,,,,
MUSIC2000,,,,,,,,,,,,,,
MUSIC2001,,,,,,,,,,,,,,
MUSIC2111,,,,,,,,,,,,,,
MUSIC2121,,,,,,,,,,,,,,
MUSIC2161,,,,,,,,,,,,,,
MUSIC2162,MUSIC2161,,,,,,,,,,,,,
MUSIC2163,MUSIC1130,MUSIC1131,MUSIC1132,MUSIC1134,MUSIC1135,MUSIC1136,,,,,,,,
MUSIC3000,,,,,,,,,,,,,,
MUSIC3001,,,,,,,,,,,,,,
MUSIC3010,,,,,,,,,,,,,,
MUSIC3251,ENGLISH1120,HISTORY1100,MUSIC1150,,,,,,,,,,,
MUSIC4000,,,,,,,,,,,,,,
MUSIC4001,,,,,,,,,,,,,,
NUCENG1105,,,,,,,,,,,,,,
NUCENG2001,,,,,,,,,,,,,,
NUCENG2105,MATH1215,MATH1221,,,,,,,,,,,,
NUCENG2406,MATH1214,MATH1211,MATH1208,,,,,,,,,,,
NUCENG3000,,,,,,,,,,,,,,
NUCENG3001,,,,,,,,,,,,,,
NUCENG3103,MATH2222,PHYSICS2135,,,,,,,,,,,,
PHYSICS2311,MATH3304,PHYSICS2135,PHYSICS2111,,,,,,,,,,,
NUCENG4000,,,,,,,,,,,,,,
NUCENG4001,,,,,,,,,,,,,,
NUCENG4099,,,,,,,,,,,,,,
NUCENG4203,NUCENG3205,,,,,,,,,,,,,
NUCENG4207,NUCENG3205,,,,,,,,,,,,,
NUCENG4211,COMPSCI3200,NUCENG4203,,,,,,,,,,,,
NUCENG4215,NUCENG4203,NUCENG4229,,,,,,,,,,,,
NUCENG4229,NUCENG3205,NUCENG3223,,,,,,,,,,,,
NUCENG4251,NUCENG3205,,,,,,,,,,,,,
NUCENG4253,NUCENG3205,,,,,,,,,,,,,
NUCENG4257,MECHENG3131,NUCENG3221,CHEMENG3101,,,,,,,,,,,
NUCENG4259,NUCENG3205,,,,,,,,,,,,,
NUCENG4312,ELECENG2800,NUCENG3205,,,,,,,,,,,,
NUCENG4345,NUCENG4203,,,,,,,,,,,,,
NUCENG4347,NUCENG3205,,,,,,,,,,,,,
NUCENG4350/NUCENG5350,NUCENG4312,,,,,,,,,,,,,
NUCENG4361,MATH3304,,,,,,,,,,,,,
NUCENG4363,PHYSICS2305,NUCENG3103,,,,,,,,,,,,
NUCENG4428,NUCENG3205,NUCENG4312,,,,,,,,,,,,
NUCENG4438,NUCENG4428,,,,,,,,,,,,,
NUCENG4456,NUCENG2105,NUCENG2406,,,,,,,,,,,,
NUCENG4496,NUCENG4241/NUCENG5241/METENG5170,NUCENG3223,NUCENG4203,NUCENG5203,,,,,,,,,,
NUCENG5203,NUCENG3205,,,,,,,,,,,,,
NUCENG4497,NUCENG4496,,,,,,,,,,,,,
NUCENG4577,NUCENG2105,,,,,,,,,,,,,
NUCENG5000,,,,,,,,,,,,,,
NUCENG5001,,,,,,,,,,,,,,
NUCENG5010,,,,,,,,,,,,,,
NUCENG5207,NUCENG3205,,,,,,,,,,,,,
NUCENG5251,NUCENG3205,,,,,,,,,,,,,
NUCENG5257,,,,,,,,,,,,,,
NUCENG5281/SYSENG5281,,,,,,,,,,,,,,
NUCENG5312,NUCENG3205,,,,,,,,,,,,,
NUCENG5347,NUCENG3205,,,,,,,,,,,,,
NUCENG5363,PHYSICS2305,NUCENG3103,,,,,,,,,,,,
NUCENG5365,NUCENG3205,,,,,,,,,,,,,
NUCENG5428,NUCENG3205,NUCENG4312,,,,,,,,,,,,
NUCENG5438,NUCENG4428,NUCENG5428,,,,,,,,,,,,
NUCENG5456,NUCENG2105,NUCENG2406,,,,,,,,,,,,
NUCENG5507,,,,,,,,,,,,,,
NUCENG5509,,,,,,,,,,,,,,
NUCENG5577,,,,,,,,,,,,,,
PETENG1120,,,,,,,,,,,,,,
PETENG2000,,,,,,,,,,,,,,
PETENG2001,,,,,,,,,,,,,,
PETENG2002,,,,,,,,,,,,,,
PETENG2510,CHEM1310,,,,,,,,,,,,,
PETENG3000,,,,,,,,,,,,,,
PETENG3001,,,,,,,,,,,,,,
PETENG3320,PHYSICS1135,,,,,,,,,,,,,
PETENG3330,PHYSICS2135,PHYSICS2111,PETENG3320,,,,,,,,,,,
PETENG3520,PETENG2510,PETENG3320,,,,,,,,,,,,
PETENG3529,PETENG3520,,,,,,,,,,,,,
PETENG4000,,,,,,,,,,,,,,
PETENG4001,,,,,,,,,,,,,,
PETENG4010,,,,,,,,,,,,,,
PETENG4097,PETENG3520,,,,,,,,,,,,,
PETENG4099,,,,,,,,,,,,,,
PETENG4109,,,,,,,,,,,,,,
PETENG4111,,,,,,,,,,,,,,
PETENG4210,CIVENG2200,,,,,,,,,,,,,
PETENG4211,PETENG4210,,,,,,,,,,,,,
PETENG4311,PETENG3330,PETENG3520,,,,,,,,,,,,
PETENG4410,PETENG3520,,,,,,,,,,,,,
PETENG4421,PETENG4410,,,,,,,,,,,,,
PETENG4431,PETENG4410,,,,,,,,,,,,,
PETENG4441,PETENG3330,PETENG3520,,,,,,,,,,,,
PETENG4511,PETENG3520,,,,,,,,,,,,,
PETENG4520,PETENG3520,,,,,,,,,,,,,
PETENG4531,PETENG2510,,,,,,,,,,,,,
PETENG4590,ECON1100,ECON1200,PETENG3520,,,,,,,,,,,
PETENG4611,PETENG3520,,,,,,,,,,,,,
PETENG4621,PETENG3520,,,,,,,,,,,,,
PETENG4631,PETENG3520,,,,,,,,,,,,,
PETENG4710,MATH3304,GEOLOGY3310,PETENG3520,,,,,,,,,,,
PETENG4720,GEOLOGY3310,GEOLOGY3319,PETENG3330,,,,,,,,,,,
PETENG4811,PETENG3520,,,,,,,,,,,,,
PETENG4821,CHEM1310,,,,,,,,,,,,,
PETENG5000,,,,,,,,,,,,,,
PETENG5001,,,,,,,,,,,,,,
PETENG5010,,,,,,,,,,,,,,
PETENG5040,,,,,,,,,,,,,,
PETENG5050,,,,,,,,,,,,,,
PETENG5085,,,,,,,,,,,,,,
PETENG5099,,,,,,,,,,,,,,
PETENG5801,COMPSCI1500,,,,,,,,,,,,,
PHILOS1105,,,,,,,,,,,,,,
PHILOS1110,,,,,,,,,,,,,,
PHILOS1115,,,,,,,,,,,,,,
PHILOS1130,,,,,,,,,,,,,,
PHILOS1175,,,,,,,,,,,,,,
PHILOS2000,,,,,,,,,,,,,,
PHILOS2001,,,,,,,,,,,,,,
PHILOS3000,,,,,,,,,,,,,,
PHILOS3001,,,,,,,,,,,,,,
PHILOS3204,,,,,,,,,,,,,,
PHILOS3205,,,,,,,,,,,,,,
PHILOS3223,,,,,,,,,,,,,,
PHILOS3302,,,,,,,,,,,,,,
PHILOS4000,,,,,,,,,,,,,,
PHILOS4001,,,,,,,,,,,,,,
PHILOS4320,,,,,,,,,,,,,,
PHILOS4325,,,,,,,,,,,,,,
PHILOS4333,,,,,,,,,,,,,,
PHILOS4335,,,,,,,,,,,,,,
PHILOS4345,,,,,,,,,,,,,,
PHILOS4350,,,,,,,,,,,,,,
PHILOS4360,,,,,,,,,,,,,,
PHILOS4399,,,,,,,,,,,,,,
PHILOS4554,,,,,,,,,,,,,,
PHILOS4665,,,,,,,,,,,,,,
PHILOS5000,,,,,,,,,,,,,,
PHILOS5001,,,,,,,,,,,,,,
PHYSED1001,,,,,,,,,,,,,,
PHYSED1100,,,,,,,,,,,,,,
PHYSED1102,,,,,,,,,,,,,,
PHYSED1103,,,,,,,,,,,,,,
PHYSED1104,,,,,,,,,,,,,,
PHYSED1105,,,,,,,,,,,,,,
PHYSED1108,,,,,,,,,,,,,,
PHYSED1109,,,,,,,,,,,,,,
PHYSED1110,,,,,,,,,,,,,,
PHYSED1111,,,,,,,,,,,,,,
PHYSED1120,,,,,,,,,,,,,,
PHYSED1130,,,,,,,,,,,,,,
PHYSED1510,,,,,,,,,,,,,,
PHYSED1520,,,,,,,,,,,,,,
PHYSED1530,,,,,,,,,,,,,,
PHYSED2000,,,,,,,,,,,,,,
PHYSED2001,,,,,,,,,,,,,,
PHYSICS1001,,,,,,,,,,,,,,
PHYSICS1101,,,,,,,,,,,,,,
PHYSICS1119,PHYSICS1111,,,,,,,,,,,,,
PHYSICS1145,MATH1140,MATH1120,MATH1160,,,,,,,,,,,
PHYSICS1505,,,,,,,,,,,,,,
PHYSICS1509,PHYSICS1505,,,,,,,,,,,,,
PHYSICS1605,,,,,,,,,,,,,,
PHYSICS1609,PHYSICS1605,,,,,,,,,,,,,
PHYSICS2001,,,,,,,,,,,,,,
PHYSICS2119,PHYSICS2111,,,,,,,,,,,,,
PHYSICS2129,,,,,,,,,,,,,,
PHYSICS2145,MATH1160,PHYSICS1145,,,,,,,,,,,,
PHYSICS2401,MATH3304,PHYSICS2135,PHYSICS2111,,,,,,,,,,,
PHYSICS3000,,,,,,,,,,,,,,
PHYSICS3001,,,,,,,,,,,,,,
PHYSICS3119,PHYSICS2129,,,,,,,,,,,,,
PHYSICS3129,PHYSICS2129,,,,,,,,,,,,,
PHYSICS3201,PHYSICS2401,,,,,,,,,,,,,
PHYSICS4001,,,,,,,,,,,,,,
PHYSICS4099,,,,,,,,,,,,,,
PHYSICS4203,PHYSICS2401,,,,,,,,,,,,,
PHYSICS4301,PHYSICS2305,PHYSICS2311,PHYSICS2401,,,,,,,,,,,
PHYSICS4311,PHYSICS2305,PHYSICS2311,,,,,,,,,,,,
PHYSICS4323,MATH3304,PHYSICS2305,PHYSICS2311,,,,,,,,,,,
PHYSICS4333,MATH3304,PHYSICS2305,,,,,,,,,,,,
PHYSICS4343,PHYSICS2305,,,,,,,,,,,,,
PHYSICS4513,PHYSICS2305,PHYSICS2311,,,,,,,,,,,,
PHYSICS4533,PHYSICS2305,PHYSICS2311,,,,,,,,,,,,
PHYSICS4553,PHYSICS2305,,,,,,,,,,,,,
PHYSICS4563,MATH2222,,,,,,,,,,,,,
PHYSICS4605,,,,,,,,,,,,,,
PHYSICS4615,MATH2222,,,,,,,,,,,,,
PHYSICS4625/STAT5904,,,,,,,,,,,,,,
PHYSICS4635,,,,,,,,,,,,,,
PHYSICS5000,,,,,,,,,,,,,,
PHYSICS5001,,,,,,,,,,,,,,
PHYSICS5333,,,,,,,,,,,,,,
PHYSICS5403,MATH3304,PHYSICS2305,PHYSICS2311,,,,,,,,,,,
PHYSICS5413,MATH3304,PHYSICS2135,PHYSICS2111,,,,,,,,,,,
PHYSICS5603,,,,,,,,,,,,,,
POLSCI1100,,,,,,,,,,,,,,
POLSCI2000,,,,,,,,,,,,,,
POLSCI2001,,,,,,,,,,,,,,
POLSCI2400,HISTORY1310,HISTORY1300,POLSCI1200,,,,,,,,,,,
POLSCI2500,HISTORY1310,HISTORY1300,POLSCI1200,,,,,,,,,,,
POLSCI3000,,,,,,,,,,,,,,
POLSCI3001,,,,,,,,,,,,,,
POLSCI3010,,,,,,,,,,,,,,
POLSCI3210,HISTORY1310,HISTORY1300,HISTORY1200,POLSCI1200,,,,,,,,,,
POLSCI3211,HISTORY1310,HISTORY1300,POLSCI1200,,,,,,,,,,,
POLSCI3300,POLSCI1200,,,,,,,,,,,,,
POLSCI3310,POLSCI1200,,,,,,,,,,,,,
POLSCI4000,,,,,,,,,,,,,,
POLSCI4001,,,,,,,,,,,,,,
POLSCI4010,,,,,,,,,,,,,,
POLSCI4085,POLSCI1200,POLSCI1100,,,,,,,,,,,,
POLSCI4320,HISTORY1310,HISTORY1300,HISTORY1100,HISTORY1200,POLSCI1200,,,,,,,,,
POLSCI4500,HISTORY1310,HISTORY1300,HISTORY1100,HISTORY1200,POLSCI1200,,,,,,,,,
POLSCI4510,HISTORY1310,HISTORY1300,HISTORY1200,POLSCI1200,,,,,,,,,,
PREMED1211,,,,,,,,,,,,,,
PREMED3010,,,,,,,,,,,,,,
PSYCH1100,,,,,,,,,,,,,,
PSYCH2000,,,,,,,,,,,,,,
PSYCH2001,,,,,,,,,,,,,,
PSYCH2200,STAT3113,STAT1115,STAT3115,PSYCH1101,,,,,,,,,,
PSYCH3000,,,,,,,,,,,,,,
PSYCH3001,,,,,,,,,,,,,,
PSYCH3310,PSYCH1101,,,,,,,,,,,,,
PSYCH3311,PSYCH1101,,,,,,,,,,,,,
PSYCH3400,PSYCH1101,,,,,,,,,,,,,
PSYCH3501,PSYCH1101,,,,,,,,,,,,,
PSYCH4000,,,,,,,,,,,,,,
PSYCH4001,,,,,,,,,,,,,,
PSYCH4010,,,,,,,,,,,,,,
PSYCH4099,,,,,,,,,,,,,,
PSYCH4200,PSYCH1101,,,,,,,,,,,,,
PSYCH4310,PSYCH1101,,,,,,,,,,,,,
PSYCH4400,PSYCH1101,,,,,,,,,,,,,
PSYCH4410,PSYCH1101,,,,,,,,,,,,,
PSYCH4411,PSYCH1101,,,,,,,,,,,,,
PSYCH4500,PSYCH1101,,,,,,,,,,,,,
PSYCH4501,PSYCH1101,,,,,,,,,,,,,
PSYCH4510,PSYCH1101,PSYCH4501,,,,,,,,,,,,
PSYCH4590,PSYCH1101,,,,,,,,,,,,,
PSYCH4600,PSYCH1101,,,,,,,,,,,,,
PSYCH4601,PSYCH1101,,,,,,,,,,,,,
PSYCH4602,PSYCH1101,,,,,,,,,,,,,
PSYCH4603,PSYCH1101,,,,,,,,,,,,,
PSYCH4610,PSYCH1101,,,,,,,,,,,,,
PSYCH4700,PSYCH1101,,,,,,,,,,,,,
PSYCH4720,PSYCH1101,,,,,,,,,,,,,
PSYCH4730,PSYCH1101,,,,,,,,,,,,,
PSYCH4990,,,,,,,,,,,,,,
PSYCH4992,PSYCH1101,,,,,,,,,,,,,
PSYCH4993,PSYCH1101,,,,,,,,,,,,,
PSYCH4995,,,,,,,,,,,,,,
PSYCH5000,,,,,,,,,,,,,,
PSYCH5001,,,,,,,,,,,,,,
PSYCH5010,,,,,,,,,,,,,,
PSYCH5012,,,,,,,,,,,,,,
PSYCH5020,,,,,,,,,,,,,,
PSYCH5040,,,,,,,,,,,,,,
PSYCH5200,PSYCH4200,,,,,,,,,,,,,
PSYCH5201,PSYCH5202,,,,,,,,,,,,,
PSYCH5202,,,,,,,,,,,,,,
PSYCH5210,,,,,,,,,,,,,,
PSYCH5600,PSYCH4600,,,,,,,,,,,,,
PSYCH5601,PSYCH4601,,,,,,,,,,,,,
PSYCH5602,PSYCH4602,,,,,,,,,,,,,
PSYCH5603,PSYCH4603,,,,,,,,,,,,,
PSYCH5700,PSYCH4700,,,,,,,,,,,,,
PSYCH5720,PSYCH1101,,,,,,,,,,,,,
PSYCH5730,PSYCH4730,,,,,,,,,,,,,
PSYCH5740,,,,,,,,,,,,,,
RUSSIAN1101,,,,,,,,,,,,,,
RUSSIAN1102,RUSSIAN1101,,,,,,,,,,,,,
RUSSIAN1180,RUSSIAN1102,,,,,,,,,,,,,
RUSSIAN2000,,,,,,,,,,,,,,
RUSSIAN2001,,,,,,,,,,,,,,
RUSSIAN2110,RUSSIAN1102,,,,,,,,,,,,,
RUSSIAN2170,RUSSIAN1180,,,,,,,,,,,,,
RUSSIAN3000,,,,,,,,,,,,,,
RUSSIAN3001,,,,,,,,,,,,,,
RUSSIAN3790,RUSSIAN1180,,,,,,,,,,,,,
RUSSIAN4000,,,,,,,,,,,,,,
RUSSIAN4001,,,,,,,,,,,,,,
RUSSIAN4010,,,,,,,,,,,,,,
RUSSIAN4320,RUSSIAN1102,,,,,,,,,,,,,
RUSSIAN4330,RUSSIAN1180,,,,,,,,,,,,,
RUSSIAN4360,,,,,,,,,,,,,,
RUSSIAN4370,RUSSIAN2170,,,,,,,,,,,,,
RUSSIAN4375,RUSSIAN2170,,,,,,,,,,,,,
RUSSIAN5001,,,,,,,,,,,,,,
RUSSIAN5790,RUSSIAN1180,,,,,,,,,,,,,
SPANISH1101,,,,,,,,,,,,,,
SPANISH1102,SPANISH1101,,,,,,,,,,,,,
SPANISH1180,SPANISH1102,,,,,,,,,,,,,
SPANISH2000,,,,,,,,,,,,,,
SPANISH2001,,,,,,,,,,,,,,
SPANISH2110,SPANISH1180,,,,,,,,,,,,,
SPANISH2160,SPANISH1180,,,,,,,,,,,,,
SPANISH2161,SPANISH1180,,,,,,,,,,,,,
SPANISH2170,SPANISH1180,,,,,,,,,,,,,
SPANISH2180,SPANISH1180,,,,,,,,,,,,,
SPANISH2330,SPANISH1180,,,,,,,,,,,,,
SPANISH3000,,,,,,,,,,,,,,
SPANISH3001,,,,,,,,,,,,,,
SPANISH3100,SPANISH1180,,,,,,,,,,,,,
SPANISH4000,,,,,,,,,,,,,,
SPANISH4001,,,,,,,,,,,,,,
SPANISH4010,,,,,,,,,,,,,,
SPANISH4302,,,,,,,,,,,,,,
SPANISH4311,,,,,,,,,,,,,,
SPANISH4330,,,,,,,,,,,,,,
SPANISH4350,,,,,,,,,,,,,,
SPANISH4370,SPANISH2170,,,,,,,,,,,,,
SPANISH4377,SPANISH2170,,,,,,,,,,,,,
SPMS2000,,,,,,,,,,,,,,
SPMS2001,,,,,,,,,,,,,,
SPMS3000,,,,,,,,,,,,,,
SPMS3001,,,,,,,,,,,,,,
SPMS3010,,,,,,,,,,,,,,
SPMS3235,SPMS1185,ENGLISH1120,HISTORY1200,,,,,,,,,,,
THEATRE3245/SPMS3245,,,,,,,,,,,,,,
SPMS3250,SPMS2181,,,,,,,,,,,,,
SPMS3255,SPMS2181,,,,,,,,,,,,,
SPMS3265,SPMS2181,SPMS3250,,,,,,,,,,,,
SPMS3270,,,,,,,,,,,,,,
SPMS3283,SPMS2181,,,,,,,,,,,,,
SPMS4000,,,,,,,,,,,,,,
SPMS4001,,,,,,,,,,,,,,
SPMS4010,,,,,,,,,,,,,,
SPMS4099,,,,,,,,,,,,,,
SPMS5000,,,,,,,,,,,,,,
SPMS5001,,,,,,,,,,,,,,
SPMS5010,,,,,,,,,,,,,,
STAT1001,,,,,,,,,,,,,,
STAT2001,,,,,,,,,,,,,,
STAT3425,MATH1214,MATH1208,MATH1212,MATH1140,MATH1120,,,,,,,,,
STAT4000,,,,,,,,,,,,,,
STAT4001,,,,,,,,,,,,,,
STAT4099,,,,,,,,,,,,,,
STAT4210,MATH2222,STAT3113,STAT3117,STAT3115,COMPSCI1500,MATH3108,COMPSCI1570/COMPSCI1580,,,,,,,
STAT5000,,,,,,,,,,,,,,
STAT5001,,,,,,,,,,,,,,
STAT5099,,,,,,,,,,,,,,
STAT5260,STAT3113,STAT3117,STAT3115,STAT5643,COMPSCI5204/STAT5346,STAT5353,,,,,,,,
STAT5353,MATH2222,STAT3113,STAT1115,STAT3117,STAT3115,,,,,,,,,
STAT5756,STAT5643,,,,,,,,,,,,,
STAT5814,STAT3113,STAT3117,STAT3115,STAT5643,MATH3108,MATH5108,,,,,,,,
STAT5905,,,,,,,,,,,,,,
STAT5906,,,,,,,,,,,,,,
STAT5907,,,,,,,,,,,,,,
SYSENG5000,,,,,,,,,,,,,,
SYSENG5001,,,,,,,,,,,,,,
SYSENG5040,,,,,,,,,,,,,,
SYSENG5099,,,,,,,,,,,,,,
SYSENG5101,,,,,,,,,,,,,,
TCHCOM3000,,,,,,,,,,,,,,
TCHCOM3001,,,,,,,,,,,,,,
TCHCOM3010,,,,,,,,,,,,,,
TCHCOM3440,ENGLISH1600/TCHCOM1600,TCHCOM2540/ENGLISH2540,,,,,,,,,,,,
TCHCOM3570,ENGLISH1120,,,,,,,,,,,,,
TCHCOM3580,,,,,,,,,,,,,,
TCHCOM4085,,,,,,,,,,,,,,
TCHCOM4099,,,,,,,,,,,,,,
TCHCOM4410,ENGLISH2002,,,,,,,,,,,,,
TCHCOM4450,,,,,,,,,,,,,,
TCHCOM4550,,,,,,,,,,,,,,
TCHCOM5000,,,,,,,,,,,,,,
TCHCOM5001,,,,,,,,,,,,,,
TCHCOM5010,,,,,,,,,,,,,,
TCHCOM5040,,,,,,,,,,,,,,
TCHCOM5099,,,,,,,,,,,,,,
TCHCOM5510,,,,,,,,,,,,,,
TCHCOM5520,,,,,,,,,,,,,,
TCHCOM5530,,,,,,,,,,,,,,
TCHCOM5540,TCHCOM2540/ENGLISH2540,,,,,,,,,,,,,
TCHCOM5550,,,,,,,,,,,,,,
TCHCOM5560,,,,,,,,,,,,,,
TCHCOM5610,,,,,,,,,,,,,,
TCHCOM5620,,,,,,,,,,,,,,
THEATRE1142,,,,,,,,,,,,,,
THEATRE1143,,,,,,,,,,,,,,
THEATRE1150,,,,,,,,,,,,,,
THEATRE1190,,,,,,,,,,,,,,
THEATRE2000,,,,,,,,,,,,,,
THEATRE2001,,,,,,,,,,,,,,
THEATRE2141,,,,,,,,,,,,,,
THEATRE2143,,,,,,,,,,,,,,
THEATRE3000,,,,,,,,,,,,,,
THEATRE3001,,,,,,,,,,,,,,
THEATRE3220,,,,,,,,,,,,,,
THEATRE3241,THEATRE2141,,,,,,,,,,,,,
THEATRE3243,,,,,,,,,,,,,,
THEATRE4000,,,,,,,,,,,,,,
THEATRE4001,,,,,,,,,,,,,,
THEATRE4341,THEATRE2141,,,,,,,,,,,,,
ELECENG3100/ELECENG3101,ELECENG2200,ELECENG2120,ELECENG2201,COMPENG2210/COMPENG2211,,,,,,,,,,
ELECENG3320/ELECENG3321,MATH3304,ELECENG2120,,,,,,,,,,,,
ELECENG3430/ELECENG3431,ELECENG2101,ELECENG2120,,,,,,,,,,,,
COMPSCI1972/COMPSCI1982,MATH1214,MATH1211,MATH1208,,,,,,,,,,,
COMPSCI1570/COMPSCI1580,COMPSCI1971,COMPSCI1981,COMPSCI1500,,,,,,,,,,,
CHEM1550/CHEM1559,CHEM1320,CHEM1100,,,,,,,,,,,,
GEOENG5211/GEOENG5247,,,,,,,,,,,,,,
COMPENG2210/COMPENG2211,,,,,,,,,,,,,,
