ACCTNG210,MATH120,MATH110/MATH109,,,,,,,
MATH120,,,,,,,,,
ACCTNG211,ACCTNG210,,,,,,,,
ACCTNG306,ACCTNG210,,,,,,,,
ACCTNG307,ACCTNG211,,,,,,,,
ACCTNG310,ACCTNG306,,,,,,,,
ACCTNG318,ACCTNG310,,,,,,,,
ACCTNG350,ACCTNG306,ACCTNG310,,,,,,,
ACCTNG360,ACCTNG310,,,,,,,,
ACCTNG405,ACCTNG350,,,,,,,,
ACCTNG412,ACCTNG211,,,,,,,,
ACCTNG418,,,,,,,,,
ACCTNG420,ACCTNG310,,,,,,,,
ACCTNG421,ACCTNG307,ACCTNG310,,,,,,,
ACCTNG464,ACCTNG350,,,,,,,,
ACCTNG470,,,,,,,,,
ACCTNG487,,,,,,,,,
ACCTNG496,,,,,,,,,
ACCTNG497,,,,,,,,,
ANTHRO103,,,,,,,,,
ANTHRO300,,,,,,,,,
ANTHRO305,,,,,,,,,
ANTHRO306,,,,,,,,,
ANTHRO308,,,,,,,,,
ANTHRO322,,,,,,,,,
ANTHRO326,,,,,,,,,
ANTHRO328,ANTHRO103,,,,,,,,
ANTHRO331,,,,,,,,,
ANTHRO333,,,,,,,,,
ANTHRO373,,,,,,,,,
ANTHRO380,,,,,,,,,
ANTHRO397,,,,,,,,,
ANTHRO407,,,,,,,,,
ALI100,,,,,,,,,
ALI101,,,,,,,,,
ALI102,,,,,,,,,
ALI103,,,,,,,,,
ALI111,,,,,,,,,
ALI112,,,,,,,,,
ALI113,,,,,,,,,
ALI121,,,,,,,,,
ALI122,,,,,,,,,
ALI123,,,,,,,,,
ALI131,,,,,,,,,
ALI132,,,,,,,,,
ALI133,,,,,,,,,
ALI141,,,,,,,,,
ALI142,,,,,,,,,
ALI143,,,,,,,,,
ALI151,,,,,,,,,
ALI153,,,,,,,,,
ALI161,ENGLISH110,,,,,,,,
ENGLISH110,,,,,,,,,
ALI162,COMMST209,,,,,,,,
COMMST209,,,,,,,,,
ALI163,COMMST110,,,,,,,,
COMMST110,,,,,,,,,
ARABIC110,,,,,,,,,
ARABIC120,,,,,,,,,
ARABIC211,,,,,,,,,
ARABIC280,,,,,,,,,
ENVDSN110,,,,,,,,,
ENVDSN201,,,,,,,,,
ENVDSN202,ENVDSN201,,,,,,,,
ENVDSN203,,,,,,,,,
ENVDSN248,,,,,,,,,
ENVDSN250,,,,,,,,,
ENVDSN251,,,,,,,,,
ENVDSN252,,,,,,,,,
ENVDSN301,ENVDSN202,,,,,,,,
ENVDSN302,ENVDSN301,,,,,,,,
ENVDSN325,,,,,,,,,
ENVDSN347,MATH120,MATH110/MATH109,,,,,,,
ENVDSN433,ENVDSN248,,,,,,,,
ART105,,,,,,,,,
ART112,,,,,,,,,
ART114,,,,,,,,,
ART121,,,,,,,,,
ART206,ART105,ART114,,,,,,,
ART212,ART112,,,,,,,,
ART214,ART112,ART114,ART121,,,,,,
ART221,ART112,ART114,ART121,,,,,,
ART224,ART112,ART114,ART121,,,,,,
ART230,,,,,,,,,
ART266,,,,,,,,,
ART309,ART224,,,,,,,,
ART310,ART114,,,,,,,,
ART311,ART221,,,,,,,,
ART312,ART212,,,,,,,,
ART320WI,ENGLISH225,,,,,,,,
ENGLISH225,ENGLISH110,,,,,,,,
ART327,ART114,ART206,ART310,ART340,ART337,ART338,,,
ART340,,,,,,,,,
ART337,ART114,ART121,,,,,,,
ART338,ART337,,,,,,,,
ART330,ART230,,,,,,,,
ART375,ART206,ART212,ART221,ART224,ART230,ART310,ART312,ART340,ART337
ART405,,,,,,,,,
ART411,ART311,,,,,,,,
ART412,ART312,,,,,,,,
ART421,ART411,,,,,,,,
ART439,ART337,,,,,,,,
ART488,ART114,ART121,,,,,,,
ART493,,,,,,,,,
ART495,,,,,,,,,
ART498Q,,,,,,,,,
ART499WI,ENGLISH225,,,,,,,,
ARTHIST110,,,,,,,,,
ARTHIST201,,,,,,,,,
ARTHIST202,,,,,,,,,
ARTHIST303,,,,,,,,,
ARTHIST315,,,,,,,,,
ARTHIST319,,,,,,,,,
ARTHIST320WI,ENGLISH225,,,,,,,,
ARTHIST421,,,,,,,,,
ARTHIST422WI,ENGLISH225,,,,,,,,
ARTHIST445,,,,,,,,,
ARTHIST450,,,,,,,,,
ARTHIST452,,,,,,,,,
ARTHIST455,,,,,,,,,
ARTHIST468,ARTHIST303,,,,,,,,
ARTHIST469,,,,,,,,,
ARTHIST470,ARTHIST202,ARTHIST303,,,,,,,
ARTHIST476,ARTHIST303,,,,,,,,
ARTHIST478,,,,,,,,,
ARTHIST482WI,ENGLISH225,,,,,,,,
ARTHIST493,,,,,,,,,
ARTHIST495,,,,,,,,,
ARTHIST497Q,,,,,,,,,
ASTR150,,,,,,,,,
ASTR153L,,,,,,,,,
ASTR155,,,,,,,,,
ASTR353,PHYSICS220,PHYSICS250,MATH250,MATH268,,,,,
PHYSICS220,PHYSICS210,,,,,,,,
PHYSICS250,MATH268,PHYSICS240,MATH220,,,,,,
MATH250,MATH268,MATH220,,,,,,,
MATH268,MATH266,,,,,,,,
ASTR355,PHYSICS220,PHYSICS250,MATH250,MATH268,,,,,
ASTR356,PHYSICS220,PHYSICS250,MATH250,MATH268,,,,,
ASTR465,PHYSICS220,PHYSICS250,MATH250,MATH268,,,,,
BASSOON100A,,,,,,,,,
BASSOON100B,,,,,,,,,
BASSOON100C,,,,,,,,,
BASSOON101,,,,,,,,,
BASSOON102,,,,,,,,,
BASSOON201,,,,,,,,,
BASSOON202,,,,,,,,,
BASSOON300,,,,,,,,,
BASSOON301,,,,,,,,,
BASSOON302,,,,,,,,,
BASSOON401,,,,,,,,,
BASSOON402,,,,,,,,,
BIOLOGY102,,,,,,,,,
BIOLOGY102L,BIOLOGY102,,,,,,,,
BIOLOGY108,,,,,,,,,
BIOLOGY108L,BIOLOGY108,,,,,,,,
BIOLOGY109,,,,,,,,,
BIOLOGY109L,BIOLOGY109,,,,,,,,
BIOLOGY112,,,,,,,,,
BIOLOGY115,,,,,,,,,
BIOLOGY122,,,,,,,,,
BIOLOGY125L,,,,,,,,,
BIOLOGY199L,BIOLOGY108,BIOLOGY109,,,,,,,
BIOLOGY202,BIOLOGY108,CHEM212R,LSANATO219,LSANATO219L,LSMCRB121,,,,
CHEM212R,CHEM211/CHEM211L,,,,,,,,
LSANATO219,,,,,,,,,
LSANATO219L,,,,,,,,,
LSMCRB121,BIOLOGY108,LSANATO219,,,,,,,
BIOLOGY206,BIOLOGY108,BIOLOGY109,CHEM212R,LSANATO219,,,,,
BIOLOGY217L,,,,,,,,,
BIOLOGY250,,,,,,,,,
BIOLOGY251,,,,,,,,,
BIOLOGY285,,,,,,,,,
BIOLOGY302,,,,,,,,,
BIOLOGY302L,BIOLOGY302,,,,,,,,
BIOLOGY303,,,,,,,,,
BIOLOGY304,STAT235,MATH110/MATH109,,,,,,,
STAT235,MATH120,MATH110/MATH109,,,,,,,
BIOLOGY305,BIOLOGY108,BIOLOGY109,CHEM211/CHEM211L,,,,,,
BIOLOGY306,BIOLOGY102,BIOLOGY108,,,,,,,
BIOLOGY308,BIOLOGY108,BIOLOGY109,CHEM212R,,,,,,
BIOLOGY310,BIOLOGY102,BIOLOGY109,,,,,,,
BIOLOGY312WL,ENGLISH225,BIOLOGY441,BIOLOGY409,,,,,,
BIOLOGY441,BIOLOGY202,CHEM320/CHEM320L,CHEM321/CHEM321L,,,,,,
BIOLOGY409,BIOLOGY202,BIOLOGY206,,,,,,,
BIOLOGY313,BIOLOGY202,BIOLOGY206,,,,,,,
BIOLOGY313L,BIOLOGY441,BIOLOGY313,,,,,,,
BIOLOGY313WL,ENGLISH225,BIOLOGY441,BIOLOGY313,,,,,,
BIOLOGY314,BIOLOGY109,LSANATO219,,,,,,,
BIOLOGY316,BIOLOGY202,,,,,,,,
BIOLOGY319,BIOLOGY102,BIOLOGY108,BIOLOGY109,,,,,,
BIOLOGY322,BIOLOGY109,LSANATO219,,,,,,,
BIOLOGY326,BIOLOGY108,BIOLOGY109,,,,,,,
BIOLOGY327,BIOLOGY108,BIOLOGY109,,,,,,,
BIOLOGY328,BIOLOGY202,,,,,,,,
BIOLOGY328L,BIOLOGY328,,,,,,,,
BIOLOGY328WL,ENGLISH225,BIOLOGY328,,,,,,,
BIOLOGY329,BIOLOGY202,BIOLOGY316,,,,,,,
BIOLOGY331,,,,,,,,,
BIOLOGY333,BIOLOGY102,BIOLOGY108,BIOLOGY109,,,,,,
BIOLOGY338L,,,,,,,,,
BIOLOGY346,BIOLOGY202,,,,,,,,
BIOLOGY350,BIOLOGY108,BIOLOGY109,BIOLOGY202,BIOLOGY206,,,,,
BIOLOGY360L,BIOLOGY441,,,,,,,,
BIOLOGY360WL,ENGLISH225,BIOLOGY441,,,,,,,
BIOLOGY370L,BIOLOGY199L,,,,,,,,
BIOLOGY385,,,,,,,,,
BIOLOGY397,,,,,,,,,
BIOLOGY404,BIOLOGY304,STAT235,,,,,,,
BIOLOGY405,BIOLOGY206,,,,,,,,
BIOLOGY415,,,,,,,,,
BIOLOGY430,BIOLOGY202,BIOLOGY206,BIOLOGY441,,,,,,
BIOLOGY431,BIOLOGY202,BIOLOGY206,BIOLOGY441,,,,,,
BIOLOGY435,BIOLOGY441,,,,,,,,
BIOLOGY442,BIOLOGY441,,,,,,,,
BIOLOGY445,BIOLOGY302,BIOLOGY405,,,,,,,
BIOLOGY452,BIOLOGY441,,,,,,,,
BIOLOGY485,,,,,,,,,
BIOLOGY498WI,ENGLISH225,BIOLOGY441,,,,,,,
BMDENGR115,,,,,,,,,
BMDENGR215,BMDENGR115,,,,,,,,
BMDENGR315,MECENGR411,ECENGR380/ECENGR381,,,,,,,
MECENGR411,BIOLOGY304,MECENGR285,CIVENGR319,ECENGR216,MATH300,MECENGR219,,,
BMDENGR325,BIOLOGY316,MATH345,MECENGR285,,,,,,
MATH345,MATH250,,,,,,,,
MECENGR285,CIVENGR275,,,,,,,,
BMDENGR335,BIOLOGY316,MATH345,MECENGR285,,,,,,
BMDENGR415,PHYSICS250,MATH345,ECENGR276,,,,,,
ECENGR276,PHYSICS250,MATH345,ECENGR241,,,,,,
BMDENGR495WI,ENGLISH225,BMDENGR215,BMDENGR315,MECENGR492,,,,,
MECENGR492,BMDENGR215,MECENGR130,MECENGR131,MECENGR324,MECENGR356,MECENGR406,,,
BLKS320,,,,,,,,,
BLKS321,,,,,,,,,
BLKS325,,,,,,,,,
BLKS330,ENGLISH225,,,,,,,,
BLKS331,ENGLISH225,,,,,,,,
BLKS332WI,ENGLISH225,,,,,,,,
BLKS333,ENGLISH225,,,,,,,,
BLKS334,ENGLISH225,,,,,,,,
BLKS335,ENGLISH225,,,,,,,,
BLKS337,ENGLISH225,,,,,,,,
BLKS338,ENGLISH225,,,,,,,,
BLKS349,,,,,,,,,
BLKS351,,,,,,,,,
BLKS403WI,ENGLISH225,,,,,,,,
BLKS404,,,,,,,,,
BLKS410,,,,,,,,,
BLKS458,ENGLISH225,,,,,,,,
BLKS480,,,,,,,,,
BLKS496,,,,,,,,,
CELLO100A,,,,,,,,,
CELLO100B,,,,,,,,,
CELLO100C,,,,,,,,,
CELLO101,,,,,,,,,
CELLO102,,,,,,,,,
CELLO201,,,,,,,,,
CELLO202,,,,,,,,,
CELLO300,,,,,,,,,
CELLO301,,,,,,,,,
CELLO302,,,,,,,,,
CELLO368,,,,,,,,,
CELLO401,,,,,,,,,
CELLO402,,,,,,,,,
CHEM111,,,,,,,,,
CHEM160,,,,,,,,,
CHEM160L,,,,,,,,,
CHEM206,,,,,,,,,
CHEM212LR,CHEM212R,CHEM211/CHEM211L,,,,,,,
CHEM311,CHEM320/CHEM320L,CHEM321/CHEM321L,,,,,,,
CHEM330,CHEM320/CHEM320L,CHEM322R/CHEM322L,,,,,,,
CHEM341,CHEM212R,,,,,,,,
CHEM341WI,ENGLISH225,CHEM212R,CHEM212LR,,,,,,
CHEM345R,CHEM341WI,,,,,,,,
CHEM350,CHEM212R,CHEM212LR,,,,,,,
CHEM367,CHEM320/CHEM320L,CHEM322R/CHEM322L,,,,,,,
CHEM382,CHEM320/CHEM320L,CHEM322R/CHEM322L,,,,,,,
CHEM387,CHEM320/CHEM320L,CHEM322R/CHEM322L,,,,,,,
CHEM390,,,,,,,,,
CHEM392,CHEM212R,CHEM212LR,,,,,,,
CHEM395,,,,,,,,,
CHEM399,,,,,,,,,
CHEM410,CHEM320/CHEM320L,CHEM322R/CHEM322L,,,,,,,
CHEM431,PHYSICS220,PHYSICS250,MATH250,,,,,,
CHEM434,CHEM432/CHEM437WI,,,,,,,,
CHEM442R,CHEM341WI,,,,,,,,
CHEM445,CHEM212R,CHEM212LR,,,,,,,
CHEM451R,CHEM320/CHEM320L,CHEM322R/CHEM322L,,,,,,,
CHEM471,CHEM320/CHEM320L,CHEM322R/CHEM322L,,,,,,,
CHEM480,CHEM320/CHEM320L,CHEM322R/CHEM322L,,,,,,,
CHEM490,CHEM431,,,,,,,,
CHEM495,,,,,,,,,
CHEM499,,,,,,,,,
CHINESE110,,,,,,,,,
CHINESE120,CHINESE110,,,,,,,,
CHINESE211,CHINESE120,,,,,,,,
CHINESE221,CHINESE211,,,,,,,,
CIVENGR111,,,,,,,,,
CIVENGR113,,,,,,,,,
CIVENGR190,,,,,,,,,
CIVENGR275,PHYSICS240,,,,,,,,
PHYSICS240,MATH266,MATH210,,,,,,,
CIVENGR276,CIVENGR275,,,,,,,,
CIVENGR318,,,,,,,,,
CIVENGR319,MATH268,MATH220,,,,,,,
MATH220,MATH266,MATH210,,,,,,,
CIVENGR321,CIVENGR276,,,,,,,,
CIVENGR323,CIVENGR321,,,,,,,,
CIVENGR335,CIVENGR276,CHEM211/CHEM211L,,,,,,,
CIVENGR342,CIVENGR351,MECENGR351,CHEM211/CHEM211L,,,,,,
CIVENGR351,MATH345,CIVENGR275,MECENGR272,,,,,,
MECENGR351,MATH345,CIVENGR275,MECENGR272,,,,,,
MECENGR272,MATH268,MATH220,,,,,,,
CIVENGR357,CIVENGR351,MECENGR351,,,,,,,
CIVENGR378WI,ENGLISH225,CIVENGR276,CHEM211/CHEM211L,,,,,,
CIVENGR390,,,,,,,,,
CIVENGR400,,,,,,,,,
CIVENGR401,,,,,,,,,
CIVENGR401ES,CIVENGR335,,,,,,,,
CIVENGR401HA,CIVENGR357,,,,,,,,
CIVENGR401SD,CIVENGR335,,,,,,,,
CIVENGR404,,,,,,,,,
CIVENGR405,,,,,,,,,
CIVENGR406,,,,,,,,,
CIVENGR409,,,,,,,,,
CIVENGR411,CIVENGR467,CIVENGR497,CIVENGR422WI,CIVENGR432,,,,,
CIVENGR467,,,,,,,,,
CIVENGR497,CIVENGR319,CIVENGR351,MECENGR351,,,,,,
CIVENGR422WI,ENGLISH225,CIVENGR321,,,,,,,
CIVENGR432,CIVENGR335,,,,,,,,
CIVENGR412,CIVENGR411,,,,,,,,
CIVENGR415,,,,,,,,,
CIVENGR417,CIVENGR321,,,,,,,,
CIVENGR421,CIVENGR321,,,,,,,,
CIVENGR423,CIVENGR323,,,,,,,,
CIVENGR425,CIVENGR422WI,,,,,,,,
CIVENGR427,CIVENGR422WI,,,,,,,,
CIVENGR429,,,,,,,,,
CIVENGR431,CIVENGR335,CIVENGR378WI,,,,,,,
CIVENGR436,CIVENGR335,,,,,,,,
CIVENGR442,CIVENGR357,,,,,,,,
CIVENGR443,,,,,,,,,
CIVENGR446,MATH345,CHEM211/CHEM211L,,,,,,,
CIVENGR447,,,,,,,,,
CIVENGR449,,,,,,,,,
CIVENGR452,CIVENGR357,,,,,,,,
CIVENGR453,CIVENGR357,,,,,,,,
CIVENGR454,CIVENGR357,,,,,,,,
CIVENGR456,CIVENGR357,,,,,,,,
CIVENGR463,,,,,,,,,
CIVENGR466,,,,,,,,,
CIVENGR468,CIVENGR467,,,,,,,,
CIVENGR469,CIVENGR467,,,,,,,,
CIVENGR470,CIVENGR378WI,CHEM211/CHEM211L,,,,,,,
CIVENGR471,CIVENGR378WI,CHEM211/CHEM211L,,,,,,,
CIVENGR473,CIVENGR335,CIVENGR378WI,,,,,,,
CIVENGR475,MECENGR285,CIVENGR323,CIVENGR422WI,,,,,,
CIVENGR481,,,,,,,,,
CIVENGR484,CIVENGR335,CIVENGR378WI,,,,,,,
CIVENGR487,MECENGR272,MECENGR130,,,,,,,
MECENGR130,,,,,,,,,
CIVENGR491,,,,,,,,,
CLARINET100A,,,,,,,,,
CLARINET100B,,,,,,,,,
CLARINET100C,,,,,,,,,
CLARINET101,,,,,,,,,
CLARINET102,,,,,,,,,
CLARINET201,,,,,,,,,
CLARINET202,,,,,,,,,
CLARINET300,,,,,,,,,
CLARINET301,,,,,,,,,
CLARINET302,,,,,,,,,
CLARINET368,,,,,,,,,
CLARINET401,,,,,,,,,
CLARINET402,,,,,,,,,
CLASSICS119,,,,,,,,,
CLASSICS210,,,,,,,,,
CLASSICS300CY,,,,,,,,,
CLASSICS300CZ,,,,,,,,,
CLASSICS340AWI,ENGLISH225,,,,,,,,
CLASSICS391WI,ENGLISH225,,,,,,,,
CLASSICS499,,,,,,,,,
COMMST140,,,,,,,,,
COMMST203,,,,,,,,,
COMMST212,,,,,,,,,
COMMST220,,,,,,,,,
COMMST260P,,,,,,,,,
COMMST270,,,,,,,,,
COMMST277,,,,,,,,,
COMMST308,,,,,,,,,
COMMST311,,,,,,,,,
COMMST312,COMMST110,,,,,,,,
COMMST316,,,,,,,,,
COMMST317,,,,,,,,,
COMMST318,,,,,,,,,
COMMST324,,,,,,,,,
COMMST341WI,ENGLISH225,,,,,,,,
COMMST343,,,,,,,,,
COMMST344,,,,,,,,,
COMMST344WI,ENGLISH225,,,,,,,,
COMMST348,,,,,,,,,
COMMST351WI,ENGLISH225,,,,,,,,
COMMST353,,,,,,,,,
COMMST355WI,ENGLISH225,COMMST203,,,,,,,
COMMST356,ENGLISH110,COMMST110,,,,,,,
COMMST356WI,ENGLISH110,COMMST110,ENGLISH225,,,,,,
COMMST361,,,,,,,,,
COMMST363,,,,,,,,,
COMMST366,,,,,,,,,
COMMST383,,,,,,,,,
COMMST387,,,,,,,,,
COMMST388,,,,,,,,,
COMMST390,,,,,,,,,
COMMST400,,,,,,,,,
COMMST415,,,,,,,,,
COMMST431,,,,,,,,,
COMMST432,,,,,,,,,
COMMST441,COMMST277,,,,,,,,
COMMST444,,,,,,,,,
COMMST444WI,ENGLISH225,,,,,,,,
COMMST446,,,,,,,,,
COMMST447,,,,,,,,,
COMMST448,,,,,,,,,
COMMST453,COMMST203,,,,,,,,
COMMST456,,,,,,,,,
COMMST466,COMMST456,,,,,,,,
COMMST478,,,,,,,,,
COMMST483,,,,,,,,,
COMMST484,,,,,,,,,
COMMST492,,,,,,,,,
COMMST498,,,,,,,,,
COMPSCI100,MATH110/MATH109,,,,,,,,
COMPSCI191,MATH120,MATH110/MATH109,,,,,,,
COMPSCI281R,COMPSCI191,COMPSCI101/COMPSCI101L,,,,,,,
COMPSCI291,COMPSCI191,,,,,,,,
COMPSCI303,COMPSCI191,COMPSCI201L/COMPSCI201R,,,,,,,
COMPSCI304,,,,,,,,,
COMPSCI308,COMPSCI191,,,,,,,,
COMPSCI320,COMPSCI291,,,,,,,,
COMPSCI349,COMPSCI303,,,,,,,,
COMPSCI353,COMPSCI201L/COMPSCI201R,,,,,,,,
COMPSCI361,COMPSCI320,,,,,,,,
COMPSCI371,COMPSCI303,,,,,,,,
COMPSCI391,COMPSCI191,,,,,,,,
COMPSCI394R,STAT235,MATH220,ECENGR216,ECENGR241,STAT115,COMPSCI201L/COMPSCI201R,,,
ECENGR216,MATH120,MATH110/MATH109,,,,,,,
ECENGR241,MATH268,MATH220,,,,,,,
STAT115,,,,,,,,,
COMPSCI404,COMPSCI291,COMPSCI303,,,,,,,
COMPSCI420,COMPSCI320,,,,,,,,
COMPSCI421A,COMPSCI291,COMPSCI303,COMPSCI394R,,,,,,
COMPSCI423,COMPSCI303,COMPSCI431,,,,,,,
COMPSCI431,COMPSCI281R,COMPSCI303,,,,,,,
COMPSCI424,,,,,,,,,
COMPSCI426,COMPSCI320,,,,,,,,
COMPSCI436,COMPSCI201L/COMPSCI201R,,,,,,,,
COMPSCI441,COMPSCI303,,,,,,,,
COMPSCI446,COMPSCI431,,,,,,,,
COMPSCI449,COMPSCI303,,,,,,,,
COMPSCI451R,COMPSCI303,COMPSCI449,,,,,,,
COMPSCI456,COMPSCI449,,,,,,,,
COMPSCI457,COMPSCI303,,,,,,,,
COMPSCI458,COMPSCI303,,,,,,,,
COMPSCI461,COMPSCI303,,,,,,,,
COMPSCI465R,COMPSCI394R,,,,,,,,
COMPSCI470,COMPSCI303,COMPSCI431,,,,,,,
COMPSCI473,COMPSCI303,,,,,,,,
COMPSCI476,COMPSCI431,,,,,,,,
COMPSCI479,ECENGR484,,,,,,,,
ECENGR484,ECENGR380/ECENGR381,,,,,,,,
COMPSCI482,COMPSCI303,,,,,,,,
COMPSCI483,COMPSCI303,,,,,,,,
COMPSCI490,,,,,,,,,
COMPSCI490CR,,,,,,,,,
COMPSCI490R,,,,,,,,,
COMPSCI491,,,,,,,,,
COMPSCI497,,,,,,,,,
COMPSCI498,,,,,,,,,
COMPSCI499,,,,,,,,,
CONSVTY101C,,,,,,,,,
CONSVTY103,,,,,,,,,
CONSVTY103N,,,,,,,,,
CONSVTY104,,,,,,,,,
CONSVTY108,,,,,,,,,
CONSVTY110,,,,,,,,,
CONSVTY111,,,,,,,,,
CONSVTY112,CONSVTY111,,,,,,,,
CONSVTY114,,,,,,,,,
CONSVTY115,,,,,,,,,
CONSVTY118,,,,,,,,,
CONSVTY120,,,,,,,,,
CONSVTY120N,,,,,,,,,
CONSVTY123,CONSVTY110,CONSVTY141,,,,,,,
CONSVTY141,CONSVTY103,,,,,,,,
CONSVTY125,,,,,,,,,
CONSVTY126,,,,,,,,,
CONSVTY133,,,,,,,,,
CONSVTY134,CONSVTY133,,,,,,,,
CONSVTY134B,,,,,,,,,
CONSVTY138,,,,,,,,,
CONSVTY142,CONSVTY110,CONSVTY141,,,,,,,
CONSVTY151,,,,,,,,,
CONSVTY185B,,,,,,,,,
CONSVTY185C,,,,,,,,,
CONSVTY185D,,,,,,,,,
CONSVTY202,,,,,,,,,
CONSVTY203,CONSVTY202,,,,,,,,
CONSVTY204,CONSVTY104,,,,,,,,
CONSVTY210A,,,,,,,,,
CONSVTY210B,,,,,,,,,
CONSVTY210C,,,,,,,,,
CONSVTY210D,,,,,,,,,
CONSVTY210E,,,,,,,,,
CONSVTY210F,,,,,,,,,
CONSVTY223,CONSVTY123,,,,,,,,
CONSVTY233,CONSVTY134,,,,,,,,
CONSVTY233A,,,,,,,,,
CONSVTY234,CONSVTY233,,,,,,,,
CONSVTY234A,CONSVTY233A,,,,,,,,
CONSVTY235,,,,,,,,,
CONSVTY236,CONSVTY235,,,,,,,,
CONSVTY238,,,,,,,,,
CONSVTY239,,,,,,,,,
CONSVTY241,CONSVTY142,,,,,,,,
CONSVTY242,CONSVTY241,,,,,,,,
CONSVTY251,,,,,,,,,
CONSVTY270,,,,,,,,,
CONSVTY278,CONSVTY123,CONSVTY142,,,,,,,
CONSVTY285,,,,,,,,,
CONSVTY300,,,,,,,,,
CONSVTY301B,,,,,,,,,
CONSVTY301C,,,,,,,,,
CONSVTY301E,,,,,,,,,
CONSVTY301F,,,,,,,,,
CONSVTY301G,CONSVTY234,,,,,,,,
CONSVTY301H,,,,,,,,,
CONSVTY302,,,,,,,,,
CONSVTY303B,,,,,,,,,
CONSVTY303C,,,,,,,,,
CONSVTY303E,,,,,,,,,
CONSVTY303G,,,,,,,,,
CONSVTY303J,,,,,,,,,
CONSVTY303K,CONSVTY112,,,,,,,,
CONSVTY303MP,,,,,,,,,
CONSVTY304,CONSVTY204,,,,,,,,
CONSVTY305A,,,,,,,,,
CONSVTY305E,,,,,,,,,
CONSVTY305H,,,,,,,,,
CONSVTY305J,,,,,,,,,
CONSVTY306A,,,,,,,,,
CONSVTY306C,,,,,,,,,
CONSVTY307A,,,,,,,,,
CONSVTY307B,,,,,,,,,
CONSVTY307C,,,,,,,,,
CONSVTY308A,,,,,,,,,
CONSVTY309,CONSVTY203,,,,,,,,
CONSVTY310,CONSVTY223,,,,,,,,
CONSVTY311,,,,,,,,,
CONSVTY315,CONSVTY223,,,,,,,,
CONSVTY316,CONSVTY373G,,,,,,,,
CONSVTY373G,,,,,,,,,
CONSVTY317,CONSVTY242,CONSVTY315,,,,,,,
CONSVTY318,,,,,,,,,
CONSVTY319,,,,,,,,,
CONSVTY325,,,,,,,,,
CONSVTY325A,,,,,,,,,
CONSVTY326,CONSVTY325,,,,,,,,
CONSVTY326A,CONSVTY325A,CONSVTY326,,,,,,,
CONSVTY329,CONSVTY242,,,,,,,,
CONSVTY331,CONSVTY242,,,,,,,,
CONSVTY331A,CONSVTY242,,,,,,,,
CONSVTY333,CONSVTY234,,,,,,,,
CONSVTY335,CONSVTY235,CONSVTY236,,,,,,,
CONSVTY341,,,,,,,,,
CONSVTY341A,,,,,,,,,
CONSVTY344,,,,,,,,,
CONSVTY350A,CONSVTY242,,,,,,,,
CONSVTY350B,CONSVTY350A,,,,,,,,
CONSVTY351,CONSVTY242,,,,,,,,
CONSVTY352,CONSVTY351,,,,,,,,
CONSVTY353A,,,,,,,,,
CONSVTY353B,CONSVTY353A,,,,,,,,
CONSVTY353WI,ENGLISH225,CONSVTY353A,,,,,,,
CONSVTY357,CONSVTY380,,,,,,,,
CONSVTY380,CONSVTY242,,,,,,,,
CONSVTY358,CONSVTY381,,,,,,,,
CONSVTY381,CONSVTY242,,,,,,,,
CONSVTY359,CONSVTY381,,,,,,,,
CONSVTY361,,,,,,,,,
CONSVTY362,,,,,,,,,
CONSVTY363,,,,,,,,,
CONSVTY364,,,,,,,,,
CONSVTY367,CONSVTY435,,,,,,,,
CONSVTY435,,,,,,,,,
CONSVTY368,,,,,,,,,
CONSVTY369,,,,,,,,,
CONSVTY370,CONSVTY380,,,,,,,,
CONSVTY373E,,,,,,,,,
CONSVTY373N,,,,,,,,,
CONSVTY373P,,,,,,,,,
CONSVTY376,,,,,,,,,
CONSVTY377,CONSVTY376,,,,,,,,
CONSVTY378,CONSVTY358,CONSVTY381,CONSVTY382/CONSVTY387/CONSVTY411B/CONSVTY386/CONSVTY383,,,,,,
CONSVTY378L,CONSVTY358,CONSVTY381,CONSVTY382/CONSVTY387/CONSVTY411B/CONSVTY386/CONSVTY383,,,,,,
CONSVTY379A,CONSVTY138,CONSVTY373G,,,,,,,
CONSVTY379B,,,,,,,,,
CONSVTY379C,,,,,,,,,
CONSVTY379D,,,,,,,,,
CONSVTY390,CONSVTY242,,,,,,,,
CONSVTY395,CONSVTY242,CONSVTY315,,,,,,,
CONSVTY396,CONSVTY395,,,,,,,,
CONSVTY404,CONSVTY304,,,,,,,,
CONSVTY405,,,,,,,,,
CONSVTY407,,,,,,,,,
CONSVTY407A,CONSVTY395,CONSVTY396,,,,,,,
CONSVTY408,CONSVTY369,,,,,,,,
CONSVTY409,CONSVTY369,,,,,,,,
CONSVTY410,,,,,,,,,
CONSVTY410A,CONSVTY407A,,,,,,,,
CONSVTY411A,,,,,,,,,
CONSVTY412A,CONSVTY411C/CONSVTY385,,,,,,,,
CONSVTY412B,CONSVTY411C/CONSVTY385,,,,,,,,
CONSVTY417,THEATRE102,,,,,,,,
THEATRE102,,,,,,,,,
CONSVTY417E,THEATRE102,,,,,,,,
CONSVTY417F,CONSVTY417,,,,,,,,
CONSVTY421A,,,,,,,,,
CONSVTY421B,,,,,,,,,
CONSVTY421C,,,,,,,,,
CONSVTY423,,,,,,,,,
CONSVTY425A,CONSVTY242,,,,,,,,
CONSVTY425B,CONSVTY242,,,,,,,,
CONSVTY426B,CONSVTY311,,,,,,,,
CONSVTY426D,CONSVTY426B,,,,,,,,
CONSVTY427,CONSVTY242,,,,,,,,
CONSVTY428,CONSVTY242,,,,,,,,
CONSVTY431,CONSVTY234,CONSVTY331,,,,,,,
CONSVTY433,CONSVTY333,,,,,,,,
CONSVTY434,CONSVTY433,,,,,,,,
CONSVTY437,,,,,,,,,
CONSVTY440,CONSVTY110,CONSVTY142,,,,,,,
CONSVTY441,CONSVTY440,,,,,,,,
CONSVTY450,,,,,,,,,
CONSVTY454,CONSVTY390,,,,,,,,
CONSVTY457,,,,,,,,,
CONSVTY458,,,,,,,,,
CONSVTY471,,,,,,,,,
CONSVTY490,,,,,,,,,
CONSVTY490C,,,,,,,,,
CONSVTY491B,,,,,,,,,
CONSVTY491K,,,,,,,,,
CONSVTY491N,,,,,,,,,
CONSVTY497,,,,,,,,,
CONSVTY497AR,,,,,,,,,
CONSVTY497HDJ,,,,,,,,,
CONSVTY497JIM,,,,,,,,,
CONSVTY497PL,,,,,,,,,
CONSVTY498,,,,,,,,,
CPCE230,,,,,,,,,
CPCE425,,,,,,,,,
CJC101,,,,,,,,,
CJC240,,,,,,,,,
CJC280,,,,,,,,,
CJC282,,,,,,,,,
CJC301,,,,,,,,,
CJC302,,,,,,,,,
CJC303,STAT115,MATH116,MATH110/MATH109,,,,,,
MATH116,,,,,,,,,
CJC332,,,,,,,,,
CJC335,,,,,,,,,
CJC338,,,,,,,,,
CJC351,,,,,,,,,
CJC354,,,,,,,,,
CJC357,,,,,,,,,
CJC361,,,,,,,,,
CJC364,,,,,,,,,
CJC370,,,,,,,,,
CJC371,,,,,,,,,
CJC381,,,,,,,,,
CJC382,,,,,,,,,
CJC385,,,,,,,,,
CJC390,,,,,,,,,
CJC395,,,,,,,,,
CJC430,,,,,,,,,
CJC431,,,,,,,,,
CJC481,,,,,,,,,
CJC482,,,,,,,,,
CJC490,,,,,,,,,
CJC491,,,,,,,,,
CJC495WI,ENGLISH225,,,,,,,,
EDUC497,,,,,,,,,
DANCE107,,,,,,,,,
DANCE108,,,,,,,,,
DANCE118,,,,,,,,,
DANCE120,,,,,,,,,
DANCE141B,,,,,,,,,
DANCE141M,,,,,,,,,
DANCE142B,,,,,,,,,
DANCE142M,,,,,,,,,
DANCE213C,,,,,,,,,
DANCE213D,,,,,,,,,
DANCE216,,,,,,,,,
DANCE218A,,,,,,,,,
DANCE218B,,,,,,,,,
DANCE241B,,,,,,,,,
DANCE241M,,,,,,,,,
DANCE242B,,,,,,,,,
DANCE242M,,,,,,,,,
DANCE260,,,,,,,,,
DANCE261,,,,,,,,,
DANCE301,,,,,,,,,
DANCE303,DANCE301,,,,,,,,
DANCE304,DANCE301,,,,,,,,
DANCE305,,,,,,,,,
DANCE306,,,,,,,,,
DANCE310,DANCE107,DANCE108,,,,,,,
DANCE313A,DANCE341B,,,,,,,,
DANCE341B,,,,,,,,,
DANCE313B,DANCE341B,,,,,,,,
DANCE319A,DANCE218B,,,,,,,,
DANCE319B,DANCE319A,,,,,,,,
DANCE341M,,,,,,,,,
DANCE342B,,,,,,,,,
DANCE342M,,,,,,,,,
DANCE403A,,,,,,,,,
DANCE404A,,,,,,,,,
DANCE404B,,,,,,,,,
DANCE405A,DANCE341M,,,,,,,,
DANCE405B,DANCE341M,,,,,,,,
DANCE405C,DANCE341M,,,,,,,,
DANCE405D,DANCE341M,,,,,,,,
DANCE413A,DANCE441B,,,,,,,,
DANCE441B,,,,,,,,,
DANCE413B,DANCE441B,,,,,,,,
DANCE414A,DANCE341B,,,,,,,,
DANCE414B,DANCE341B,,,,,,,,
DANCE415A,DANCE342B,,,,,,,,
DANCE415B,DANCE342B,,,,,,,,
DANCE416A,DANCE341M,,,,,,,,
DANCE416B,DANCE416A,,,,,,,,
DANCE441M,,,,,,,,,
DANCE442B,,,,,,,,,
DANCE442M,,,,,,,,,
DANCE493,,,,,,,,,
DANCE494,DANCE493,,,,,,,,
DSOM211,MATH120,MATH110/MATH109,,,,,,,
DSOM311,STAT235,STAT115,DSOM211,,,,,,
DSOM326,STAT235,ECON202,,,,,,,
ECON202,,,,,,,,,
DSOM340,STAT235,STAT115,DSOM211,ECON202,,,,,
DSOM346,DSOM326,DSOM340,,,,,,,
DSOM431,DSOM311,DSOM326,DSOM340,,,,,,
DSOM432,DSOM326,DSOM340,,,,,,,
DSOM442,DSOM326,DSOM340,,,,,,,
DSOM443,,,,,,,,,
DSOM444,DSOM326,DSOM340,,,,,,,
DSOM445,DSOM326,DSOM340,,,,,,,
DSOM458,,,,,,,,,
DSOM487,,,,,,,,,
DENTHYG3000,,,,,,,,,
DENTHYG3020,,,,,,,,,
DENTHYG3030,,,,,,,,,
DENTHYG3080,,,,,,,,,
DENTHYG3080L,,,,,,,,,
DENTHYG3200,,,,,,,,,
DENTHYG3210,,,,,,,,,
DENTHYG3220,,,,,,,,,
DENTHYG3260,,,,,,,,,
DENTHYG3280C,,,,,,,,,
DENTHYG3285,,,,,,,,,
DENTHYG3300,,,,,,,,,
DENTHYG3320,,,,,,,,,
DENTHYG3340,,,,,,,,,
DENTHYG3620,,,,,,,,,
DENTHYG4001,,,,,,,,,
DENTHYG4020,,,,,,,,,
DENTHYG4040,,,,,,,,,
DENTHYG4050,DENTHYG3260,,,,,,,,
DENTHYG4060C,,,,,,,,,
DENTHYG4065,DENTHYG4060C,,,,,,,,
DENTHYG4080,,,,,,,,,
DENTHYG4100,,,,,,,,,
DENTHYG4110,,,,,,,,,
DENTHYG4115,,,,,,,,,
DENTHYG4120C,,,,,,,,,
DENTHYG4125,,,,,,,,,
DENTHYG4130,,,,,,,,,
DENTHYG4150,,,,,,,,,
DENTHYG4210,,,,,,,,,
DENTHYG4220,,,,,,,,,
DENTHYG4240,,,,,,,,,
DENTHYG4260,,,,,,,,,
DENTHYG4260C,,,,,,,,,
DENTHYG4340,,,,,,,,,
DENTHYG4350,,,,,,,,,
DENTHYG4360,,,,,,,,,
DENTHYG4500,,,,,,,,,
DENTHYG4600,,,,,,,,,
DENTHYG4620,,,,,,,,,
DENTHYG4625,,,,,,,,,
DENTHYG4635,,,,,,,,,
DENTHYG4640,DENTHYG4040,DENTHYG4620,,,,,,,
DENTHYG4650,DENTHYG4640,,,,,,,,
DENTHYG4660,,,,,,,,,
DENTHYG4662,,,,,,,,,
DENTHYG4680,DENTHYG4640,,,,,,,,
DENTHYG4685,DENTHYG4680,,,,,,,,
ECON100,,,,,,,,,
ECON150,,,,,,,,,
ECON201,,,,,,,,,
ECON301,ECON201,,,,,,,,
ECON302,ECON202,,,,,,,,
ECON303H,,,,,,,,,
ECON314,,,,,,,,,
ECON331,ECON301,,,,,,,,
ECON336,,,,,,,,,
ECON340,,,,,,,,,
ECON341,,,,,,,,,
ECON353,ECON301,,,,,,,,
ECON395A,,,,,,,,,
ECON402,,,,,,,,,
ECON404R,,,,,,,,,
ECON404RR,,,,,,,,,
ECON406WI,ENGLISH225,,,,,,,,
ECON411,GEOG203,UPD203,,,,,,,
GEOG203,,,,,,,,,
UPD203,,,,,,,,,
ECON412,ECON301,,,,,,,,
ECON416,,,,,,,,,
ECON420,,,,,,,,,
ECON421,ECON301,ECON302,,,,,,,
ECON425,STAT235,,,,,,,,
ECON429,ECON202,ECON201,,,,,,,
ECON431,ECON202,ECON201,ECON301,,,,,,
ECON435,ECON202,ECON201,ECON302,,,,,,
ECON437,ECON202,ECON201,ECON302,,,,,,
ECON438,ECON202,ECON201,ECON301,ECON302,,,,,
ECON442,ECON202,ECON201,ECON301,,,,,,
ECON451,,,,,,,,,
ECON458,ECON302,,,,,,,,
ECON460,ECON302,,,,,,,,
ECON475,ECON202,ECON201,,,,,,,
ECON486,ECON301,ECON302,,,,,,,
ECON488,ECON202,ECON201,,,,,,,
ECON490,ECON202,ECON201,,,,,,,
ECON496,ECON336,ECON458,,,,,,,
ECON497,ECON202,ECON201,,,,,,,
EDUC149,,,,,,,,,
EDUC160,,,,,,,,,
EDUC180,,,,,,,,,
EDUC189,,,,,,,,,
EDUC289,,,,,,,,,
EDUC389,,,,,,,,,
EDUC402R,,,,,,,,,
EDUC414,,,,,,,,,
EDUC428,,,,,,,,,
EDUC434,TCHED415,,,,,,,,
TCHED415,,,,,,,,,
EDUC440,,,,,,,,,
EDUC489,,,,,,,,,
EDUC255,,,,,,,,,
ECENGR130,,,,,,,,,
ECENGR217,MATH120,MATH110/MATH109,,,,,,,
ECENGR250,PHYSICS240,MATH220,MATH266,,,,,,
MATH266,MATH120,MATH125,MATH110/MATH109,,,,,,
ECENGR277,ECENGR276,,,,,,,,
ECENGR341R,ECENGR241,,,,,,,,
ECENGR334,ECENGR276,ECENGR241,,,,,,,
ECENGR358,ECENGR377/ECENGR376,,,,,,,,
ECENGR400,,,,,,,,,
ECENGR401,,,,,,,,,
ECENGR401PQ,,,,,,,,,
ECENGR402,ECENGR466,ECENGR428R/ECENGR429,ECENGR330/ECENGR331,,,,,,
ECENGR466,ECENGR377/ECENGR376,,,,,,,,
ECENGR403,ECENGR402,,,,,,,,
ECENGR412,ECENGR302/ECENGR303,ECENGR380/ECENGR381,,,,,,,
ECENGR414,ECENGR302/ECENGR303,ECENGR380/ECENGR381,,,,,,,
ECENGR415,ECENGR414,,,,,,,,
ECENGR416,COMPSCI394R,ECENGR341R,,,,,,,
ECENGR418,ECENGR302/ECENGR303,ECENGR380/ECENGR381,,,,,,,
ECENGR426,ECENGR216,,,,,,,,
ECENGR427,ECENGR426,ECENGR226/ECENGR227,,,,,,,
ECENGR436,ECENGR330/ECENGR331,,,,,,,,
ECENGR439,ECENGR442,,,,,,,,
ECENGR442,ECENGR330/ECENGR331,,,,,,,,
ECENGR440,ECENGR442,,,,,,,,
ECENGR443,ECENGR330/ECENGR331,,,,,,,,
ECENGR453,ECENGR377/ECENGR376,,,,,,,,
ECENGR455,ECENGR358,,,,,,,,
ECENGR457,ECENGR334,ECENGR330/ECENGR331,,,,,,,
ECENGR458,ECENGR358,ECENGR380/ECENGR381,,,,,,,
ECENGR459,,,,,,,,,
ECENGR460,ECENGR377/ECENGR376,,,,,,,,
ECENGR463,ECENGR466,,,,,,,,
ECENGR464,ECENGR466,,,,,,,,
ECENGR467,ECENGR466,,,,,,,,
ECENGR468,ECENGR466,,,,,,,,
ECENGR473,ECENGR466,,,,,,,,
ECENGR474,COMPSCI394R,ECENGR380/ECENGR381,,,,,,,
ECENGR475,,,,,,,,,
ECENGR477,COMPSCI394R,,,,,,,,
ECENGR479,ECENGR380/ECENGR381,,,,,,,,
ECENGR480,ECENGR380/ECENGR381,,,,,,,,
ECENGR486,ECENGR380/ECENGR381,,,,,,,,
ECENGR491,,,,,,,,,
ECENGR497,,,,,,,,,
ECENGR499,,,,,,,,,
ENGLISH120,,,,,,,,,
ENGLISH124,,,,,,,,,
ENGLISH126,,,,,,,,,
ENGLISH200,,,,,,,,,
ENGLISH207,,,,,,,,,
ENGLISH213,,,,,,,,,
ENGLISH214,,,,,,,,,
ENGLISH215,,,,,,,,,
ENGLISH216,,,,,,,,,
ENGLISH242,,,,,,,,,
ENGLISH250,,,,,,,,,
ENGLISH270,ENGLISH110,,,,,,,,
ENGLISH273,ENGLISH110,,,,,,,,
ENGLISH278,,,,,,,,,
ENGLISH300CD,ENGLISH110,,,,,,,,
ENGLISH301WI,ENGLISH225,,,,,,,,
ENGLISH304WI,ENGLISH225,,,,,,,,
ENGLISH305WI,ENGLISH225,,,,,,,,
ENGLISH307WI,ENGLISH225,,,,,,,,
ENGLISH308,ENGLISH110,,,,,,,,
ENGLISH309WI,ENGLISH225,,,,,,,,
ENGLISH310,ENGLISH225,,,,,,,,
ENGLISH311,ENGLISH110,,,,,,,,
ENGLISH312,ENGLISH110,,,,,,,,
ENGLISH315,ENGLISH110,,,,,,,,
ENGLISH316,ENGLISH225,,,,,,,,
ENGLISH316WI,ENGLISH225,,,,,,,,
ENGLISH317,ENGLISH110,,,,,,,,
ENGLISH318,ENGLISH110,,,,,,,,
ENGLISH320,ENGLISH225,,,,,,,,
ENGLISH321,ENGLISH110,,,,,,,,
ENGLISH323,ENGLISH110,,,,,,,,
ENGLISH325,ENGLISH110,,,,,,,,
ENGLISH326,ENGLISH110,,,,,,,,
ENGLISH327,ENGLISH110,,,,,,,,
ENGLISH330,ENGLISH225,,,,,,,,
ENGLISH331,ENGLISH110,,,,,,,,
ENGLISH332WI,ENGLISH225,,,,,,,,
ENGLISH333,ENGLISH110,,,,,,,,
ENGLISH336,ENGLISH110,,,,,,,,
ENGLISH337,ENGLISH110,,,,,,,,
ENGLISH342WI,ENGLISH225,,,,,,,,
ENGLISH344WI,ENGLISH225,,,,,,,,
ENGLISH345WI,ENGLISH225,,,,,,,,
ENGLISH351,ENGLISH110,,,,,,,,
ENGLISH355,ENGLISH225,,,,,,,,
ENGLISH356,ENGLISH110,,,,,,,,
ENGLISH360,ENGLISH110,,,,,,,,
ENGLISH365WI,ENGLISH225,,,,,,,,
ENGLISH367,ENGLISH110,,,,,,,,
ENGLISH380,ENGLISH225,,,,,,,,
ENGLISH381,ENGLISH225,,,,,,,,
ENGLISH400TC,ENGLISH225,,,,,,,,
ENGLISH404,ENGLISH225,,,,,,,,
ENGLISH405,ENGLISH225,,,,,,,,
ENGLISH412,ENGLISH225,,,,,,,,
ENGLISH418,ENGLISH225,,,,,,,,
ENGLISH430WI,ENGLISH225,,,,,,,,
ENGLISH433,ENGLISH225,,,,,,,,
ENGLISH441,ENGLISH225,,,,,,,,
ENGLISH442,ENGLISH225,,,,,,,,
ENGLISH443,ENGLISH225,,,,,,,,
ENGLISH447,ENGLISH225,,,,,,,,
ENGLISH448,ENGLISH225,,,,,,,,
ENGLISH449A,ENGLISH225,,,,,,,,
ENGLISH449B,ENGLISH225,,,,,,,,
ENGLISH449C,ENGLISH225,,,,,,,,
ENGLISH450,ENGLISH225,,,,,,,,
ENGLISH464,,,,,,,,,
ENGLISH470,ENGLISH225,ENGLISH310,,,,,,,
ENGLISH477CS,,,,,,,,,
ENGLISH477DH,,,,,,,,,
ENGLISH477EM,,,,,,,,,
ENGLISH477ES,,,,,,,,,
ENGLISH477MS,,,,,,,,,
ENGLISH477NS,,,,,,,,,
ENGLISH477RC,,,,,,,,,
ENGLISH477SA,,,,,,,,,
ENGLISH477SG,,,,,,,,,
ENGLISH477TS,,,,,,,,,
ENGLISH487FI,,,,,,,,,
ENGLISH487MG,,,,,,,,,
ENGLISH487NF,,,,,,,,,
ENGLISH487PO,,,,,,,,,
ENGLISH499,ENGLISH225,,,,,,,,
ENT215,,,,,,,,,
ENT301,,,,,,,,,
ENT315,,,,,,,,,
ENT326,,,,,,,,,
ENT327,ENT215,ENT315,,,,,,,
ENT329,,,,,,,,,
ENT341,,,,,,,,,
ENT361,,,,,,,,,
ENT364,,,,,,,,,
ENT412,ACCTNG210,ENT301,ENT327,,,,,,
ENT421,,,,,,,,,
ENT461,,,,,,,,,
ENT462,ENT412,,,,,,,,
ENT487,,,,,,,,,
ENT496,,,,,,,,,
ENT497,,,,,,,,,
ENVSCI110L,,,,,,,,,
ENVSCI110R,,,,,,,,,
ENVSCI210,,,,,,,,,
ENVSCI321,ENVSCI110R,,,,,,,,
ENVSCI332CZ,,,,,,,,,
ENVSCI449,,,,,,,,,
ENVSCI496,,,,,,,,,
ENVSTDY325,,,,,,,,,
ENVSTDY412,GEOG105,GEOG200,GEOG202,,,,,,
GEOG105,,,,,,,,,
GEOG200,,,,,,,,,
GEOG202,,,,,,,,,
ENVSTDY450,BIOLOGY108,CHEM212R,CHEM211/CHEM211L,,,,,,
ENVSTDY499WI,ENGLISH225,,,,,,,,
EUPHNM100A,,,,,,,,,
EUPHNM100B,,,,,,,,,
EUPHNM100C,,,,,,,,,
EUPHNM101,,,,,,,,,
EUPHNM102,,,,,,,,,
EUPHNM201,,,,,,,,,
EUPHNM202,,,,,,,,,
EUPHNM300,,,,,,,,,
EUPHNM301,,,,,,,,,
EUPHNM302,,,,,,,,,
EUPHNM401,,,,,,,,,
EUPHNM402,,,,,,,,,
FILM230,,,,,,,,,
FILM250,,,,,,,,,
FILM300,,,,,,,,,
FILM310,,,,,,,,,
FILM323,,,,,,,,,
FILM338,,,,,,,,,
FILM339,,,,,,,,,
FILM345,,,,,,,,,
FILM346,,,,,,,,,
FILM347,,,,,,,,,
FILM354,,,,,,,,,
FILM373,FILM250,,,,,,,,
FILM376,,,,,,,,,
FILM379,,,,,,,,,
FILM381,FILM250,,,,,,,,
FILM384,,,,,,,,,
FILM385,FILM250,,,,,,,,
FILM386,FILM250,,,,,,,,
FILM392,,,,,,,,,
FILM393,,,,,,,,,
FILM394,,,,,,,,,
FILM400,,,,,,,,,
FILM401,,,,,,,,,
FILM402,,,,,,,,,
FILM454,FILM354,,,,,,,,
FILM457,FILM250,,,,,,,,
FILM471,FILM373,,,,,,,,
FILM473,FILM250,,,,,,,,
FILM498,,,,,,,,,
FIN325,ACCTNG210,,,,,,,,
FIN326,FIN325,,,,,,,,
FIN340,FIN325,,,,,,,,
FIN345,FIN325,,,,,,,,
FIN350,,,,,,,,,
FIN369,,,,,,,,,
FIN419,FIN325,,,,,,,,
FIN425,FIN325,,,,,,,,
FIN426,FIN325,,,,,,,,
FIN428,FIN325,,,,,,,,
FIN435,FIN326,,,,,,,,
FIN445,FIN345,,,,,,,,
FIN487,,,,,,,,,
FIN496,,,,,,,,,
FIN497,,,,,,,,,
FLUTE100A,,,,,,,,,
FLUTE100B,,,,,,,,,
FLUTE100C,,,,,,,,,
FLUTE101,,,,,,,,,
FLUTE102,,,,,,,,,
FLUTE201,,,,,,,,,
FLUTE202,,,,,,,,,
FLUTE300,,,,,,,,,
FLUTE301,,,,,,,,,
FLUTE302,,,,,,,,,
FLUTE401,,,,,,,,,
FLUTE402,,,,,,,,,
FRNLNG180,,,,,,,,,
FRNLNG190,,,,,,,,,
FRNLNG230,,,,,,,,,
FRNLNG231,,,,,,,,,
FRNLNG280,,,,,,,,,
FRNLNG302,,,,,,,,,
FRNLNG380,,,,,,,,,
FRNLNG459,,,,,,,,,
FRNLNG470A,,,,,,,,,
FRNLNG470B,,,,,,,,,
FRNLNG480,,,,,,,,,
FRNLNG494,,,,,,,,,
FRENCH110,,,,,,,,,
FRENCH114,FRENCH110,FRENCH120,FRENCH211,FRENCH221,,,,,
FRENCH120,,,,,,,,,
FRENCH211,,,,,,,,,
FRENCH221,FRENCH211,,,,,,,,
FRENCH280,,,,,,,,,
FRENCH315,FRENCH221,,,,,,,,
FRENCH325,FRENCH221,,,,,,,,
FRENCH351,FRENCH221,,,,,,,,
FRENCH377FC,,,,,,,,,
FRENCH377LC,,,,,,,,,
FRENCH380,FRENCH221,,,,,,,,
FRENCH415,FRENCH315,FRENCH325,,,,,,,
FRENCH477EC,,,,,,,,,
FRENCH477LC,,,,,,,,,
FRENCH477LL,,,,,,,,,
FRENCH477ME,,,,,,,,,
FRENCH480,FRENCH315,FRENCH325,,,,,,,
FRENCH490,FRENCH315,FRENCH325,,,,,,,
GECDV201,,,,,,,,,
GECDV202,,,,,,,,,
GECDV203,,,,,,,,,
GECDV204,,,,,,,,,
GECDV205,,,,,,,,,
GECDV206,,,,,,,,,
GECDV207,,,,,,,,,
GECDV208,,,,,,,,,
GECDV209,,,,,,,,,
GECDV210,,,,,,,,,
GEOG150,,,,,,,,,
GEOG215,,,,,,,,,
GEOG309,,,,,,,,,
GEOG314,ENVSCI110R,GEOLOGY220,,,,,,,
GEOLOGY220,,,,,,,,,
GEOG360,ENVSCI110R,,,,,,,,
GEOG398,,,,,,,,,
GEOG401,GEOG203,GEOG450,,,,,,,
GEOG450,,,,,,,,,
GEOG402,GEOG203,GEOG450,,,,,,,
GEOG403WI,ENGLISH225,,,,,,,,
GEOG406,,,,,,,,,
GEOG417,,,,,,,,,
GEOG426,,,,,,,,,
GEOG444,,,,,,,,,
GEOG448,GEOG215,,,,,,,,
GEOG496,,,,,,,,,
GEOLOGY220L,,,,,,,,,
GEOLOGY250L,,,,,,,,,
GEOLOGY251L,,,,,,,,,
GEOLOGY313,,,,,,,,,
GEOLOGY322,CHEM212R,GEOLOGY220,,,,,,,
GEOLOGY325,ENVSCI110L,ENVSCI110R,GEOLOGY220,,,,,,
GEOLOGY335,ENVSCI110R,GEOG150,GEOLOGY220,,,,,,
GEOLOGY350,PHYSICS240,GEOLOGY220,PHYSICS210,,,,,,
PHYSICS210,MATH120,MATH110/MATH109,,,,,,,
GEOLOGY370R,,,,,,,,,
GEOLOGY416,GEOG203,ENVSCI110R,GEOLOGY220,GEOG402,,,,,
GEOLOGY434,,,,,,,,,
GEOLOGY441,,,,,,,,,
GEOLOGY456,,,,,,,,,
GEOLOGY460,CHEM212R,,,,,,,,
GEOLOGY471,GEOLOGY325,GEOLOGY350,,,,,,,
GEOLOGY472,,,,,,,,,
GEOLOGY490,,,,,,,,,
GEOLOGY498,,,,,,,,,
GERMAN110,,,,,,,,,
GERMAN120,,,,,,,,,
GERMAN211,,,,,,,,,
GERMAN221,GERMAN211,,,,,,,,
GERMAN315,GERMAN221,,,,,,,,
GERMAN325,GERMAN221,,,,,,,,
GERMAN344,,,,,,,,,
GERMAN415,GERMAN221,,,,,,,,
GERMAN480,GERMAN221,,,,,,,,
GERMAN490,GERMAN221,,,,,,,,
GREEK110,,,,,,,,,
GREEK120,,,,,,,,,
GREEK211,,,,,,,,,
GUITAR100A,,,,,,,,,
GUITAR100B,,,,,,,,,
GUITAR100C,,,,,,,,,
GUITAR101,,,,,,,,,
GUITAR101J,,,,,,,,,
GUITAR102,,,,,,,,,
GUITAR102J,,,,,,,,,
GUITAR201,,,,,,,,,
GUITAR201J,,,,,,,,,
GUITAR202,,,,,,,,,
GUITAR202J,,,,,,,,,
GUITAR300,,,,,,,,,
GUITAR301,,,,,,,,,
GUITAR301J,,,,,,,,,
GUITAR302,,,,,,,,,
GUITAR302J,,,,,,,,,
GUITAR401,,,,,,,,,
GUITAR401J,,,,,,,,,
GUITAR402,,,,,,,,,
GUITAR402J,,,,,,,,,
HLTHADM471,,,,,,,,,
HLTHADM473,STAT235,STAT115,DSOM211,,,,,,
HLTHADM477,,,,,,,,,
HLTHADM480,DSOM311,,,,,,,,
HLTHADM481,,,,,,,,,
HLTHADM487,,,,,,,,,
HLTHADM496,,,,,,,,,
HLTHADM497,,,,,,,,,
HLSC100,,,,,,,,,
HLSC101,,,,,,,,,
HLSC110,,,,,,,,,
HLSC120,,,,,,,,,
HLSC125,,,,,,,,,
HLSC160,HLSC120,NURSE120,,,,,,,
NURSE120,,,,,,,,,
HLSC200,,,,,,,,,
HLSC230,,,,,,,,,
HLSC252,,,,,,,,,
HLSC255,,,,,,,,,
HLSC300,HLSC101,PBHL158,,,,,,,
PBHL158,,,,,,,,,
HLSC310,DENTHYG4130,HLSC101,PBHL158,,,,,,
HLSC315,,,,,,,,,
HLSC323,,,,,,,,,
HLSC325,,,,,,,,,
HLSC345,STAT115,MATH116,MATH110/MATH109,,,,,,
HLSC403A,,,,,,,,,
HLSC403B,HLSC403A,,,,,,,,
HLSC403C,HLSC403A,,,,,,,,
HLSC404,,,,,,,,,
HLSC408,,,,,,,,,
HLSC410,STAT235,HLSC101,PBHL158,HLSC345,NURSE345,,,,
NURSE345,STAT115,MATH116,MATH110/MATH109,,,,,,
HLSC417,,,,,,,,,
HLSC419,,,,,,,,,
HLSC423,,,,,,,,,
HLSC430,HLSC310,,,,,,,,
HLSC440,HLSC300,,,,,,,,
HLSC450,HLSC300,,,,,,,,
HLSC460,HLSC300,,,,,,,,
HLSC470,HLSC440,,,,,,,,
HLSC476,STAT235,HLSC345,NURSE345,,,,,,
HLSC480,HLSC300,,,,,,,,
HLSC490,,,,,,,,,
HISTORY101,,,,,,,,,
HISTORY102,,,,,,,,,
HISTORY201,,,,,,,,,
HISTORY202,,,,,,,,,
HISTORY206,,,,,,,,,
HISTORY208,,,,,,,,,
HISTORY215,,,,,,,,,
HISTORY300AM,,,,,,,,,
HISTORY300EM,,,,,,,,,
HISTORY300HW,,,,,,,,,
HISTORY300P,,,,,,,,,
HISTORY300PH,,,,,,,,,
HISTORY300US,,,,,,,,,
HISTORY300WY,,,,,,,,,
HISTORY301WI,ENGLISH225,,,,,,,,
HISTORY302,,,,,,,,,
HISTORY303,,,,,,,,,
HISTORY304,,,,,,,,,
HISTORY306,,,,,,,,,
HISTORY306A,,,,,,,,,
HISTORY307A,,,,,,,,,
HISTORY309,,,,,,,,,
HISTORY334,,,,,,,,,
HISTORY343,,,,,,,,,
HISTORY348,,,,,,,,,
HISTORY349,,,,,,,,,
HISTORY356,,,,,,,,,
HISTORY356R,,,,,,,,,
HISTORY357,,,,,,,,,
HISTORY358,,,,,,,,,
HISTORY363,,,,,,,,,
HISTORY365A,,,,,,,,,
HISTORY366RR,,,,,,,,,
HISTORY369,,,,,,,,,
HISTORY371,,,,,,,,,
HISTORY375,,,,,,,,,
HISTORY379,,,,,,,,,
HISTORY391,,,,,,,,,
HISTORY392A,,,,,,,,,
HISTORY392B,,,,,,,,,
HISTORY392C,,,,,,,,,
HISTORY394,,,,,,,,,
HISTORY395,,,,,,,,,
HISTORY398,,,,,,,,,
HISTORY400,,,,,,,,,
HISTORY400WI,ENGLISH225,,,,,,,,
HISTORY404,,,,,,,,,
HISTORY405,,,,,,,,,
HISTORY406,,,,,,,,,
HISTORY407,,,,,,,,,
HISTORY411A,,,,,,,,,
HISTORY411B,,,,,,,,,
HISTORY412A,,,,,,,,,
HISTORY413,,,,,,,,,
HISTORY414,,,,,,,,,
HISTORY416R,,,,,,,,,
HISTORY420CC,,,,,,,,,
HISTORY430RA,,,,,,,,,
HISTORY431R,,,,,,,,,
HISTORY432R,,,,,,,,,
HISTORY433R,,,,,,,,,
HISTORY436WI,ENGLISH225,HISTORY301WI,,,,,,,
HISTORY464,,,,,,,,,
HISTORY470,,,,,,,,,
HISTORY471,,,,,,,,,
HISTORY472,,,,,,,,,
HISTORY474,,,,,,,,,
HISTORY476,,,,,,,,,
HISTORY494,,,,,,,,,
HISTORY496,,,,,,,,,
HISTORY498WI,ENGLISH225,HISTORY301WI,,,,,,,
HONORS215,,,,,,,,,
HONORS230,,,,,,,,,
HONORS330,,,,,,,,,
HONORS350,,,,,,,,,
HONORS360A,,,,,,,,,
HONORS360B,,,,,,,,,
HONORS360C,,,,,,,,,
HONORS360D,,,,,,,,,
HONORS490,,,,,,,,,
HONORS495A,,,,,,,,,
HONORS495AA,,,,,,,,,
HONORS495B,,,,,,,,,
HONORS495C,,,,,,,,,
HONORS495D,,,,,,,,,
HONORS495E,,,,,,,,,
HONORS495EE,,,,,,,,,
HONORS495F,,,,,,,,,
HONORS495G,,,,,,,,,
HONORS495H,,,,,,,,,
HONORS495I,,,,,,,,,
HONORS495J,,,,,,,,,
HONORS495L,,,,,,,,,
HONORS495M,,,,,,,,,
HONORS495ME,,,,,,,,,
HONORS495N,,,,,,,,,
HONORS495NH,,,,,,,,,
HONORS495NN,,,,,,,,,
HONORS495O,,,,,,,,,
HONORS495P,,,,,,,,,
HONORS495PA,,,,,,,,,
HONORS495Q,,,,,,,,,
HONORS495R,,,,,,,,,
HONORS495S,,,,,,,,,
HONORS495U,,,,,,,,,
HONORS495V,,,,,,,,,
HONORS495X,,,,,,,,,
HONORS496,,,,,,,,,
HONORS496A,,,,,,,,,
HONORS499,,,,,,,,,
HORN100A,,,,,,,,,
HORN100B,,,,,,,,,
HORN100C,,,,,,,,,
HORN101,,,,,,,,,
HORN102,,,,,,,,,
HORN201,,,,,,,,,
HORN202,,,,,,,,,
HORN300,,,,,,,,,
HORN301,,,,,,,,,
HORN302,,,,,,,,,
HORN401,,,,,,,,,
HORN402,,,,,,,,,
INFOTEC222,COMPSCI101/COMPSCI101L,,,,,,,,
INFOTEC321,COMPSCI201L/COMPSCI201R,,,,,,,,
INFOTEC372,COMPSCI303,,,,,,,,
INFOTEC426,COMPSCI420,,,,,,,,
INFOTEC429,INFOTEC321,,,,,,,,
INFOTEC490,,,,,,,,,
INFOTEC490DC,COMPSCI303,MATH210,,,,,,,
MATH210,MATH120,MATH125,MATH110/MATH109,,,,,,
INFOTEC491,,,,,,,,,
INTGR200,,,,,,,,,
INTGR200L,,,,,,,,,
INTGR201,INTGR200,,,,,,,,
INTGR202,INTGR201,,,,,,,,
ITALIAN110,,,,,,,,,
ITALIAN120,ITALIAN110,,,,,,,,
ITALIAN211,ITALIAN120,,,,,,,,
ITALIAN221,ITALIAN211,,,,,,,,
ITALIAN280,ITALIAN110,ITALIAN120,,,,,,,
LATIN110,,,,,,,,,
LATIN120,LATIN110,,,,,,,,
LATIN211,LATIN120,,,,,,,,
LIFESCI201,,,,,,,,,
LIFESCI202,,,,,,,,,
LIFESCI310,,,,,,,,,
LIFESCI320,,,,,,,,,
LIFESCI330,,,,,,,,,
LIFESCI340,,,,,,,,,
LIFESCI399,,,,,,,,,
LIFESCI497,CHEM320/CHEM320L,CHEM322R/CHEM322L,,,,,,,
LIFESCI497A,,,,,,,,,
LIFESCI497B,,,,,,,,,
LIFESCI497BB,BIOLOGY206,,,,,,,,
LIFESCI497C,,,,,,,,,
LIFESCI497D,,,,,,,,,
LIFESCI497E,,,,,,,,,
LIFESCI497F,,,,,,,,,
LIFESCI497G,,,,,,,,,
LIFESCI497H,,,,,,,,,
LIFESCI497I,,,,,,,,,
LIFESCI497J,,,,,,,,,
LIFESCI497K,,,,,,,,,
LIFESCI497L,,,,,,,,,
LIFESCI497P,,,,,,,,,
LIFESCI497WI,ENGLISH225,CHEM320/CHEM320L,CHEM322R/CHEM322L,,,,,,
LIFESCI499,CHEM320/CHEM320L,CHEM322R/CHEM322L,,,,,,,
LIFESCI499A,,,,,,,,,
LIFESCI499B,,,,,,,,,
LIFESCI499C,,,,,,,,,
LIFESCI499D,,,,,,,,,
LIFESCI499E,,,,,,,,,
LIFESCI499F,,,,,,,,,
LIFESCI499G,,,,,,,,,
LIFESCI499H,,,,,,,,,
LIFESCI499I,,,,,,,,,
LIFESCI499J,,,,,,,,,
LIFESCI499K,,,,,,,,,
LIFESCI499L,,,,,,,,,
LIFESCI499M,,,,,,,,,
LIFESCI499P,,,,,,,,,
LIFESCI499WI,ENGLISH225,CHEM320/CHEM320L,CHEM322R/CHEM322L,,,,,,
LSBIOC341,,,,,,,,,
LSBIOC360,,,,,,,,,
LSBIOC370,,,,,,,,,
LSMCRB114L,,,,,,,,,
LSMCRB121L,LSMCRB121,,,,,,,,
LSMCRB4180,,,,,,,,,
LSMCRB431,BIOLOGY202,BIOLOGY206,BIOLOGY441,,,,,,
LSPHYS217,BIOLOGY102,BIOLOGY108,BIOLOGY109,,,,,,
LSPHYS3070,,,,,,,,,
LSPHYS399,,,,,,,,,
LSPHYS400,,,,,,,,,
LSPHYS401,,,,,,,,,
MGT100,,,,,,,,,
MGT256,,,,,,,,,
MGT301,ENGLISH225,,,,,,,,
MGT330,MGT301,,,,,,,,
MGT332,ACCTNG360,MGT301,,,,,,,
MGT337,MGT332,,,,,,,,
MGT347,MGT332,,,,,,,,
MGT357,MGT332,,,,,,,,
MGT360,,,,,,,,,
MGT367,STAT235,STAT115,DSOM211,MGT337,,,,,
MGT370,,,,,,,,,
MGT372,MGT330,MGT332,,,,,,,
MGT374,MGT330,MGT332,,,,,,,
MGT375,MGT370,,,,,,,,
MGT377,MGT332,,,,,,,,
MGT410,ACCTNG360,MGT301,MGT330,MGT332,,,,,
MGT470,,,,,,,,,
MGT471,ACCTNG211,DSOM326,DSOM340,FIN325,MGT330,MGT332,MKT324,,
MKT324,,,,,,,,,
MGT487,,,,,,,,,
MGT496,,,,,,,,,
MGT497,,,,,,,,,
MIS202,MATH120,MATH110/MATH109,,,,,,,
MIS402,ACCTNG306,MIS202,,,,,,,
MIS459,,,,,,,,,
MIS487,,,,,,,,,
MIS496,,,,,,,,,
MIS497,,,,,,,,,
MKT335,MKT324,,,,,,,,
MKT348,STAT235,STAT115,DSOM211,MKT324,,,,,
MKT390,STAT235,DSOM211,MKT324,,,,,,
MKT418,MKT324,,,,,,,,
MKT420,,,,,,,,,
MKT430,,,,,,,,,
MKT442,MKT324,,,,,,,,
MKT465,MKT324,,,,,,,,
MKT480,MKT324,,,,,,,,
MKT487,,,,,,,,,
MKT496,,,,,,,,,
MKT497,,,,,,,,,
MATH125,MATH110/MATH109,,,,,,,,
MATH206,MATH120,MATH110/MATH109,,,,,,,
MATH300,MATH250,MATH220,COMPSCI191,,,,,,
MATH301,MATH220,,,,,,,,
MATH314,COMPSCI191,MATH301,,,,,,,
MATH345L,,,,,,,,,
MATH401,STAT340L,STAT355L,STAT360L,,,,,,
STAT340L,STAT235,CIVENGR319,STAT115,CJC303,MATH116,PSYCH316,,,
STAT355L,STAT340L,,,,,,,,
STAT360L,STAT340L,,,,,,,,
MATH402,MATH301,,,,,,,,
MATH406,MATH345,MECENGR272,ECENGR241,,,,,,
MATH407,MATH250,MATH345,MECENGR272,ECENGR241,MATH300,MATH301,,,
MATH410,MATH300,MATH301,,,,,,,
MATH412,MATH402,,,,,,,,
MATH420,MATH300,MATH301,,,,,,,
MATH434,,,,,,,,,
MATH464WI,ENGLISH225,MATH301,,,,,,,
MATH469,,,,,,,,,
MATH490,,,,,,,,,
MATH496,,,,,,,,,
MECENGR131,,,,,,,,,
MECENGR219,MATH220,MATH266,,,,,,,
MECENGR270,MATH268,,,,,,,,
MECENGR299,PHYSICS250,MATH268,MATH220,,,,,,
MECENGR306,MATH345,MECENGR272,ECENGR216,MATH345L,,,,,
MECENGR324,CIVENGR276,CHEM211/CHEM211L,,,,,,,
MECENGR324L,MECENGR324,,,,,,,,
MECENGR352,CIVENGR276,,,,,,,,
MECENGR356,CIVENGR276,,,,,,,,
MECENGR360,MECENGR299,,,,,,,,
MECENGR380,MECENGR324,MECENGR324L,,,,,,,
MECENGR385,MATH345,MECENGR285,MECENGR272,,,,,,
MECENGR399,MATH250,MECENGR351,MECENGR270,MECENGR299,,,,,
MECENGR399L,MECENGR399,,,,,,,,
MECENGR400,,,,,,,,,
MECENGR406,MECENGR299,,,,,,,,
MECENGR407,MECENGR285,MECENGR306,,,,,,,
MECENGR412,,,,,,,,,
MECENGR413,MECENGR411,,,,,,,,
MECENGR414,MECENGR324,,,,,,,,
MECENGR415,MECENGR385,,,,,,,,
MECENGR416,,,,,,,,,
MECENGR420,,,,,,,,,
MECENGR424,MECENGR324,,,,,,,,
MECENGR425,MECENGR324,MECENGR380,,,,,,,
MECENGR426,,,,,,,,,
MECENGR429,MECENGR492,CIVENGR275,MECENGR306,MECENGR399,,,,,
MECENGR440,MECENGR360,MECENGR399,,,,,,,
MECENGR441,MECENGR351,,,,,,,,
MECENGR444,MECENGR324,,,,,,,,
MECENGR451,MECENGR360,MECENGR399,,,,,,,
MECENGR452,CIVENGR276,,,,,,,,
MECENGR454,MECENGR299,,,,,,,,
MECENGR455,MATH345,MECENGR415,,,,,,,
MECENGR457,MECENGR415,,,,,,,,
MECENGR458,MECENGR415,,,,,,,,
MECENGR459,MECENGR306,,,,,,,,
MECENGR460,MECENGR285,,,,,,,,
MECENGR462,CIVENGR351,MECENGR351,MECENGR360,,,,,,
MECENGR464,MECENGR351,MECENGR360,,,,,,,
MECENGR466,MECENGR306,,,,,,,,
MECENGR467,MECENGR399,,,,,,,,
MECENGR470,,,,,,,,,
MECENGR484,MECENGR306,MECENGR385,,,,,,,
MECENGR486,MECENGR306,MECENGR324,MECENGR385,MECENGR399,,,,,
MECENGR491,,,,,,,,,
MECENGR493,MECENGR285,,,,,,,,
MECENGR494,MECENGR285,MECENGR306,MECENGR352,,,,,,
MECENGR496WI,ENGLISH225,MECENGR492,MECENGR356,,,,,,
MILSCI397,,,,,,,,,
MILSCI497,,,,,,,,,
NATSCI171,,,,,,,,,
NATSCI375P,,,,,,,,,
NATSCI425P,,,,,,,,,
NURSE101,,,,,,,,,
NURSE125,,,,,,,,,
NURSE127,,,,,,,,,
NURSE160,,,,,,,,,
NURSE220,,,,,,,,,
NURSE230,,,,,,,,,
NURSE250,,,,,,,,,
NURSE252,,,,,,,,,
NURSE255,,,,,,,,,
NURSE256,HLSC230,NURSE127,NURSE220,NURSE230,NURSE250,NURSE395,,,
NURSE395,,,,,,,,,
NURSE262,HLSC230,NURSE127,NURSE220,NURSE230,NURSE250,NURSE395,,,
NURSE315,,,,,,,,,
NURSE326,,,,,,,,,
NURSE342,NURSE362,,,,,,,,
NURSE362,,,,,,,,,
NURSE360,,,,,,,,,
NURSE364,,,,,,,,,
NURSE366,,,,,,,,,
NURSE401,,,,,,,,,
NURSE403A,,,,,,,,,
NURSE403B,,,,,,,,,
NURSE403C,,,,,,,,,
NURSE404,,,,,,,,,
NURSE408,,,,,,,,,
NURSE417,,,,,,,,,
NURSE419,,,,,,,,,
NURSE462,,,,,,,,,
NURSE465,,,,,,,,,
NURSE467,,,,,,,,,
NURSE468,,,,,,,,,
NURSE472,,,,,,,,,
NURSE476,STAT235,HLSC345,NURSE345,,,,,,
NURSE481,,,,,,,,,
NURSE482,,,,,,,,,
NURSE483,NURSE482,,,,,,,,
NURSE484,,,,,,,,,
NURSE485,,,,,,,,,
NURSE486,,,,,,,,,
NURSE490,,,,,,,,,
NURSE490AP2,,,,,,,,,
OBOE100A,,,,,,,,,
OBOE100B,,,,,,,,,
OBOE100C,,,,,,,,,
OBOE101,,,,,,,,,
OBOE102,,,,,,,,,
OBOE201,,,,,,,,,
OBOE202,,,,,,,,,
OBOE300,,,,,,,,,
OBOE301,,,,,,,,,
OBOE302,,,,,,,,,
OBOE368,,,,,,,,,
OBOE401,,,,,,,,,
OBOE402,,,,,,,,,
PERCSN100A,,,,,,,,,
PERCSN100B,,,,,,,,,
PERCSN100C,,,,,,,,,
PERCSN101,,,,,,,,,
PERCSN101J,,,,,,,,,
PERCSN102,,,,,,,,,
PERCSN102J,,,,,,,,,
PERCSN201,,,,,,,,,
PERCSN201J,,,,,,,,,
PERCSN202,,,,,,,,,
PERCSN202J,,,,,,,,,
PERCSN300,,,,,,,,,
PERCSN301,,,,,,,,,
PERCSN301J,,,,,,,,,
PERCSN302,,,,,,,,,
PERCSN302J,,,,,,,,,
PERCSN401,,,,,,,,,
PERCSN401J,,,,,,,,,
PERCSN402,,,,,,,,,
PERCSN402J,,,,,,,,,
PHILOS210,,,,,,,,,
PHILOS221,,,,,,,,,
PHILOS222,,,,,,,,,
PHILOS234,,,,,,,,,
PHILOS250,,,,,,,,,
PHILOS310WI,ENGLISH225,,,,,,,,
PHILOS320WI,ENGLISH225,,,,,,,,
PHILOS321,,,,,,,,,
PHILOS325,,,,,,,,,
PHILOS329,PHILOS210,PHILOS222,,,,,,,
PHILOS332,,,,,,,,,
PHILOS333,,,,,,,,,
PHILOS335,,,,,,,,,
PHILOS337,PHILOS210,PHILOS222,,,,,,,
PHILOS340,,,,,,,,,
PHILOS342,,,,,,,,,
PHILOS347WI,ENGLISH225,,,,,,,,
PHILOS348WI,ENGLISH225,,,,,,,,
PHILOS370,,,,,,,,,
PHILOS430WI,ENGLISH225,,,,,,,,
PHILOS431,,,,,,,,,
PHILOS448,PHILOS321,,,,,,,,
PHILOS450WI,ENGLISH225,,,,,,,,
PHILOS451,,,,,,,,,
PHILOS454,,,,,,,,,
PHILOS480,PHILOS210,PHILOS222,,,,,,,
PHILOS480A,,,,,,,,,
PHILOS480B,,,,,,,,,
PHILOS480E,,,,,,,,,
PHILOS490,,,,,,,,,
PHILOS490B,PHILOS222,PHILOS310WI,PHILOS320WI,PHILOS321,,,,,
PHILOS490F,PHILOS222,PHILOS310WI,PHILOS320WI,PHILOS321,,,,,
PHYSED106,,,,,,,,,
PHYSED125,,,,,,,,,
PHYSED157,,,,,,,,,
PHYSED158,,,,,,,,,
PHYSED174,,,,,,,,,
PHYSED175,,,,,,,,,
PHYSED175L,,,,,,,,,
PHYSED180,,,,,,,,,
PHYSED181,,,,,,,,,
PHYSED189,,,,,,,,,
PHYSED189AY,,,,,,,,,
PHYSED189BE,,,,,,,,,
PHYSED189YO,,,,,,,,,
PHYSED203,,,,,,,,,
PHYSED206,,,,,,,,,
PHYSED207,,,,,,,,,
PHYSED212,,,,,,,,,
PHYSED300,HLSC120,HLSC160,,,,,,,
PHYSED300L,PHYSED300,,,,,,,,
PHYSED312,,,,,,,,,
PHYSED312L,PHYSED312,,,,,,,,
PHYSED323,LSPHYS217,BIOLOGY218/BIOLOGY218L,,,,,,,
PHYSED350,HLSC120,HLSC160,,,,,,,
PHYSED350L,PHYSED350,,,,,,,,
PHYSED361WI,ENGLISH225,,,,,,,,
PHYSED370,,,,,,,,,
PHYSED389,,,,,,,,,
PHYSED391,PHYSED350,,,,,,,,
PHYSED401,,,,,,,,,
PHYSED401L,,,,,,,,,
PHYSED499,,,,,,,,,
PHYSCI110,,,,,,,,,
PHYSCI110L,,,,,,,,,
PHYSCI171,,,,,,,,,
PHYSCI410A,,,,,,,,,
PHYSCI435,,,,,,,,,
PHYSICS130,,,,,,,,,
PHYSICS131L,,,,,,,,,
PHYSICS310,PHYSICS220,PHYSICS250,MATH250,MATH268,,,,,
PHYSICS311,PHYSICS310,,,,,,,,
PHYSICS330,MATH250,MATH268,,,,,,,
PHYSICS342,MATH120,PHYSICS220,PHYSICS250,MATH125,,,,,
PHYSICS350,PHYSICS220,PHYSICS250,MATH268,MATH220,,,,,
PHYSICS353,PHYSICS250,MATH220,MATH210,,,,,,
PHYSICS355,PHYSICS250,PHYSICS240,MATH220,MATH210,,,,,
PHYSICS356,PHYSICS250,MATH220,MATH210,,,,,,
PHYSICS385L,PHYSICS220,PHYSICS250,,,,,,,
PHYSICS395L,PHYSICS385L,,,,,,,,
PHYSICS410,PHYSICS220,PHYSICS250,MATH250,MATH268,,,,,
PHYSICS420,PHYSICS220,PHYSICS250,MATH266,MATH210,,,,,
PHYSICS437,PHYSICS250,PHYSICS240,PHYSICS350,PHYSICS472,,,,,
PHYSICS472,PHYSICS350,,,,,,,,
PHYSICS450,PHYSICS310,PHYSICS410,,,,,,,
PHYSICS460,PHYSICS220,PHYSICS250,MATH250,MATH268,,,,,
PHYSICS461,PHYSICS460,,,,,,,,
PHYSICS465,PHYSICS220,PHYSICS250,MATH250,MATH268,,,,,
PHYSICS476LW,,,,,,,,,
PHYSICS490,,,,,,,,,
PHYSICS499,,,,,,,,,
PIANO100A,,,,,,,,,
PIANO100B,,,,,,,,,
PIANO100C,,,,,,,,,
PIANO101,,,,,,,,,
PIANO101J,,,,,,,,,
PIANO102,,,,,,,,,
PIANO102J,,,,,,,,,
PIANO201,,,,,,,,,
PIANO201J,,,,,,,,,
PIANO202,,,,,,,,,
PIANO202J,,,,,,,,,
PIANO300,,,,,,,,,
PIANO301,,,,,,,,,
PIANO301J,,,,,,,,,
PIANO302,,,,,,,,,
PIANO302J,,,,,,,,,
PIANO401,,,,,,,,,
PIANO401J,,,,,,,,,
PIANO402,,,,,,,,,
PIANO402J,,,,,,,,,
POLSCI210,,,,,,,,,
POLSCI220,,,,,,,,,
POLSCI221,,,,,,,,,
POLSCI230,,,,,,,,,
POLSCI301,,,,,,,,,
POLSCI303,,,,,,,,,
POLSCI304,,,,,,,,,
POLSCI308,,,,,,,,,
POLSCI309,,,,,,,,,
POLSCI313,,,,,,,,,
POLSCI314,,,,,,,,,
POLSCI316,,,,,,,,,
POLSCI318,,,,,,,,,
POLSCI319,,,,,,,,,
POLSCI326,,,,,,,,,
POLSCI336,,,,,,,,,
POLSCI345,,,,,,,,,
POLSCI348,,,,,,,,,
POLSCI349,,,,,,,,,
POLSCI357,,,,,,,,,
POLSCI360,,,,,,,,,
POLSCI362,,,,,,,,,
POLSCI363,,,,,,,,,
POLSCI365WI,ENGLISH225,,,,,,,,
POLSCI366,,,,,,,,,
POLSCI367,,,,,,,,,
POLSCI368,,,,,,,,,
POLSCI370,,,,,,,,,
POLSCI371,,,,,,,,,
POLSCI372,,,,,,,,,
POLSCI375,,,,,,,,,
POLSCI376,,,,,,,,,
POLSCI377,,,,,,,,,
POLSCI380,,,,,,,,,
POLSCI401,,,,,,,,,
POLSCI404,,,,,,,,,
POLSCI408,,,,,,,,,
POLSCI425WI,ENGLISH225,POLSCI220,POLSCI221,,,,,,
POLSCI435,,,,,,,,,
POLSCI452,,,,,,,,,
POLSCI480,,,,,,,,,
POLSCI491,,,,,,,,,
POLSCI493,,,,,,,,,
POLSCI497,,,,,,,,,
POLSCI498,,,,,,,,,
PSYCH210,,,,,,,,,
PSYCH212,PSYCH210,,,,,,,,
PSYCH217,PSYCH210,,,,,,,,
PSYCH222,PSYCH210,,,,,,,,
PSYCH302,PSYCH210,,,,,,,,
PSYCH305,PSYCH210,,,,,,,,
PSYCH316,STAT115,MATH116,PSYCH210,MATH110/MATH109,,,,,
PSYCH320,PSYCH210,,,,,,,,
PSYCH323,PSYCH210,,,,,,,,
PSYCH405,PSYCH210,,,,,,,,
PSYCH407,PSYCH210,,,,,,,,
PSYCH418,PSYCH210,,,,,,,,
PSYCH433,PSYCH210,,,,,,,,
PSYCH440,PSYCH210,,,,,,,,
PSYCH450,PSYCH210,,,,,,,,
PSYCH461,PSYCH210,,,,,,,,
PSYCH490,PSYCH210,,,,,,,,
PSYCH491,PSYCH210,,,,,,,,
PSYCH495WI,ENGLISH225,PSYCH210,PSYCH302,,,,,,
PUBADM410,,,,,,,,,
PUBADM420,,,,,,,,,
PUBADM421,,,,,,,,,
PUBADM448,,,,,,,,,
PUBADM455B,,,,,,,,,
PUBADM487,,,,,,,,,
PUBADM492,,,,,,,,,
PUBADM493,,,,,,,,,
PUBADM494,,,,,,,,,
PUBADM495,,,,,,,,,
PUBADM496,,,,,,,,,
PUBADM497,,,,,,,,,
PBHL245,PBHL158,,,,,,,,
PBHL335,PBHL158,,,,,,,,
PBHL358,PBHL158,,,,,,,,
PBHL445,PBHL158,HLSC430,,,,,,,
PBHL458,PBHL158,HLSC410,,,,,,,
PBHL490,,,,,,,,,
PBHL496,,,,,,,,,
REGS200,,,,,,,,,
REGS202,,,,,,,,,
REGS203,,,,,,,,,
REGS204,,,,,,,,,
REGS300,,,,,,,,,
REGS302,,,,,,,,,
REGS304,,,,,,,,,
REGS306,,,,,,,,,
REGS314,,,,,,,,,
REGS321,,,,,,,,,
REGS329,,,,,,,,,
REGS348,,,,,,,,,
REGS380,,,,,,,,,
REGS451,,,,,,,,,
REGS480,,,,,,,,,
REGS485,,,,,,,,,
REGS490,,,,,,,,,
REGS495,,,,,,,,,
EDRD439,,,,,,,,,
RLEST321,,,,,,,,,
RLEST421,ENT301,FIN325,,,,,,,
RLEST425,,,,,,,,,
RLEST496,,,,,,,,,
RLEST497,,,,,,,,,
RELIGST100,,,,,,,,,
RELIGST400,,,,,,,,,
RELIGST497RS,,,,,,,,,
SAXOPH100A,,,,,,,,,
SAXOPH100B,,,,,,,,,
SAXOPH100C,,,,,,,,,
SAXOPH101,,,,,,,,,
SAXOPH101J,,,,,,,,,
SAXOPH102,,,,,,,,,
SAXOPH102J,,,,,,,,,
SAXOPH201,,,,,,,,,
SAXOPH201J,,,,,,,,,
SAXOPH202,,,,,,,,,
SAXOPH202J,,,,,,,,,
SAXOPH300,,,,,,,,,
SAXOPH301,,,,,,,,,
SAXOPH301J,,,,,,,,,
SAXOPH302,,,,,,,,,
SAXOPH302J,,,,,,,,,
SAXOPH401,,,,,,,,,
SAXOPH401J,,,,,,,,,
SAXOPH402,,,,,,,,,
SAXOPH402J,,,,,,,,,
SOCIOL101,,,,,,,,,
SOCIOL203,,,,,,,,,
SOCIOL211,,,,,,,,,
SOCIOL300,,,,,,,,,
SOCIOL300A,,,,,,,,,
SOCIOL302WI,ENGLISH225,,,,,,,,
SOCIOL310R,,,,,,,,,
SOCIOL313R,,,,,,,,,
SOCIOL316,,,,,,,,,
SOCIOL320,,,,,,,,,
SOCIOL322,,,,,,,,,
SOCIOL326,,,,,,,,,
SOCIOL328,ANTHRO103,,,,,,,,
SOCIOL332,,,,,,,,,
SOCIOL337,,,,,,,,,
SOCIOL357,,,,,,,,,
SOCIOL358,,,,,,,,,
SOCIOL359,,,,,,,,,
SOCIOL361,,,,,,,,,
SOCIOL362,,,,,,,,,
SOCIOL363,STAT115,MATH116,MATH110/MATH109,,,,,,
SOCIOL364,,,,,,,,,
SOCIOL365,,,,,,,,,
SOCIOL380,,,,,,,,,
SOCIOL390R,,,,,,,,,
SOCIOL391,,,,,,,,,
SOCIOL397,,,,,,,,,
SOCIOL398,,,,,,,,,
SOCIOL411,,,,,,,,,
SOCIOL418,,,,,,,,,
SOCIOL434,,,,,,,,,
SOCIOL440R,,,,,,,,,
SOCIOL441,,,,,,,,,
SPANISH110,,,,,,,,,
SPANISH114,SPANISH110,SPANISH120,SPANISH211,SPANISH221,,,,,
SPANISH120,,,,,,,,,
SPANISH211,,,,,,,,,
SPANISH221,,,,,,,,,
SPANISH216,,,,,,,,,
SPANISH280,,,,,,,,,
SPANISH301,SPANISH221,,,,,,,,
SPANISH315,SPANISH221,,,,,,,,
SPANISH316,SPANISH221,SPANISH216,,,,,,,
SPANISH325,SPANISH221,,,,,,,,
SPANISH351,SPANISH221,,,,,,,,
SPANISH365,SPANISH221,,,,,,,,
SPANISH374,SPANISH221,,,,,,,,
SPANISH380,SPANISH221,,,,,,,,
SPANISH383,SPANISH221,,,,,,,,
SPANISH384,SPANISH221,,,,,,,,
SPANISH403,SPANISH315,SPANISH325,,,,,,,
SPANISH414,SPANISH315,SPANISH325,,,,,,,
SPANISH415,SPANISH315,SPANISH325,,,,,,,
SPANISH425,SPANISH315,SPANISH325,,,,,,,
SPANISH427,SPANISH315,SPANISH325,,,,,,,
SPANISH428,SPANISH315,SPANISH325,,,,,,,
SPANISH436,SPANISH315,SPANISH325,,,,,,,
SPANISH450,SPANISH315,SPANISH325,,,,,,,
SPANISH453,SPANISH315,SPANISH325,,,,,,,
SPANISH480,SPANISH315,SPANISH325,,,,,,,
SPANISH490,SPANISH315,SPANISH325,,,,,,,
SPANISH499,SPANISH315,SPANISH325,,,,,,,
EDUCSP401,,,,,,,,,
EDUCSP407,,,,,,,,,
EDUCSP408,TCHED397,TCHED480,,,,,,,
TCHED397,,,,,,,,,
TCHED480,,,,,,,,,
EDUCSP409,,,,,,,,,
EDUCSP410,EDUCSP407,,,,,,,,
EDUCSP414,EDUCSP401,,,,,,,,
STAT400,STAT235,STAT340L,STAT355L,STAT360L,,,,,
STAT415,MATH300,,,,,,,,
STAT436,MATH220,,,,,,,,
STAT441,STAT436,,,,,,,,
STAT451,STAT235,STAT436,,,,,,,
STAT480,STAT441,,,,,,,,
STAT482,STAT441,,,,,,,,
STAT496,,,,,,,,,
STRBASS100A,,,,,,,,,
STRBASS100B,,,,,,,,,
STRBASS100C,,,,,,,,,
STRBASS101,,,,,,,,,
STRBASS101J,,,,,,,,,
STRBASS102,,,,,,,,,
STRBASS102J,,,,,,,,,
STRBASS201,,,,,,,,,
STRBASS201J,,,,,,,,,
STRBASS202,,,,,,,,,
STRBASS202J,,,,,,,,,
STRBASS300,,,,,,,,,
STRBASS301,,,,,,,,,
STRBASS301J,,,,,,,,,
STRBASS302,,,,,,,,,
STRBASS302J,,,,,,,,,
STRBASS401,,,,,,,,,
STRBASS401J,,,,,,,,,
STRBASS402,,,,,,,,,
STRBASS402J,,,,,,,,,
TCHED130,,,,,,,,,
TCHED140,,,,,,,,,
TCHED150,,,,,,,,,
TCHED151,,,,,,,,,
TCHED152,,,,,,,,,
TCHED153,,,,,,,,,
TCHED160,,,,,,,,,
TCHED201,,,,,,,,,
TCHED202,,,,,,,,,
TCHED203,,,,,,,,,
TCHED251,,,,,,,,,
TCHED252,,,,,,,,,
TCHED253,,,,,,,,,
TCHED254,,,,,,,,,
TCHED255,,,,,,,,,
TCHED256,,,,,,,,,
TCHED258,,,,,,,,,
TCHED259,,,,,,,,,
TCHED265,,,,,,,,,
TCHED266,,,,,,,,,
TCHED300,,,,,,,,,
TCHED310,,,,,,,,,
TCHED311,,,,,,,,,
TCHED312,,,,,,,,,
TCHED314,,,,,,,,,
TCHED315,,,,,,,,,
TCHED316,TCHED397,,,,,,,,
TCHED317,TCHED316,,,,,,,,
TCHED318,,,,,,,,,
TCHED330,TCHED422,,,,,,,,
TCHED422,,,,,,,,,
TCHED333,,,,,,,,,
TCHED350,,,,,,,,,
TCHED351,,,,,,,,,
TCHED365,,,,,,,,,
TCHED366,,,,,,,,,
TCHED385,,,,,,,,,
TCHED396,,,,,,,,,
TCHED398,TCHED397,,,,,,,,
TCHED399,,,,,,,,,
TCHED400,,,,,,,,,
TCHED402,,,,,,,,,
TCHED403,,,,,,,,,
TCHED404,,,,,,,,,
TCHED405,,,,,,,,,
TCHED406,,,,,,,,,
TCHED407,,,,,,,,,
TCHED408WI,ENGLISH225,,,,,,,,
TCHED409,,,,,,,,,
TCHED410,,,,,,,,,
TCHED412,,,,,,,,,
TCHED413,,,,,,,,,
TCHED414,,,,,,,,,
TCHED416,TCHED415,,,,,,,,
TCHED417,,,,,,,,,
TCHED418,,,,,,,,,
TCHED419,,,,,,,,,
TCHED420,,,,,,,,,
TCHED423,TCHED422,,,,,,,,
TCHED424,TCHED423,,,,,,,,
TCHED425,,,,,,,,,
TCHED427,,,,,,,,,
TCHED429,TCHED413,TCHED479,,,,,,,
TCHED479,TCHED398,,,,,,,,
TCHED430,,,,,,,,,
TCHED431,,,,,,,,,
TCHED432,,,,,,,,,
TCHED433,,,,,,,,,
TCHED434,,,,,,,,,
TCHED435,,,,,,,,,
TCHED436,,,,,,,,,
TCHED437,,,,,,,,,
TCHED438,,,,,,,,,
TCHED440,,,,,,,,,
TCHED441,,,,,,,,,
TCHED442,,,,,,,,,
TCHED443,TCHED444,,,,,,,,
TCHED444,,,,,,,,,
TCHED445,,,,,,,,,
TCHED446,,,,,,,,,
TCHED447,,,,,,,,,
TCHED450,,,,,,,,,
TCHED451,,,,,,,,,
TCHED452,,,,,,,,,
TCHED453,TCHED452,,,,,,,,
TCHED454,,,,,,,,,
TCHED455,,,,,,,,,
TCHED457,,,,,,,,,
TCHED458,,,,,,,,,
TCHED459,,,,,,,,,
TCHED460,,,,,,,,,
TCHED461,TCHED424,,,,,,,,
TCHED462,,,,,,,,,
TCHED463,,,,,,,,,
TCHED464,,,,,,,,,
TCHED465,,,,,,,,,
TCHED466,TCHED465,,,,,,,,
TCHED470,,,,,,,,,
TCHED475,,,,,,,,,
TCHED478,,,,,,,,,
TCHED481,,,,,,,,,
TCHED482,,,,,,,,,
TCHED483,,,,,,,,,
TCHED484,,,,,,,,,
TCHED485,,,,,,,,,
TCHED487,,,,,,,,,
TCHED491,,,,,,,,,
TCHED492,,,,,,,,,
TCHED493,TCHED437,TCHED461,,,,,,,
TCHED494,TCHED437,TCHED461,,,,,,,
TCHED495,TCHED437,TCHED461,,,,,,,
TCHED496,TCHED437,TCHED461,,,,,,,
TCHED497,TCHED398,,,,,,,,
TCHED498,,,,,,,,,
TCHED499,,,,,,,,,
THEATRE101,,,,,,,,,
THEATRE110,,,,,,,,,
THEATRE113,,,,,,,,,
THEATRE113B,THEATRE180,,,,,,,,
THEATRE180,,,,,,,,,
THEATRE113C,THEATRE180,,,,,,,,
THEATRE121,,,,,,,,,
THEATRE130,,,,,,,,,
THEATRE200,,,,,,,,,
THEATRE210,,,,,,,,,
THEATRE295,,,,,,,,,
THEATRE295A,,,,,,,,,
THEATRE295B,,,,,,,,,
THEATRE298,,,,,,,,,
THEATRE298A,,,,,,,,,
THEATRE298B,,,,,,,,,
THEATRE315,,,,,,,,,
THEATRE317,,,,,,,,,
THEATRE325,THEATRE315,,,,,,,,
THEATRE329,,,,,,,,,
THEATRE329A,,,,,,,,,
THEATRE329B,,,,,,,,,
THEATRE329C,,,,,,,,,
THEATRE329D,,,,,,,,,
THEATRE333,,,,,,,,,
THEATRE340,,,,,,,,,
THEATRE350,,,,,,,,,
THEATRE351WI,ENGLISH225,THEATRE350,,,,,,,
THEATRE352,,,,,,,,,
THEATRE371,,,,,,,,,
THEATRE372,,,,,,,,,
THEATRE374,THEATRE210,,,,,,,,
THEATRE378,,,,,,,,,
THEATRE400,,,,,,,,,
THEATRE400A,,,,,,,,,
THEATRE400B,,,,,,,,,
THEATRE400C,,,,,,,,,
THEATRE400D,,,,,,,,,
THEATRE400E,,,,,,,,,
THEATRE400F,,,,,,,,,
THEATRE400G,,,,,,,,,
THEATRE400H,,,,,,,,,
THEATRE400I,,,,,,,,,
THEATRE400J,,,,,,,,,
THEATRE400L,,,,,,,,,
THEATRE400M,,,,,,,,,
THEATRE400N,,,,,,,,,
THEATRE400R,,,,,,,,,
THEATRE400S,,,,,,,,,
THEATRE400T,,,,,,,,,
THEATRE400V,,,,,,,,,
THEATRE400X,,,,,,,,,
THEATRE403,,,,,,,,,
THEATRE415,,,,,,,,,
THEATRE431,,,,,,,,,
THEATRE432,,,,,,,,,
THEATRE432A,,,,,,,,,
THEATRE432B,,,,,,,,,
THEATRE432C,,,,,,,,,
THEATRE432D,,,,,,,,,
THEATRE437,,,,,,,,,
THEATRE438,,,,,,,,,
THEATRE451,THEATRE350,,,,,,,,
THEATRE476,,,,,,,,,
THEATRE478,THEATRE378,,,,,,,,
THEATRE497,,,,,,,,,
THEATRE499,,,,,,,,,
TROMB100A,,,,,,,,,
TROMB100B,,,,,,,,,
TROMB100C,,,,,,,,,
TROMB101,,,,,,,,,
TROMB101J,,,,,,,,,
TROMB102,,,,,,,,,
TROMB102J,,,,,,,,,
TROMB201,,,,,,,,,
TROMB201J,,,,,,,,,
TROMB202,,,,,,,,,
TROMB202J,,,,,,,,,
TROMB300,,,,,,,,,
TROMB301,,,,,,,,,
TROMB301J,,,,,,,,,
TROMB302,,,,,,,,,
TROMB302J,,,,,,,,,
TROMB368,,,,,,,,,
TROMB401,,,,,,,,,
TROMB401J,,,,,,,,,
TROMB402,,,,,,,,,
TROMB402J,,,,,,,,,
TRUMPET100A,,,,,,,,,
TRUMPET100B,,,,,,,,,
TRUMPET100C,,,,,,,,,
TRUMPET101,,,,,,,,,
TRUMPET101J,,,,,,,,,
TRUMPET102,,,,,,,,,
TRUMPET102J,,,,,,,,,
TRUMPET201,,,,,,,,,
TRUMPET201J,,,,,,,,,
TRUMPET202,,,,,,,,,
TRUMPET202J,,,,,,,,,
TRUMPET300,,,,,,,,,
TRUMPET301,,,,,,,,,
TRUMPET301J,,,,,,,,,
TRUMPET302,,,,,,,,,
TRUMPET302J,,,,,,,,,
TRUMPET368,,,,,,,,,
TRUMPET368T,,,,,,,,,
TRUMPET401,,,,,,,,,
TRUMPET401J,,,,,,,,,
TRUMPET402,,,,,,,,,
TRUMPET402J,,,,,,,,,
TUBA100A,,,,,,,,,
TUBA100B,,,,,,,,,
TUBA100C,,,,,,,,,
TUBA101,,,,,,,,,
TUBA102,,,,,,,,,
TUBA201,,,,,,,,,
TUBA202,,,,,,,,,
TUBA300,,,,,,,,,
TUBA301,,,,,,,,,
TUBA302,,,,,,,,,
TUBA401,,,,,,,,,
TUBA402,,,,,,,,,
UNIV100,,,,,,,,,
UNIV102,,,,,,,,,
UNIV202,UNIV102,,,,,,,,
UNIV300,,,,,,,,,
UPD210,,,,,,,,,
UPD260,,,,,,,,,
UPD280,,,,,,,,,
UPD300,MATH110/MATH109,,,,,,,,
UPD310,ENVDSN202,UPD210,,,,,,,
UPD312,UPD310,,,,,,,,
UPD320,,,,,,,,,
UPD332CZ,,,,,,,,,
UPD340,,,,,,,,,
UPD400,UPD203,UPD403,,,,,,,
UPD403,,,,,,,,,
UPD410,UPD312,,,,,,,,
UPD411,,,,,,,,,
UPD412WI,ENGLISH225,UPD410,,,,,,,
UPD413,,,,,,,,,
UPD420,,,,,,,,,
UPD430,,,,,,,,,
UPD432,,,,,,,,,
UPD435,,,,,,,,,
UPD450,,,,,,,,,
UPD472,,,,,,,,,
UPD475,,,,,,,,,
UPD490,UPD203,,,,,,,,
UPD496,,,,,,,,,
UPD499,,,,,,,,,
UPD499C,,,,,,,,,
URBANST101,,,,,,,,,
URBANST346,,,,,,,,,
URBANST495,,,,,,,,,
URBANST499WI,ENGLISH225,,,,,,,,
VIOLA100A,,,,,,,,,
VIOLA100B,,,,,,,,,
VIOLA100C,,,,,,,,,
VIOLA101,,,,,,,,,
VIOLA102,,,,,,,,,
VIOLA201,,,,,,,,,
VIOLA202,,,,,,,,,
VIOLA300,,,,,,,,,
VIOLA301,,,,,,,,,
VIOLA302,,,,,,,,,
VIOLA401,,,,,,,,,
VIOLA402,,,,,,,,,
VIOLIN100A,,,,,,,,,
VIOLIN100B,,,,,,,,,
VIOLIN100C,,,,,,,,,
VIOLIN100D,,,,,,,,,
VIOLIN101,,,,,,,,,
VIOLIN102,,,,,,,,,
VIOLIN201,,,,,,,,,
VIOLIN202,,,,,,,,,
VIOLIN300,,,,,,,,,
VIOLIN301,,,,,,,,,
VIOLIN302,,,,,,,,,
VIOLIN401,,,,,,,,,
VIOLIN402,,,,,,,,,
VOICE100A,,,,,,,,,
VOICE100B,,,,,,,,,
VOICE100C,,,,,,,,,
VOICE101,,,,,,,,,
VOICE102,,,,,,,,,
VOICE201,VOICE102,VOICE300,,,,,,,
VOICE300,,,,,,,,,
VOICE202,VOICE201,VOICE300,,,,,,,
VOICE301,VOICE300,VOICE202,,,,,,,
VOICE302,VOICE300,VOICE301,,,,,,,
VOICE401,VOICE300,VOICE302,VOICE411,,,,,,
VOICE411,,,,,,,,,
VOICE402,VOICE300,VOICE401,VOICE411,,,,,,
COMPSCI101/COMPSCI101L,MATH120,MATH110/MATH109,,,,,,,
COMPSCI201L/COMPSCI201R,COMPSCI191,COMPSCI101/COMPSCI101L,,,,,,,
ECENGR428R/ECENGR429,ECENGR426,ECENGR427,,,,,,,
MATH110/MATH109,,,,,,,,,
ECENGR302/ECENGR303,ECENGR341R,ECENGR377/ECENGR376,,,,,,,
ECENGR377/ECENGR376,ECENGR276,ECENGR277,,,,,,,
ECENGR330/ECENGR331,ECENGR334,,,,,,,,
ECENGR380/ECENGR381,MATH345,ECENGR341R,,,,,,,
CHEM432/CHEM437WI,ENGLISH225,CHEM431,,,,,,,
BIOLOGY218/BIOLOGY218L,BIOLOGY102,BIOLOGY108,BIOLOGY109,,,,,,
CHEM320/CHEM320L,CHEM212R,CHEM212LR,,,,,,,
CHEM321/CHEM321L,CHEM212R,CHEM212LR,,,,,,,
CHEM322R/CHEM322L,CHEM321/CHEM321L,,,,,,,,
CHEM211/CHEM211L,,,,,,,,,
CHEM115/CHEM115L,,,,,,,,,
CONSVTY411C/CONSVTY385,CONSVTY242,CONSVTY382/CONSVTY387/CONSVTY411B/CONSVTY386/CONSVTY383,,,,,,,
CONSVTY382/CONSVTY387/CONSVTY411B/CONSVTY386/CONSVTY383,CONSVTY380,CONSVTY381,CONSVTY411A,,,,,,
ECENGR226/ECENGR227,,,,,,,,,
ECENGR228/ECENGR229,ECENGR226/ECENGR227,,,,,,,,
HLSC492/HLSC494,,,,,,,,,
MILSCI102/MILSCI116,,,,,,,,,
MILSCI112/MILSCI126,,,,,,,,,
MILSCI202/MILSCI216,MILSCI112/MILSCI126,,,,,,,,
MILSCI212/MILSCI226,MILSCI202/MILSCI216,,,,,,,,
MILSCI302/MILSCI316,MILSCI212/MILSCI226,,,,,,,,
MILSCI312/MILSCI326,MILSCI302/MILSCI316,,,,,,,,
MILSCI402/MILSCI416,MILSCI312/MILSCI326,,,,,,,,
MILSCI412/MILSCI426,MILSCI402/MILSCI416,,,,,,,,
PHYSICS140/PHYSICS140L,,,,,,,,,
TCHED456/TCHED486,,,,,,,,,
