ACCT200,,,,,,,,,,,,,,,
ACCT210,ACCT200,MS251,,,,,,,,,,,,,
MS251,MATH150,ECON111,ECON112,MS250,,,,,,,,,,,
ACCT301,ACCT200,,,,,,,,,,,,,,
ACCT302,ACCT301,,,,,,,,,,,,,,
ACCT303,ACCT302,,,,,,,,,,,,,,
ACCT311,ACCT200,MS251,,,,,,,,,,,,,
ACCT312,ACCT210,ACCT311,,,,,,,,,,,,,
ACCT315,ACCT200,,,,,,,,,,,,,,
ACCT321,ACCT200,,,,,,,,,,,,,,
ACCT340,ACCT200,,,,,,,,,,,,,,
ACCT396,ACCT301,,,,,,,,,,,,,,
ACCT401,ACCT302,,,,,,,,,,,,,,
ACCT421,ACCT321,,,,,,,,,,,,,,
ACCT431,ACCT302,ACCT315,,,,,,,,,,,,,
ACCT441,ACCT315,,,,,,,,,,,,,,
ACCT490,,,,,,,,,,,,,,,
AS101,,,,,,,,,,,,,,,
AS102,,,,,,,,,,,,,,,
AS201,,,,,,,,,,,,,,,
AS202,,,,,,,,,,,,,,,
AS301,,,,,,,,,,,,,,,
AS302,,,,,,,,,,,,,,,
AS401,,,,,,,,,,,,,,,
AS402,,,,,,,,,,,,,,,
ANTH111A,,,,,,,,,,,,,,,
ANTH111B,,,,,,,,,,,,,,,
ANTH170A,,,,,,,,,,,,,,,
ANTH170B,,,,,,,,,,,,,,,
ANTH202,,,,,,,,,,,,,,,
ANTH204,,,,,,,,,,,,,,,
ANTH205,,,,,,,,,,,,,,,
ANTH206,,,,,,,,,,,,,,,
ANTH270A,,,,,,,,,,,,,,,
ANTH270B,,,,,,,,,,,,,,,
ANTH300,ANTH111B,,,,,,,,,,,,,,
ANTH301,ANTH111B,,,,,,,,,,,,,,
ANTH305,,,,,,,,,,,,,,,
ANTH308,,,,,,,,,,,,,,,
ANTH312,,,,,,,,,,,,,,,
ANTH314,,,,,,,,,,,,,,,
ANTH316,,,,,,,,,,,,,,,
ANTH325,ANTH111A,,,,,,,,,,,,,,
ANTH332,,,,,,,,,,,,,,,
ANTH333,,,,,,,,,,,,,,,
ANTH334,,,,,,,,,,,,,,,
ANTH335,,,,,,,,,,,,,,,
ANTH336,,,,,,,,,,,,,,,
ANTH340,,,,,,,,,,,,,,,
ANTH350,,,,,,,,,,,,,,,
ANTH352,,,,,,,,,,,,,,,
ANTH359,,,,,,,,,,,,,,,
ANTH366,,,,,,,,,,,,,,,
ANTH367,,,,,,,,,,,,,,,
ANTH368,ANTH111A,,,,,,,,,,,,,,
ANTH369,,,,,,,,,,,,,,,
ANTH370A,,,,,,,,,,,,,,,
ANTH370B,,,,,,,,,,,,,,,
ANTH404,,,,,,,,,,,,,,,
ANTH405,,,,,,,,,,,,,,,
ANTH408,ANTH111B,,,,,,,,,,,,,,
ANTH420,ANTH111A,ANTH111B,,,,,,,,,,,,,
ANTH430,ANTH111A,ANTH360A/ANTH360B,,,,,,,,,,,,,
ANTH432,,,,,,,,,,,,,,,
ANTH435,,,,,,,,,,,,,,,
ANTH436,,,,,,,,,,,,,,,
ANTH438,,,,,,,,,,,,,,,
ANTH467,ANTH360A/ANTH360B,,,,,,,,,,,,,,
ANTH468,ANTH360A/ANTH360B,,,,,,,,,,,,,,
ANTH469,ANTH369,,,,,,,,,,,,,,
ANTH470A,ANTH111A,,,,,,,,,,,,,,
ANTH470B,ANTH111B,,,,,,,,,,,,,,
ANTH473,ANTH111B,,,,,,,,,,,,,,
ANTH474,ANTH111A,,,,,,,,,,,,,,
ANTH475,ANTH111A,,,,,,,,,,,,,,
ANTH476,ANTH475,,,,,,,,,,,,,,
ANTH483,,,,,,,,,,,,,,,
ANTH487,,,,,,,,,,,,,,,
ANTH488,,,,,,,,,,,,,,,
ANTH489,,,,,,,,,,,,,,,
ACS101,,,,,,,,,,,,,,,
ACS103,,,,,,,,,,,,,,,
ACS200,ACS101,,,,,,,,,,,,,,
ACS201,,,,,,,,,,,,,,,
ACS203,,,,,,,,,,,,,,,
ACS204,,,,,,,,,,,,,,,
ACS210,,,,,,,,,,,,,,,
ACS213,,,,,,,,,,,,,,,
ACS261,ACS101,ACS204,,,,,,,,,,,,,
ACS270,,,,,,,,,,,,,,,
ACS300,,,,,,,,,,,,,,,
ACS303,ACS203,,,,,,,,,,,,,,
ACS304,,,,,,,,,,,,,,,
ACS305,,,,,,,,,,,,,,,
ACS309,,,,,,,,,,,,,,,
ACS311,,,,,,,,,,,,,,,
ACS312,ACS213,,,,,,,,,,,,,,
ACS323,ACS103,,,,,,,,,,,,,,
ACS329,,,,,,,,,,,,,,,
ACS330,,,,,,,,,,,,,,,
ACS331,,,,,,,,,,,,,,,
ACS370,,,,,,,,,,,,,,,
ACS403,ACS203,,,,,,,,,,,,,,
ACS409,ACS200,ACS329,ACS330,ACS403,,,,,,,,,,,
ACS411,,,,,,,,,,,,,,,
ACS413,ACS203,ACS213,,,,,,,,,,,,,
ACS414,ACS200,ACS213,ACS312,ACS329,ACS330,ACS413,ACS313/ACS315,,,,,,,,
ACS415,ACS414,,,,,,,,,,,,,,
ACS416,,,,,,,,,,,,,,,
ACS419,,,,,,,,,,,,,,,
ACS421,ACS103,,,,,,,,,,,,,,
ACS422,ACS103,,,,,,,,,,,,,,
ACS423,,,,,,,,,,,,,,,
ACS424,ACS200,ACS201,ACS323,ACS329,ACS330,ACS421,ACS422,ACS434,,,,,,,
ACS434,,,,,,,,,,,,,,,
ACS425,,,,,,,,,,,,,,,
ACS426,,,,,,,,,,,,,,,
ACS430,,,,,,,,,,,,,,,
ACS431,,,,,,,,,,,,,,,
ACS432,,,,,,,,,,,,,,,
ACS433,,,,,,,,,,,,,,,
ACS461,ACS101,ACS200,ACS201,ACS204,ACS210,ACS304,ACS305,ACS311,ACS331,ACS421,ACS434,ACS426,ACS430,ACS433,
ACS491,,,,,,,,,,,,,,,
ARA101,,,,,,,,,,,,,,,
ARA102,,,,,,,,,,,,,,,
ARA201,ARA102,,,,,,,,,,,,,,
ARA202,ARA201,,,,,,,,,,,,,,
ART111,,,,,,,,,,,,,,,
ART112A,,,,,,,,,,,,,,,
ART112B,,,,,,,,,,,,,,,
ART112D,,,,,,,,,,,,,,,
ART112E,,,,,,,,,,,,,,,
ART202A,,,,,,,,,,,,,,,
ART202B,ART112A,ART112B,,,,,,,,,,,,,
ART202C,,,,,,,,,,,,,,,
ART202D,ART112D,,,,,,,,,,,,,,
ART202E,ART112A,ART112D,,,,,,,,,,,,,
ART202F,,,,,,,,,,,,,,,
ART202G,,,,,,,,,,,,,,,
ART202H,,,,,,,,,,,,,,,
ART202I,,,,,,,,,,,,,,,
ART225A,,,,,,,,,,,,,,,
ART225B,,,,,,,,,,,,,,,
ART289,,,,,,,,,,,,,,,
ART300A,,,,,,,,,,,,,,,
ART300B,ART289,ART364,,,,,,,,,,,,,
ART364,ART289,,,,,,,,,,,,,,
ART302A,ART112D,ART202H,,,,,,,,,,,,,
ART302B,ART112B,ART112D,ART202H,,,,,,,,,,,,
ART305,ART202C,,,,,,,,,,,,,,
ART310A,ART202D,,,,,,,,,,,,,,
ART310B,ART202D,ART202E,,,,,,,,,,,,,
ART310C,ART202D,,,,,,,,,,,,,,
ART311,ART202I,,,,,,,,,,,,,,
ART312,ART202I,,,,,,,,,,,,,,
ART325,,,,,,,,,,,,,,,
ART331A,ART202E,,,,,,,,,,,,,,
ART331B,ART202E,,,,,,,,,,,,,,
ART358,ART202B,,,,,,,,,,,,,,
ART359,ART202B,,,,,,,,,,,,,,
ART360,ART202B,,,,,,,,,,,,,,
ART365,ART289,ART364,,,,,,,,,,,,,
ART384A,ART202F,,,,,,,,,,,,,,
ART384B,ART202F,,,,,,,,,,,,,,
ART384C,ART202F,,,,,,,,,,,,,,
ART386A,ART202G,,,,,,,,,,,,,,
ART386B,ART202G,,,,,,,,,,,,,,
ART386C,ART202G,,,,,,,,,,,,,,
ART393A,ART202A,,,,,,,,,,,,,,
ART393B,ART202A,,,,,,,,,,,,,,
ART393C,ART202A,,,,,,,,,,,,,,
ART401,ART310A,ART310B,,,,,,,,,,,,,
ART402,ART393A,ART393B,ART393C,,,,,,,,,,,,
ART405,,,,,,,,,,,,,,,
ART408A,ART300A,,,,,,,,,,,,,,
ART408B,ART300A,,,,,,,,,,,,,,
ART408C,ART300A,,,,,,,,,,,,,,
ART410,ART358,ART359,ART360,,,,,,,,,,,,
ART412,ART311,ART312,,,,,,,,,,,,,
ART413,ART302A,ART312,,,,,,,,,,,,,
ART414,ART225A,ART225B,ART311,ART312,,,,,,,,,,,
ART415,ART311,ART312,,,,,,,,,,,,,
ART416,,,,,,,,,,,,,,,
ART420,ART305,,,,,,,,,,,,,,
ART422,ART302A,ART302B,,,,,,,,,,,,,
ART423,ART302A,ART302B,,,,,,,,,,,,,
ART424,,,,,,,,,,,,,,,
ART426,ART311,ART312,ART415,ART440,,,,,,,,,,,
ART440,ART311,ART312,,,,,,,,,,,,,
ART430,ART325,,,,,,,,,,,,,,
ART441,,,,,,,,,,,,,,,
ART447A,,,,,,,,,,,,,,,
ART447B,ART225A,,,,,,,,,,,,,,
ART448,ART225A,,,,,,,,,,,,,,
ART449,,,,,,,,,,,,,,,
ART450,,,,,,,,,,,,,,,
ART451,ART225A,ART225B,,,,,,,,,,,,,
ART452,,,,,,,,,,,,,,,
ART453,,,,,,,,,,,,,,,
ART454,ART453,,,,,,,,,,,,,,
ART455,ART453,,,,,,,,,,,,,,
ART467,,,,,,,,,,,,,,,
ART468A,,,,,,,,,,,,,,,
ART468B,ART225A,ART225B,,,,,,,,,,,,,
ART469A,,,,,,,,,,,,,,,
ART469B,,,,,,,,,,,,,,,
ART470,,,,,,,,,,,,,,,
ART471,,,,,,,,,,,,,,,
ART472,,,,,,,,,,,,,,,
ART473,,,,,,,,,,,,,,,
ART474,,,,,,,,,,,,,,,
ART475,,,,,,,,,,,,,,,
ART476,,,,,,,,,,,,,,,
ART480,,,,,,,,,,,,,,,
ART481,,,,,,,,,,,,,,,
ART482,,,,,,,,,,,,,,,
ART483,,,,,,,,,,,,,,,
ART484,ART384A,ART384B,ART384C,,,,,,,,,,,,
ART485,,,,,,,,,,,,,,,
ART486,ART386A,ART386B,ART386C,,,,,,,,,,,,
ART487,,,,,,,,,,,,,,,
ART490,,,,,,,,,,,,,,,
ART498,,,,,,,,,,,,,,,
ART499,,,,,,,,,,,,,,,
BIOL111,,,,,,,,,,,,,,,
BIOL140,,,,,,,,,,,,,,,
BIOL145,,,,,,,,,,,,,,,
BIOL150,CHEM121A,,,,,,,,,,,,,,
CHEM121A,CHEM113,MATH120,MATH150,MATH125,MATH145,,,,,,,,,,
BIOL151,BIOL150,CHEM121A,CHEM125A,,,,,,,,,,,,
CHEM125A,CHEM121A,,,,,,,,,,,,,,
BIOL190,,,,,,,,,,,,,,,
BIOL205,BIOL111,BIOL140,BIOL150,BIOL151,,,,,,,,,,,
BIOL220,BIOL150,BIOL151,CHEM121B,CHEM125B,CHEM241A,,,,,,,,,,
CHEM121B,CHEM121A,,,,,,,,,,,,,,
CHEM125B,CHEM121B,,,,,,,,,,,,,,
CHEM241A,CHEM121B,,,,,,,,,,,,,,
BIOL240A,BIOL140,BIOL150,CHEM121A,BIOL151,CHEM120A/CHEM124A,,,,,,,,,,
BIOL240B,BIOL240A,,,,,,,,,,,,,,
BIOL250,BIOL111,BIOL140,BIOL150,CHEM121A,CHEM241A,CHEM120A/CHEM124A,,,,,,,,,
BIOL251,BIOL111,BIOL140,BIOL150,CHEM121A,CHEM120A/CHEM124A,,,,,,,,,,
BIOL319,BIOL150,BIOL151,BIOL220,CHEM241A,,,,,,,,,,,
BIOL321,BIOL150,BIOL151,,,,,,,,,,,,,
BIOL327,BIOL150,BIOL151,BIOL220,,,,,,,,,,,,
BIOL330,BIOL111,BIOL150,BIOL151,BIOL220,ENSC220,,,,,,,,,,
ENSC220,,,,,,,,,,,,,,,
BIOL335,BIOL220,,,,,,,,,,,,,,
BIOL337,BIOL220,,,,,,,,,,,,,,
BIOL340,BIOL319,PHYS132/PHYS132L,,,,,,,,,,,,,
BIOL350,BIOL150,BIOL151,BIOL220,CHEM121B,,,,,,,,,,,
BIOL365,BIOL150,BIOL151,,,,,,,,,,,,,
BIOL371,BIOL151,,,,,,,,,,,,,,
BIOL395,,,,,,,,,,,,,,,
BIOL416,BIOL220,,,,,,,,,,,,,,
BIOL417,BIOL220,,,,,,,,,,,,,,
BIOL418A,BIOL220,BIOL319,,,,,,,,,,,,,
BIOL418B,BIOL418A,,,,,,,,,,,,,,
BIOL420,BIOL319,,,,,,,,,,,,,,
BIOL421,BIOL220,,,,,,,,,,,,,,
BIOL422A,BIOL220,BIOL327,,,,,,,,,,,,,
BIOL422B,BIOL220,BIOL327,BIOL422A,,,,,,,,,,,,
BIOL423,BIOL220,,,,,,,,,,,,,,
BIOL424,BIOL220,,,,,,,,,,,,,,
BIOL425,BIOL220,BIOL319,,,,,,,,,,,,,
BIOL427,BIOL220,,,,,,,,,,,,,,
BIOL428,BIOL220,,,,,,,,,,,,,,
BIOL431,BIOL319,,,,,,,,,,,,,,
BIOL432,BIOL319,,,,,,,,,,,,,,
BIOL434/ENSC434,BIOL319,ENSC220,BIOL365,ENSC431/CHEM471,ENSC330,,,,,,,,,,
ENSC431/CHEM471,BIOL150,CHEM121A,BIOL151,CHEM121B,CHEM120B,CHEM120A/CHEM124A,,,,,,,,,
ENSC330,BIOL111,BIOL150,BIOL151,BIOL220,ENSC220,,,,,,,,,,
BIOL435,BIOL365,ENSC431/CHEM471,,,,,,,,,,,,,
BIOL436,BIOL319,ENSC431/CHEM471,CHEM451A,,,,,,,,,,,,
CHEM451A,CHEM241B,CHEM300,,,,,,,,,,,,,
BIOL440,BIOL220,,,,,,,,,,,,,,
BIOL441,BIOL340,,,,,,,,,,,,,,
BIOL444A,BIOL319,,,,,,,,,,,,,,
BIOL444B,BIOL444A,,,,,,,,,,,,,,
BIOL451,BIOL350,,,,,,,,,,,,,,
BIOL452,BIOL220,BIOL319,,,,,,,,,,,,,
BIOL455A,BIOL319,BIOL350,,,,,,,,,,,,,
BIOL455B,BIOL319,BIOL350,BIOL455A,,,,,,,,,,,,
BIOL457,BIOL220,,,,,,,,,,,,,,
BIOL460,BIOL365,,,,,,,,,,,,,,
BIOL461,BIOL220,,,,,,,,,,,,,,
BIOL462,BIOL365,,,,,,,,,,,,,,
BIOL463,BIOL365,,,,,,,,,,,,,,
BIOL464/ENSC450,BIOL365,,,,,,,,,,,,,,
BIOL465,BIOL151,CHEM121B,,,,,,,,,,,,,
BIOL466,BIOL220,,,,,,,,,,,,,,
BIOL467,BIOL220,BIOL340,BIOL365,,,,,,,,,,,,
BIOL467L,BIOL467,,,,,,,,,,,,,,
BIOL468,BIOL220,BIOL365,,,,,,,,,,,,,
BIOL469,BIOL220,BIOL365,,,,,,,,,,,,,
BIOL470,BIOL220,,,,,,,,,,,,,,
BIOL471,BIOL220,,,,,,,,,,,,,,
BIOL472,BIOL220,,,,,,,,,,,,,,
BIOL473,BIOL220,,,,,,,,,,,,,,
BIOL474,BIOL220,,,,,,,,,,,,,,
BIOL475,BIOL319,,,,,,,,,,,,,,
BIOL480,BIOL220,,,,,,,,,,,,,,
BIOL483,BIOL220,,,,,,,,,,,,,,
BIOL485,BIOL220,,,,,,,,,,,,,,
BIOL486,BIOL220,,,,,,,,,,,,,,
BIOL487,BIOL220,,,,,,,,,,,,,,
BIOL488,BIOL220,,,,,,,,,,,,,,
BIOL489,BIOL220,,,,,,,,,,,,,,
BIOL490,,,,,,,,,,,,,,,
BIOL491,,,,,,,,,,,,,,,
BIOL492,BIOL150,BIOL151,BIOL220,,,,,,,,,,,,
BIOL492M,BIOL150,BIOL151,BIOL220,BIOL492,,,,,,,,,,,
BIOL493,,,,,,,,,,,,,,,
BIOL494,,,,,,,,,,,,,,,
BIOL495A,,,,,,,,,,,,,,,
BIOL495B,,,,,,,,,,,,,,,
BIOL495C,,,,,,,,,,,,,,,
BIOL495D,,,,,,,,,,,,,,,
BIOL495E,,,,,,,,,,,,,,,
BIOL495F,,,,,,,,,,,,,,,
BIOL496,,,,,,,,,,,,,,,
BIOL497,BIOL150,BIOL151,BIOL220,BIOL492,,,,,,,,,,,
BIOL498,,,,,,,,,,,,,,,
CHEM113,,,,,,,,,,,,,,,
CHEM120B,CHEM120A/CHEM124A,,,,,,,,,,,,,,
MATH120,,,,,,,,,,,,,,,
MATH150,MATH125,,,,,,,,,,,,,,
MATH125,MATH120,,,,,,,,,,,,,,
MATH145,MATH125,,,,,,,,,,,,,,
CHEM124B,CHEM120B,CHEM120A/CHEM124A,,,,,,,,,,,,,
CHEM131,CHEM113,MATH120,MATH150,MATH125,MATH145,,,,,,,,,,
CHEM135,CHEM131,,,,,,,,,,,,,,
CHEM196,CHEM121A,CHEM121B,,,,,,,,,,,,,
CHEM241B,CHEM241A,,,,,,,,,,,,,,
CHEM245,CHEM241A,CHEM241B,,,,,,,,,,,,,
CHEM296,CHEM121B,CHEM125B,,,,,,,,,,,,,
CHEM300,CHEM241A,,,,,,,,,,,,,,
CHEM345,CHEM241B,CHEM245,,,,,,,,,,,,,
CHEM351,CHEM241B,,,,,,,,,,,,,,
CHEM352,CHEM351,,,,,,,,,,,,,,
CHEM361A,CHEM121B,CHEM300,MATH152,PHYS152,PHYS132/PHYS132L,,,,,,,,,,
MATH152,MATH150,,,,,,,,,,,,,,
PHYS152,MATH152,PHYS152L,PHYS141/PHYS151L/PHYS151,,,,,,,,,,,,
CHEM361B,CHEM361A,,,,,,,,,,,,,,
CHEM365A,CHEM361A,,,,,,,,,,,,,,
CHEM365B,CHEM361B,,,,,,,,,,,,,,
CHEM396,,,,,,,,,,,,,,,
CHEM410,CHEM451A,,,,,,,,,,,,,,
CHEM411,CHEM361A,,,,,,,,,,,,,,
CHEM415,CHEM411,,,,,,,,,,,,,,
CHEM419,CHEM361A,,,,,,,,,,,,,,
CHEM431,CHEM361A,CHEM461A,CHEM335/CHEM331,,,,,,,,,,,,
CHEM461A,MATH150,MATH145,PHYS152,CHEM451B,PHYS132/PHYS132L,,,,,,,,,,
CHEM432,CHEM361A,CHEM335/CHEM331,,,,,,,,,,,,,
CHEM435,CHEM431,,,,,,,,,,,,,,
CHEM439,CHEM361A,CHEM335/CHEM331,,,,,,,,,,,,,
CHEM444,CHEM241B,,,,,,,,,,,,,,
CHEM445,CHEM241B,,,,,,,,,,,,,,
CHEM446,CHEM241B,CHEM361B,,,,,,,,,,,,,
CHEM449,CHEM241B,CHEM361A,,,,,,,,,,,,,
CHEM451B,CHEM451A,,,,,,,,,,,,,,
CHEM451C,CHEM451B,,,,,,,,,,,,,,
CHEM455,CHEM241B,CHEM451B,,,,,,,,,,,,,
CHEM459,CHEM361A,,,,,,,,,,,,,,
CHEM461B,CHEM461A,,,,,,,,,,,,,,
CHEM465,CHEM461A,,,,,,,,,,,,,,
CHEM469,CHEM361B,,,,,,,,,,,,,,
CHEM479,CHEM241B,,,,,,,,,,,,,,
CHEM480,,,,,,,,,,,,,,,
CHEM481,CHEM480,,,,,,,,,,,,,,
CHEM482,CHEM480,CHEM481,,,,,,,,,,,,,
CHEM483,CHEM482,,,,,,,,,,,,,,
CHEM494,,,,,,,,,,,,,,,
CHEM496,,,,,,,,,,,,,,,
CHEM499,CHEM300,,,,,,,,,,,,,,
CHIN101,,,,,,,,,,,,,,,
CHIN102,CHIN101,,,,,,,,,,,,,,
CHIN201,CHIN102,,,,,,,,,,,,,,
CHIN202,CHIN201,,,,,,,,,,,,,,
CHIN301,CHIN202,,,,,,,,,,,,,,
CHIN302,CHIN301,,,,,,,,,,,,,,
CE198,,,,,,,,,,,,,,,
CE199,,,,,,,,,,,,,,,
CE204,,,,,,,,,,,,,,,
CE206,CE204,,,,,,,,,,,,,,
CE240,PHYS141/PHYS151L/PHYS151,,,,,,,,,,,,,,
CE242,CE240,,,,,,,,,,,,,,
CE298,CE198,,,,,,,,,,,,,,
CE299,,,,,,,,,,,,,,,
CE315/ME315,CE242,,,,,,,,,,,,,,
CE342,CE242,,,,,,,,,,,,,,
CE343,CE342,CE330/CE330L,,,,,,,,,,,,,
CE376,CE206,ME262,,,,,,,,,,,,,
ME262,CE240,,,,,,,,,,,,,,
CE380,,,,,,,,,,,,,,,
CE398,CE298,,,,,,,,,,,,,,
CE399,,,,,,,,,,,,,,,
CE415L,CE315/ME315,,,,,,,,,,,,,,
CE416,CE315/ME315,STAT380,CE354/CE354L,,,,,,,,,,,,
STAT380,MATH152,,,,,,,,,,,,,,
CE435,CE343,CE354/CE354L,CE330/CE330L,,,,,,,,,,,,
CE441,CE343,,,,,,,,,,,,,,
CE443,CE343,,,,,,,,,,,,,,
CE445,CE343,,,,,,,,,,,,,,
CE446,CE343,CE445,,,,,,,,,,,,,
CE449,CE342,CE343,,,,,,,,,,,,,
CE455,CE354/CE354L,,,,,,,,,,,,,,
CE457,CE354/CE354L,,,,,,,,,,,,,,
CE458,CE354/CE354L,,,,,,,,,,,,,,
CE459,CE354/CE354L,,,,,,,,,,,,,,
CE460,CE315/ME315,CE376,,,,,,,,,,,,,
CE474,CE376,,,,,,,,,,,,,,
CE475,CE376,,,,,,,,,,,,,,
CE476,CE376,,,,,,,,,,,,,,
CE480,CE380,,,,,,,,,,,,,,
CE482,CE416,,,,,,,,,,,,,,
CE486,CE380,,,,,,,,,,,,,,
CE487,CE380,,,,,,,,,,,,,,
CE488,CE380,,,,,,,,,,,,,,
CE491,,,,,,,,,,,,,,,
CE492,,,,,,,,,,,,,,,
CE493,CE343,CE376,CE380,CE460,CE354/CE354L,,,,,,,,,,
CE497,,,,,,,,,,,,,,,
CODE122,CODE120/CODE121,,,,,,,,,,,,,,
CODE123,CODE122,CODE120/CODE121,,,,,,,,,,,,,
CODE220,CODE122,CODE123,CODE120/CODE121,,,,,,,,,,,,
CODE221,CODE122,CODE123,CODE220,CODE120/CODE121,,,,,,,,,,,
CODE320,CODE122,CODE123,CODE220,CODE221,CODE120/CODE121,,,,,,,,,,
CODE420,CODE122,CODE123,CODE220,CODE221,CODE320,CODE120/CODE121,,,,,,,,,
CMIS108,,,,,,,,,,,,,,,
CMIS130,,,,,,,,,,,,,,,
CMIS232,CMIS130,,,,,,,,,,,,,,
CMIS234,CMIS130,,,,,,,,,,,,,,
CMIS270,CMIS108,CS108,CS145,,,,,,,,,,,,
CS108,,,,,,,,,,,,,,,
CS145,MATH150,,,,,,,,,,,,,,
CMIS300,CMIS130,,,,,,,,,,,,,,
CMIS310,CMIS130,CMIS270,,,,,,,,,,,,,
CMIS342,ACCT200,CMIS108,,,,,,,,,,,,,
CMIS350,CMIS130,CMIS270,CS145,,,,,,,,,,,,
CMIS351,CMIS130,,,,,,,,,,,,,,
CMIS352,MS251,,,,,,,,,,,,,,
CMIS422,CMIS310,,,,,,,,,,,,,,
CMIS424,CMIS310,,,,,,,,,,,,,,
CMIS426,CMIS310,,,,,,,,,,,,,,
CMIS427,MS251,CMIS130,,,,,,,,,,,,,
CMIS435,CMIS232,CMIS234,,,,,,,,,,,,,
CMIS451,MS251,,,,,,,,,,,,,,
CMIS455,CMIS350,,,,,,,,,,,,,,
CMIS462,CMIS310,,,,,,,,,,,,,,
CMIS468,CMIS310,,,,,,,,,,,,,,
CMIS470,CMIS232,CMIS234,CMIS310,CMIS342,CMIS350,CMIS422,MGMT331,MGMT330,SCM315,MKTG300,,,,,
MGMT331,,,,,,,,,,,,,,,
MGMT330,,,,,,,,,,,,,,,
SCM315,MS251,,,,,,,,,,,,,,
MKTG300,,,,,,,,,,,,,,,
CMIS488,,,,,,,,,,,,,,,
CMIS490,,,,,,,,,,,,,,,
CMIS495,,,,,,,,,,,,,,,
CS111,,,,,,,,,,,,,,,
CS140,MATH120,MATH150,MATH125,MATH145,,,,,,,,,,,
CS150,CS145,CS140,,,,,,,,,,,,,
CS198,,,,,,,,,,,,,,,
CS199,,,,,,,,,,,,,,,
CS234,CS111,CS150,,,,,,,,,,,,,
CS240,CS150,,,,,,,,,,,,,,
CS286,CS150,,,,,,,,,,,,,,
CS298,,,,,,,,,,,,,,,
CS299,,,,,,,,,,,,,,,
CS314,CS286,,,,,,,,,,,,,,
CS321,STAT380,CS234,STAT244,,,,,,,,,,,,
STAT244,MATH120,MATH150,MATH125,MATH145,,,,,,,,,,,
CS325,CS150,CS234,,,,,,,,,,,,,
CS330,CS286,,,,,,,,,,,,,,
CS340,MATH150,CS150,MATH224,,,,,,,,,,,,
MATH224,CS140,,,,,,,,,,,,,,
CS360,,,,,,,,,,,,,,,
CS382,MATH152,CS286,,,,,,,,,,,,,
CS390,,,,,,,,,,,,,,,
CS398,,,,,,,,,,,,,,,
CS399,,,,,,,,,,,,,,,
CS423,CS330,,,,,,,,,,,,,,
CS425,CS314,CS325,CS340,CS360,,,,,,,,,,,
CS434,CS150,CS234,,,,,,,,,,,,,
CS438,CS340,,,,,,,,,,,,,,
CS447,CS286,CS314,CS340,,,,,,,,,,,,
CS454,CS330,MATH224,,,,,,,,,,,,,
CS456,CS340,,,,,,,,,,,,,,
CS463,MATH224,CS447,,,,,,,,,,,,,
CS476,CS340,,,,,,,,,,,,,,
CS482,MATH152,CS150,CS286,,,,,,,,,,,,
CS490,,,,,,,,,,,,,,,
CS495,,,,,,,,,,,,,,,
CS499,CS425,,,,,,,,,,,,,,
CNST111,CHEM121A,MATH150,CNST120,CHEM120A/CHEM124A,,,,,,,,,,,
CNST120,,,,,,,,,,,,,,,
CNST153,,,,,,,,,,,,,,,
CNST199,,,,,,,,,,,,,,,
CNST210,MATH125,CHEM120A/CHEM124A,,,,,,,,,,,,,
CNST211,CHEM121A,MATH125,CHEM131,CNST120,CHEM120A/CHEM124A,,,,,,,,,,
CNST231,CNST120,,,,,,,,,,,,,,
CNST241,MATH150,PHYS131/PHYS131L,,,,,,,,,,,,,
CNST261,CNST153,CNST231,,,,,,,,,,,,,
CNST271,CNST153,,,,,,,,,,,,,,
CNST299,,,,,,,,,,,,,,,
CNST303,CNST153,CNST231,,,,,,,,,,,,,
CNST321,PHYS131/PHYS131L,,,,,,,,,,,,,,
CNST332,CNST210,PHYS131/PHYS131L,,,,,,,,,,,,,
CNST341,CNST211,,,,,,,,,,,,,,
CNST351,CNST210,CNST241,,,,,,,,,,,,,
CNST353,,,,,,,,,,,,,,,
CNST361,CNST261,CNST303,,,,,,,,,,,,,
CNST371,,,,,,,,,,,,,,,
CNST399,,,,,,,,,,,,,,,
CNST403,CNST341,CNST353,,,,,,,,,,,,,
CNST411,CNST231,CNST341,,,,,,,,,,,,,
CNST415,CNST341,,,,,,,,,,,,,,
CNST422,,,,,,,,,,,,,,,
CNST425,CNST111,CNST211,,,,,,,,,,,,,
CNST432,CNST261,CNST303,CNST341,,,,,,,,,,,,
CNST442,,,,,,,,,,,,,,,
CNST452,CNST361,CNST371,CNST403,FIN320,CNST451/CNST451L,,,,,,,,,,
FIN320,ACCT200,MS251,,,,,,,,,,,,,
CNST461,STAT244,,,,,,,,,,,,,,
CNST463,,,,,,,,,,,,,,,
CNST464,CNST231,CNST341,,,,,,,,,,,,,
CNST470,CNST341,,,,,,,,,,,,,,
CNST481,CNST271,,,,,,,,,,,,,,
CNST483,CNST481,,,,,,,,,,,,,,
CNST485,CNST361,,,,,,,,,,,,,,
CNST495,CNST231,CNST341,,,,,,,,,,,,,
CJ111,,,,,,,,,,,,,,,
CJ202,CJ111,,,,,,,,,,,,,,
CJ205,,,,,,,,,,,,,,,
CJ206,CJ111,,,,,,,,,,,,,,
CJ207,CJ111,,,,,,,,,,,,,,
CJ208,CJ111,,,,,,,,,,,,,,
CJ273,CJ111,,,,,,,,,,,,,,
CJ302,CJ111,,,,,,,,,,,,,,
CJ303,CJ302,,,,,,,,,,,,,,
CJ308,CJ208,,,,,,,,,,,,,,
CJ311,,,,,,,,,,,,,,,
POLS392/PHIL348/CJ348,,,,,,,,,,,,,,,
CJ357,,,,,,,,,,,,,,,
CJ364,,,,,,,,,,,,,,,
CJ365,,,,,,,,,,,,,,,
CJ366,,,,,,,,,,,,,,,
CJ367,,,,,,,,,,,,,,,
CJ368,CJ273,SOC272/CJ272,,,,,,,,,,,,,
SOC272/CJ272,,,,,,,,,,,,,,,
CJ380,,,,,,,,,,,,,,,
CJ390,,,,,,,,,,,,,,,
CJ396,,,,,,,,,,,,,,,
CJ398,,,,,,,,,,,,,,,
CJ401,,,,,,,,,,,,,,,
CJ408,,,,,,,,,,,,,,,
CJ410,,,,,,,,,,,,,,,
CJ420,,,,,,,,,,,,,,,
CJ450,CJ273,,,,,,,,,,,,,,
CJ454,,,,,,,,,,,,,,,
CJ464,,,,,,,,,,,,,,,
CJ465,CJ273,,,,,,,,,,,,,,
CJ475,,,,,,,,,,,,,,,
CJ488,CJ111,CJ202,CJ206,CJ208,CJ273,CJ302,CJ366,,,,,,,,
CJ490,,,,,,,,,,,,,,,
CIED100,,,,,,,,,,,,,,,
CIED310,,,,,,,,,,,,,,,
CIED311,,,,,,,,,,,,,,,
CIED314,CIED310,,,,,,,,,,,,,,
CIED315,CIED310,CIED311,,,,,,,,,,,,,
CIED316,,,,,,,,,,,,,,,
CIED317,,,,,,,,,,,,,,,
CIED318,,,,,,,,,,,,,,,
CIED320,,,,,,,,,,,,,,,
CIED321,CIED302/CIED312,,,,,,,,,,,,,,
CIED322,CIED302/CIED312,,,,,,,,,,,,,,
CIED323,,,,,,,,,,,,,,,
CIED330,,,,,,,,,,,,,,,
CIED331,,,,,,,,,,,,,,,
CIED332,,,,,,,,,,,,,,,
CIED407,CIED304/CIED442,,,,,,,,,,,,,,
CIED416,,,,,,,,,,,,,,,
CIED417,,,,,,,,,,,,,,,
CIED418,,,,,,,,,,,,,,,
CIED424,,,,,,,,,,,,,,,
CIED425,CIED322,CIED323,CIED303/CIED313,,,,,,,,,,,,
CIED426,CIED322,CIED303/CIED313,,,,,,,,,,,,,
CIED427,,,,,,,,,,,,,,,
CIED428,,,,,,,,,,,,,,,
CIED433,,,,,,,,,,,,,,,
CIED441,,,,,,,,,,,,,,,
CIED443,CIED321,CIED303/CIED313,,,,,,,,,,,,,
CIED451,CIED441,CIED443,CIED304/CIED442,,,,,,,,,,,,
CIED452,,,,,,,,,,,,,,,
CIED455B,CIED456,,,,,,,,,,,,,,
CIED456,,,,,,,,,,,,,,,
CIED455D,CIED456,,,,,,,,,,,,,,
CIED455F,CIED456,,,,,,,,,,,,,,
CIED455G,CIED456,,,,,,,,,,,,,,
CIED455I,CIED456,,,,,,,,,,,,,,
CIED455J,CIED456,,,,,,,,,,,,,,
CIED455L,CIED456,,,,,,,,,,,,,,
CIED455N,CIED456,,,,,,,,,,,,,,
CIED455T,CIED456,,,,,,,,,,,,,,
CIED457,,,,,,,,,,,,,,,
CIED458,,,,,,,,,,,,,,,
CIED459,,,,,,,,,,,,,,,
CIED460,,,,,,,,,,,,,,,
CIED461,,,,,,,,,,,,,,,
CIED462,,,,,,,,,,,,,,,
CIED463,CIED460,CIED461,CIED462,,,,,,,,,,,,
CIED495,CIED441,CIED443,SPE481,CIED304/CIED442,SPE422/SPE418/SPE412/SPE430B,,,,,,,,,,
SPE481,,,,,,,,,,,,,,,
CI301,,,,,,,,,,,,,,,
CI314,,,,,,,,,,,,,,,
CI315A,CIED100,EPFR315,EPFR320,,,,,,,,,,,,
EPFR315,,,,,,,,,,,,,,,
EPFR320,,,,,,,,,,,,,,,
CI315B,CI315A,,,,,,,,,,,,,,
CI316,CI301,SPE440,,,,,,,,,,,,,
SPE440,,,,,,,,,,,,,,,
CI317,CI301,,,,,,,,,,,,,,
CI323,CI301,,,,,,,,,,,,,,
CI343,,,,,,,,,,,,,,,
CI352A,CIED100,,,,,,,,,,,,,,
CI352B,CIED100,,,,,,,,,,,,,,
CI352C,CIED100,,,,,,,,,,,,,,
CI352D,CIED100,,,,,,,,,,,,,,
CI352E,CIED100,,,,,,,,,,,,,,
CI352F,CIED100,,,,,,,,,,,,,,
CI352G,CIED100,,,,,,,,,,,,,,
CI352H,CIED100,,,,,,,,,,,,,,
CI352I,CIED100,,,,,,,,,,,,,,
CI352J,CIED100,,,,,,,,,,,,,,
CI352L,CIED100,,,,,,,,,,,,,,
CI352M,CIED100,,,,,,,,,,,,,,
CI352N,CIED100,,,,,,,,,,,,,,
CI352O,CIED100,,,,,,,,,,,,,,
CI352P,CIED100,,,,,,,,,,,,,,
CI352Q,CIED100,,,,,,,,,,,,,,
CI352T,CIED100,,,,,,,,,,,,,,
CI388,,,,,,,,,,,,,,,
CI398,,,,,,,,,,,,,,,
CI407,,,,,,,,,,,,,,,
CI410,,,,,,,,,,,,,,,
CI413,,,,,,,,,,,,,,,
CI414,CI301,CI317,CI323,,,,,,,,,,,,
CI416,,,,,,,,,,,,,,,
CI421,CI301,CI410,,,,,,,,,,,,,
CI422,CI301,CI410,,,,,,,,,,,,,
CI424,,,,,,,,,,,,,,,
CI426,CI301,CI317,,,,,,,,,,,,,
CI433A,,,,,,,,,,,,,,,
CI433B,,,,,,,,,,,,,,,
CI433C,,,,,,,,,,,,,,,
CI433D,,,,,,,,,,,,,,,
CI433E,,,,,,,,,,,,,,,
CI433F,,,,,,,,,,,,,,,
CI433G,,,,,,,,,,,,,,,
CI433H,,,,,,,,,,,,,,,
CI433I,,,,,,,,,,,,,,,
CI433J,,,,,,,,,,,,,,,
CI433K,,,,,,,,,,,,,,,
CI433L,,,,,,,,,,,,,,,
CI433M,,,,,,,,,,,,,,,
CI433N,,,,,,,,,,,,,,,
CI434,CI317,,,,,,,,,,,,,,
CI440,,,,,,,,,,,,,,,
CI447,,,,,,,,,,,,,,,
CI450,,,,,,,,,,,,,,,
CI451A,,,,,,,,,,,,,,,
CI451B,,,,,,,,,,,,,,,
CI451C,,,,,,,,,,,,,,,
CI451D,,,,,,,,,,,,,,,
CI452,,,,,,,,,,,,,,,
CI471,,,,,,,,,,,,,,,
CI490A,,,,,,,,,,,,,,,
CI490B,,,,,,,,,,,,,,,
CI490C,,,,,,,,,,,,,,,
CI490D,,,,,,,,,,,,,,,
CI490E,,,,,,,,,,,,,,,
CI490F,,,,,,,,,,,,,,,
CI490G,,,,,,,,,,,,,,,
CI490H,,,,,,,,,,,,,,,
CI490I,,,,,,,,,,,,,,,
CI490J,,,,,,,,,,,,,,,
CI490K,,,,,,,,,,,,,,,
CI490L,,,,,,,,,,,,,,,
CI490M,,,,,,,,,,,,,,,
CI490N,,,,,,,,,,,,,,,
CI495,,,,,,,,,,,,,,,
CYE163,CS140,,,,,,,,,,,,,,
CYE263,CS150,CYE163,,,,,,,,,,,,,
CYE331,CS314,CYE163,,,,,,,,,,,,,
CYE349,CS447,CYE163,,,,,,,,,,,,,
CYE373,CYE163,,,,,,,,,,,,,,
CYE383,CYE163,ECE381,ECE351,,,,,,,,,,,,
ECE381,ECE282,,,,,,,,,,,,,,
ECE351,ECE211,MATH305,,,,,,,,,,,,,
CYE449,CYE331,CYE349,CYE373,CYE383,,,,,,,,,,,
CYE499,CYE449,,,,,,,,,,,,,,
DANC111,,,,,,,,,,,,,,,
DANC114,,,,,,,,,,,,,,,
DANC210A,,,,,,,,,,,,,,,
DANC210B,,,,,,,,,,,,,,,
DANC211A,,,,,,,,,,,,,,,
DANC211B,,,,,,,,,,,,,,,
DANC212A,,,,,,,,,,,,,,,
DANC212B,,,,,,,,,,,,,,,
DANC213,,,,,,,,,,,,,,,
DANC214,,,,,,,,,,,,,,,
DANC222,,,,,,,,,,,,,,,
DANC240,,,,,,,,,,,,,,,
DANC250,,,,,,,,,,,,,,,
DANC260,,,,,,,,,,,,,,,
DANC310A,,,,,,,,,,,,,,,
DANC310B,,,,,,,,,,,,,,,
DANC311A,,,,,,,,,,,,,,,
DANC311B,,,,,,,,,,,,,,,
DANC314,,,,,,,,,,,,,,,
DANC399,,,,,,,,,,,,,,,
DANC410A,,,,,,,,,,,,,,,
DANC410B,,,,,,,,,,,,,,,
DANC411A,,,,,,,,,,,,,,,
DANC411B,,,,,,,,,,,,,,,
DANC420A,,,,,,,,,,,,,,,
DANC420B,DANC420A,,,,,,,,,,,,,,
DANC430,,,,,,,,,,,,,,,
DANC433,DANC214,,,,,,,,,,,,,,
DANC460,,,,,,,,,,,,,,,
DANC470,,,,,,,,,,,,,,,
DANC499,,,,,,,,,,,,,,,
ESCI111,,,,,,,,,,,,,,,
ECON111,MATH120,MATH150,MATH125,MATH145,QR101,,,,,,,,,,
QR101,,,,,,,,,,,,,,,
ECON112,MATH120,MATH150,MATH125,MATH145,QR101,,,,,,,,,,
ECON300,ECON111,ECON112,,,,,,,,,,,,,
ECON301,MS251,ECON111,ECON112,,,,,,,,,,,,
ECON302,MS251,ECON111,ECON112,,,,,,,,,,,,
ECON315,MS251,,,,,,,,,,,,,,
ECON321,ECON111,ECON112,,,,,,,,,,,,,
ECON327,ECON111,ECON112,,,,,,,,,,,,,
ECON341,,,,,,,,,,,,,,,
ECON343,ECON111,,,,,,,,,,,,,,
ECON345,ECON111,ECON112,,,,,,,,,,,,,
ECON346,ECON111,ECON112,,,,,,,,,,,,,
ECON411,ECON111,ECON112,,,,,,,,,,,,,
ECON415,ECON315,,,,,,,,,,,,,,
ECON416,MS251,MATH150,,,,,,,,,,,,,
ECON417,ECON315,,,,,,,,,,,,,,
ECON428,MS251,ECON111,ECON112,,,,,,,,,,,,
ECON429,ECON111,ECON112,,,,,,,,,,,,,
ECON431,ECON111,ECON112,,,,,,,,,,,,,
ECON439,MS251,ECON111,ECON112,MS250,,,,,,,,,,,
MS250,MATH120,MATH125,ECON112,,,,,,,,,,,,
ECON461,ECON111,ECON112,,,,,,,,,,,,,
ECON488,,,,,,,,,,,,,,,
ECON490,,,,,,,,,,,,,,,
EPFR415,EPFR315,EPFR320,,,,,,,,,,,,,
EPFR451,,,,,,,,,,,,,,,
ECE145,MATH120,,,,,,,,,,,,,,
ECE198,,,,,,,,,,,,,,,
ECE199,,,,,,,,,,,,,,,
ECE210,MATH150,,,,,,,,,,,,,,
ECE211,MATH150,MATH152,ECE210,MATH250,MATH305,,,,,,,,,,
MATH250,MATH152,,,,,,,,,,,,,,
MATH305,MATH250,,,,,,,,,,,,,,
ECE282,CS145,CS140,,,,,,,,,,,,,
ECE298,,,,,,,,,,,,,,,
ECE299,,,,,,,,,,,,,,,
ECE326,ECE211,MATH305,,,,,,,,,,,,,
ECE340,PHYS152,ECE211,MATH305,PHYS142,PHYS152L,,,,,,,,,,
PHYS142,MATH152,PHYS152L,PHYS141/PHYS151L/PHYS151,,,,,,,,,,,,
PHYS152L,,,,,,,,,,,,,,,
ECE341,ECE340,,,,,,,,,,,,,,
ECE352,ECE351,,,,,,,,,,,,,,
ECE365,ECE351,,,,,,,,,,,,,,
ECE375,ECE351,ECE352,,,,,,,,,,,,,
ECE398,,,,,,,,,,,,,,,
ECE399,,,,,,,,,,,,,,,
ECE404,ECE381,ECE351,ECE282,ECE365,ECE375,,,,,,,,,,
ECE405,ECE404,,,,,,,,,,,,,,
ECE426,ECE326,,,,,,,,,,,,,,
ECE427,CS145,CS140,,,,,,,,,,,,,
ECE428,ECE351,ECE326,,,,,,,,,,,,,
ECE429,,,,,,,,,,,,,,,
ECE436,ECE351,,,,,,,,,,,,,,
ECE437,ECE351,,,,,,,,,,,,,,
ECE438,ECE351,,,,,,,,,,,,,,
ECE439,ECE351,,,,,,,,,,,,,,
ECE441,ECE341,,,,,,,,,,,,,,
ECE444,ECE326,,,,,,,,,,,,,,
ECE445,ECE341,,,,,,,,,,,,,,
ECE446,ECE341,,,,,,,,,,,,,,
ECE447,ECE351,ECE340,,,,,,,,,,,,,
ECE455,ECE351,,,,,,,,,,,,,,
ECE465,ECE365,,,,,,,,,,,,,,
ME466/ECE466,ECE365,ME450,,,,,,,,,,,,,
ME450,ME356,,,,,,,,,,,,,,
MRE454/ECE467/ME454,,,,,,,,,,,,,,,
ECE476,ECE326,,,,,,,,,,,,,,
ECE477,ECE282,,,,,,,,,,,,,,
ECE482,ECE282,,,,,,,,,,,,,,
ECE483,ECE282,,,,,,,,,,,,,,
ECE484,ECE326,,,,,,,,,,,,,,
ECE485,ECE282,,,,,,,,,,,,,,
ECE491,,,,,,,,,,,,,,,
ECE492,,,,,,,,,,,,,,,
ENG100G,,,,,,,,,,,,,,,
ENG100R,ENG100G,,,,,,,,,,,,,,
ENG101,,,,,,,,,,,,,,,
ENG101E,,,,,,,,,,,,,,,
ENG101N,,,,,,,,,,,,,,,
ENG102,ENG101,ENG101E,ENG101N,,,,,,,,,,,,
ENG102N,ENG101,ENG101E,ENG101N,,,,,,,,,,,,
ENG111,,,,,,,,,,,,,,,
ENG112,,,,,,,,,,,,,,,
ENG200,ENG102,ENG102N,,,,,,,,,,,,,
ENG201,ENG102,ENG102N,,,,,,,,,,,,,
ENG202,,,,,,,,,,,,,,,
ENG203,,,,,,,,,,,,,,,
ENG204,,,,,,,,,,,,,,,
ENG205,,,,,,,,,,,,,,,
ENG206,,,,,,,,,,,,,,,
ENG207,,,,,,,,,,,,,,,
ENG208,,,,,,,,,,,,,,,
ENG209,,,,,,,,,,,,,,,
ENG211,,,,,,,,,,,,,,,
ENG212,,,,,,,,,,,,,,,
ENG214,ENG102,ENG102N,,,,,,,,,,,,,
ENG215,ENG102,ENG102N,,,,,,,,,,,,,
ENG290,ENG102,ENG102N,,,,,,,,,,,,,
ENG301,ENG200,,,,,,,,,,,,,,
ENG306,ENG102,ENG102N,,,,,,,,,,,,,
ENG307,ENG102,ENG102N,,,,,,,,,,,,,
ENG309,ENG102,ENG102N,,,,,,,,,,,,,
ENG310,ENG102,ENG102N,,,,,,,,,,,,,
ENG315,,,,,,,,,,,,,,,
ENG318,,,,,,,,,,,,,,,
ENG332,ENG102,ENG102N,,,,,,,,,,,,,
ENG333,,,,,,,,,,,,,,,
ENG334,ENG102,ENG102N,,,,,,,,,,,,,
ENG340,ENG102,ENG102N,,,,,,,,,,,,,
ENG341,ENG102,ENG102N,,,,,,,,,,,,,
ENG342,ENG102,ENG102N,,,,,,,,,,,,,
ENG343,ENG102,ENG102N,,,,,,,,,,,,,
ENG344,ENG102,ENG102N,,,,,,,,,,,,,
ENG345,ENG102,ENG102N,,,,,,,,,,,,,
ENG369,,,,,,,,,,,,,,,
ENG370,,,,,,,,,,,,,,,
ENG392,ENG290,,,,,,,,,,,,,,
ENG393,ENG290,,,,,,,,,,,,,,
ENG394/THEA394,ENG102,ENG102N,,,,,,,,,,,,,
ENG400,,,,,,,,,,,,,,,
ENG403,,,,,,,,,,,,,,,
ENG404,ENG102,ENG102N,,,,,,,,,,,,,
ENG405,,,,,,,,,,,,,,,
ENG406,,,,,,,,,,,,,,,
ENG408,,,,,,,,,,,,,,,
ENG409,,,,,,,,,,,,,,,
ENG410,ENG102,ENG102N,,,,,,,,,,,,,
ENG411,ENG102,ENG102N,,,,,,,,,,,,,
ENG412,,,,,,,,,,,,,,,
ENG416,,,,,,,,,,,,,,,
ENG417,,,,,,,,,,,,,,,
ENG420,ENG102,ENG102N,,,,,,,,,,,,,
ENG443,ENG102,ENG102N,,,,,,,,,,,,,
ENG444,ENG290,,,,,,,,,,,,,,
ENG445,ENG102,ENG102N,,,,,,,,,,,,,
ENG446,ENG102,ENG102N,,,,,,,,,,,,,
ENG457,ENG102,ENG102N,,,,,,,,,,,,,
ENG463,ENG102,ENG102N,,,,,,,,,,,,,
ENG464,ENG102,ENG102N,,,,,,,,,,,,,
ENG465,ENG102,ENG102N,,,,,,,,,,,,,
ENG468,,,,,,,,,,,,,,,
ENG470,,,,,,,,,,,,,,,
ENG471,ENG102,ENG102N,,,,,,,,,,,,,
ENG472,,,,,,,,,,,,,,,
ENG473,ENG102,ENG102N,,,,,,,,,,,,,
ENG474,,,,,,,,,,,,,,,
ENG475,ENG102,ENG102N,,,,,,,,,,,,,
ENG476,ENG470,,,,,,,,,,,,,,
ENG477,ENG102,ENG102N,,,,,,,,,,,,,
ENG478,,,,,,,,,,,,,,,
ENG479,ENG102,ENG102N,,,,,,,,,,,,,
ENG480,ENG102,ENG102N,,,,,,,,,,,,,
ENG482,ENG102,ENG102N,,,,,,,,,,,,,
ENG485,ENG102,ENG102N,,,,,,,,,,,,,
ENG486,,,,,,,,,,,,,,,
ENG488,ENG102,,,,,,,,,,,,,,
ENG489,,,,,,,,,,,,,,,
ENG490,ENG102,ENG102N,,,,,,,,,,,,,
ENG491,ENG102,ENG102N,,,,,,,,,,,,,
ENG492,ENG392,,,,,,,,,,,,,,
ENG493,ENG393,,,,,,,,,,,,,,
ENG494,ENG102,ENG102N,,,,,,,,,,,,,
ENG496,ENG102,ENG102N,,,,,,,,,,,,,
ENG497A,ENG301,,,,,,,,,,,,,,
ENG498,ENG392,ENG393,,,,,,,,,,,,,
ENG499,,,,,,,,,,,,,,,
ENSC111,,,,,,,,,,,,,,,
ENSC120,,,,,,,,,,,,,,,
ENSC125,,,,,,,,,,,,,,,
ENSC210,,,,,,,,,,,,,,,
ENSC220L,ENSC220,,,,,,,,,,,,,,
ENSC325,MATH120,MATH150,MATH125,MATH145,,,,,,,,,,,
ENSC325A,ENSC220,,,,,,,,,,,,,,
ENSC325B,ENSC325A,,,,,,,,,,,,,,
ENSC326,ENSC325,,,,,,,,,,,,,,
ENSC340,BIOL111,,,,,,,,,,,,,,
ENSC401,ENSC220,,,,,,,,,,,,,,
ENSC402,ENSC220,,,,,,,,,,,,,,
ENSC404,,,,,,,,,,,,,,,
GEOG411/ENSC411,MATH120,,,,,,,,,,,,,,
ENSC412,CHEM113,,,,,,,,,,,,,,
ENSC419,ENSC340,,,,,,,,,,,,,,
ENSC426,CHEM113,,,,,,,,,,,,,,
ENSC431L,ENSC431/CHEM471,CHEM120B,CHEM120A/CHEM124A,,,,,,,,,,,,
ENSC432,BIOL319,ENSC431/CHEM471,CHEM451A,,,,,,,,,,,,
ENSC435,BIOL365,ENSC431/CHEM471,,,,,,,,,,,,,
ENSC436,ENSC220,ENSC330,,,,,,,,,,,,,
ENSC437,ENSC220,ENSC330,,,,,,,,,,,,,
ENSC440,ENSC330,ENSC340,,,,,,,,,,,,,
ENSC444,,,,,,,,,,,,,,,
ENSC445/GEOG416,GEOG316,,,,,,,,,,,,,,
GEOG316,GEOG202,GEOG210,,,,,,,,,,,,,
ENSC465,BIOL151,CHEM121B,,,,,,,,,,,,,
ENSC466,BIOL220,,,,,,,,,,,,,,
ENSC470,ENSC220,,,,,,,,,,,,,,
ENSC472,,,,,,,,,,,,,,,
ENSC473,,,,,,,,,,,,,,,
ENSC475,,,,,,,,,,,,,,,
ENSC477,ENSC220,ENSC330,,,,,,,,,,,,,
ENSC490,,,,,,,,,,,,,,,
ENSC491,,,,,,,,,,,,,,,
ENSC495,,,,,,,,,,,,,,,
ENSC496,ENSC220,,,,,,,,,,,,,,
ENSC497,,,,,,,,,,,,,,,
ENSC498,,,,,,,,,,,,,,,
ENSC499,ENSC220,ENSC210,,,,,,,,,,,,,
FIN305,MS251,,,,,,,,,,,,,,
FIN306,MS251,,,,,,,,,,,,,,
FIN341,FIN320,,,,,,,,,,,,,,
FIN344,ECON111,ECON112,,,,,,,,,,,,,
FIN360,MS251,,,,,,,,,,,,,,
FIN361,FIN320,,,,,,,,,,,,,,
FIN420,ACCT312,FIN320,,,,,,,,,,,,,
FIN421,FIN420,,,,,,,,,,,,,,
FIN430,FIN320,FIN420,,,,,,,,,,,,,
FIN431,FIN320,,,,,,,,,,,,,,
FIN432,FIN320,,,,,,,,,,,,,,
FIN435,FIN320,,,,,,,,,,,,,,
FIN436,FIN320,,,,,,,,,,,,,,
FIN440,FIN320,,,,,,,,,,,,,,
FIN445,FIN320,FIN430,,,,,,,,,,,,,
FIN450,FIN320,,,,,,,,,,,,,,
FIN451,FIN320,,,,,,,,,,,,,,
FIN460,FIN420,,,,,,,,,,,,,,
FIN480,FIN420,,,,,,,,,,,,,,
FIN488,,,,,,,,,,,,,,,
FIN490,,,,,,,,,,,,,,,
FAC350,,,,,,,,,,,,,,,
FAC450,,,,,,,,,,,,,,,
FAC495,,,,,,,,,,,,,,,
FST101,,,,,,,,,,,,,,,
FL101,,,,,,,,,,,,,,,
FL102,FL101,,,,,,,,,,,,,,
FL106,,,,,,,,,,,,,,,
FL111A,,,,,,,,,,,,,,,
FL111B,,,,,,,,,,,,,,,
FL111C,,,,,,,,,,,,,,,
FL111D,,,,,,,,,,,,,,,
FL111E,,,,,,,,,,,,,,,
FL111F,,,,,,,,,,,,,,,
FL121,,,,,,,,,,,,,,,
FL201,FL102,,,,,,,,,,,,,,
FL202,FL201,,,,,,,,,,,,,,
FL220,,,,,,,,,,,,,,,
FL230,,,,,,,,,,,,,,,
FL330,,,,,,,,,,,,,,,
FL345,,,,,,,,,,,,,,,
FL350,,,,,,,,,,,,,,,
FL390,SPAN202,FR202,GER202,RUSS202,ITAL202,,,,,,,,,,
SPAN202,SPAN201,,,,,,,,,,,,,,
FR202,FR201,,,,,,,,,,,,,,
GER202,GER201,,,,,,,,,,,,,,
RUSS202,RUSS201,,,,,,,,,,,,,,
ITAL202,ITAL102,,,,,,,,,,,,,,
FL401,,,,,,,,,,,,,,,
FL486,SPAN301,FR301,GER301,,,,,,,,,,,,
SPAN301,SPAN202,,,,,,,,,,,,,,
FR301,FR202,,,,,,,,,,,,,,
GER301,GER202,,,,,,,,,,,,,,
FL491,,,,,,,,,,,,,,,
FR101,,,,,,,,,,,,,,,
FR102,FR101,,,,,,,,,,,,,,
FR104,,,,,,,,,,,,,,,
FR201,FR102,FR104,,,,,,,,,,,,,
FR302,FR301,,,,,,,,,,,,,,
FR304,FR202,,,,,,,,,,,,,,
FR305,FR202,,,,,,,,,,,,,,
FR308,FR202,,,,,,,,,,,,,,
FR311,FR202,,,,,,,,,,,,,,
FR312,FR202,,,,,,,,,,,,,,
FR320,FR202,,,,,,,,,,,,,,
FR351,FR202,,,,,,,,,,,,,,
FR352,FR202,,,,,,,,,,,,,,
FR353,FR202,,,,,,,,,,,,,,
FR377,FR202,FR201,,,,,,,,,,,,,
FR400A,FR202,,,,,,,,,,,,,,
FR400B,FR202,,,,,,,,,,,,,,
FR402,FR301,,,,,,,,,,,,,,
FR451,FR301,,,,,,,,,,,,,,
FR452,FR301,,,,,,,,,,,,,,
FR453,FR301,,,,,,,,,,,,,,
FR454,FR301,,,,,,,,,,,,,,
FR455,FR301,,,,,,,,,,,,,,
FR456,FR301,,,,,,,,,,,,,,
FR457,FR301,,,,,,,,,,,,,,
FR461,,,,,,,,,,,,,,,
FR491,,,,,,,,,,,,,,,
FR499,,,,,,,,,,,,,,,
GBA301,,,,,,,,,,,,,,,
GBA383,MGMT331,MGMT330,,,,,,,,,,,,,
GBA398,,,,,,,,,,,,,,,
GBA399,,,,,,,,,,,,,,,
GBA402,,,,,,,,,,,,,,,
GBA488,,,,,,,,,,,,,,,
GBA489,,,,,,,,,,,,,,,
GEOG111,,,,,,,,,,,,,,,
GEOG118,,,,,,,,,,,,,,,
GEOG201,,,,,,,,,,,,,,,
GEOG202,,,,,,,,,,,,,,,
GEOG205,,,,,,,,,,,,,,,
GEOG210,,,,,,,,,,,,,,,
GEOG211,,,,,,,,,,,,,,,
GEOG300,,,,,,,,,,,,,,,
GEOG301,,,,,,,,,,,,,,,
GEOG303,,,,,,,,,,,,,,,
GEOG311,GEOG211,,,,,,,,,,,,,,
GEOG314,GEOG211,,,,,,,,,,,,,,
GEOG315,,,,,,,,,,,,,,,
GEOG320,,,,,,,,,,,,,,,
GEOG321,MATH120,MATH150,MATH125,STAT244,STAT107,,,,,,,,,,
STAT107,,,,,,,,,,,,,,,
GEOG322,GEOG320,,,,,,,,,,,,,,
GEOG330,,,,,,,,,,,,,,,
GEOG332,,,,,,,,,,,,,,,
GEOG333,,,,,,,,,,,,,,,
GEOG334,,,,,,,,,,,,,,,
GEOG335,,,,,,,,,,,,,,,
GEOG401,,,,,,,,,,,,,,,
GEOG402,,,,,,,,,,,,,,,
GEOG403,GEOG303,,,,,,,,,,,,,,
GEOG404,GEOG205,,,,,,,,,,,,,,
GEOG405,GEOG205,,,,,,,,,,,,,,
GEOG406,GEOG205,,,,,,,,,,,,,,
GEOG407,GEOG205,,,,,,,,,,,,,,
GEOG409,GEOG211,,,,,,,,,,,,,,
GEOG410,ENSC220,ESCI111,GEOG210,,,,,,,,,,,,
GEOG412,CHEM113,MATH120,,,,,,,,,,,,,
GEOG415,GEOG316,,,,,,,,,,,,,,
GEOG417,GEOG210,,,,,,,,,,,,,,
GEOG418,,,,,,,,,,,,,,,
GEOG420,GEOG320,,,,,,,,,,,,,,
GEOG421,GEOG418,,,,,,,,,,,,,,
GEOG422,,,,,,,,,,,,,,,
GEOG423,,,,,,,,,,,,,,,
GEOG424,GEOG418,,,,,,,,,,,,,,
GEOG425,MATH120,MATH125,GEOG418,,,,,,,,,,,,
GEOG426,,,,,,,,,,,,,,,
GEOG427,,,,,,,,,,,,,,,
GEOG428,,,,,,,,,,,,,,,
GEOG429,GEOG409,,,,,,,,,,,,,,
GEOG430,GEOG211,GEOG314,,,,,,,,,,,,,
GEOG431,GEOG320,,,,,,,,,,,,,,
GEOG432,GEOG418,,,,,,,,,,,,,,
GEOG444,,,,,,,,,,,,,,,
GEOG451,,,,,,,,,,,,,,,
GEOG452,,,,,,,,,,,,,,,
GEOG453,,,,,,,,,,,,,,,
GEOG454,,,,,,,,,,,,,,,
GEOG490,,,,,,,,,,,,,,,
GEOG499,GEOG321,,,,,,,,,,,,,,
GER101,,,,,,,,,,,,,,,
GER102,GER101,,,,,,,,,,,,,,
GER104,,,,,,,,,,,,,,,
GER201,GER102,GER104,,,,,,,,,,,,,
GER302,GER301,,,,,,,,,,,,,,
GER303,GER202,,,,,,,,,,,,,,
GER304,GER202,,,,,,,,,,,,,,
GER305,GER202,,,,,,,,,,,,,,
GER311,GER202,,,,,,,,,,,,,,
GER320,GER202,,,,,,,,,,,,,,
GER351,GER202,,,,,,,,,,,,,,
GER352,GER202,,,,,,,,,,,,,,
GER353A,GER202,,,,,,,,,,,,,,
GER353B,GER202,,,,,,,,,,,,,,
GER353C,GER202,,,,,,,,,,,,,,
GER400A,GER202,,,,,,,,,,,,,,
GER400B,GER202,,,,,,,,,,,,,,
GER401,GER202,,,,,,,,,,,,,,
GER402,GER301,,,,,,,,,,,,,,
GER411,,,,,,,,,,,,,,,
GER452,GER301,,,,,,,,,,,,,,
GER453,GER301,,,,,,,,,,,,,,
GER454,,,,,,,,,,,,,,,
GER491,,,,,,,,,,,,,,,
GER499,,,,,,,,,,,,,,,
GRK101,,,,,,,,,,,,,,,
GRK102,GRK101,,,,,,,,,,,,,,
GRK201,GRK102,,,,,,,,,,,,,,
GRK202,GRK102,,,,,,,,,,,,,,
GRK499A,,,,,,,,,,,,,,,
GRK499B,GRK499A,,,,,,,,,,,,,,
GRK499C,,,,,,,,,,,,,,,
GRK499D,GRK499A,GRK499B,GRK499C,,,,,,,,,,,,
GRK499E,GRK499A,GRK499B,GRK499C,,,,,,,,,,,,
GRK499F,GRK499A,GRK499B,GRK499C,,,,,,,,,,,,
HIST101,,,,,,,,,,,,,,,
HIST111A,,,,,,,,,,,,,,,
HIST111B,,,,,,,,,,,,,,,
HIST111C,,,,,,,,,,,,,,,
HIST112A,,,,,,,,,,,,,,,
HIST112B,,,,,,,,,,,,,,,
HIST130A,,,,,,,,,,,,,,,
HIST130B,,,,,,,,,,,,,,,
HIST133,,,,,,,,,,,,,,,
HIST200,,,,,,,,,,,,,,,
HIST201,,,,,,,,,,,,,,,
HIST210A,,,,,,,,,,,,,,,
HIST210B,,,,,,,,,,,,,,,
HIST211A,,,,,,,,,,,,,,,
HIST211B,,,,,,,,,,,,,,,
HIST212A,,,,,,,,,,,,,,,
HIST212B,,,,,,,,,,,,,,,
HIST213A,,,,,,,,,,,,,,,
HIST213B,,,,,,,,,,,,,,,
HIST300,,,,,,,,,,,,,,,
HIST301,,,,,,,,,,,,,,,
HIST302,,,,,,,,,,,,,,,
HIST304,,,,,,,,,,,,,,,
HIST306,,,,,,,,,,,,,,,
HIST307,,,,,,,,,,,,,,,
HIST308A,,,,,,,,,,,,,,,
HIST308B,,,,,,,,,,,,,,,
HIST309,,,,,,,,,,,,,,,
HIST310,,,,,,,,,,,,,,,
HIST313,,,,,,,,,,,,,,,
HIST320,,,,,,,,,,,,,,,
HIST321,,,,,,,,,,,,,,,
HIST323,HIST112A,HIST112B,HIST200,HIST201,,,,,,,,,,,
HIST326,,,,,,,,,,,,,,,
HIST330,,,,,,,,,,,,,,,
HIST332,,,,,,,,,,,,,,,
HIST333,,,,,,,,,,,,,,,
HIST337,,,,,,,,,,,,,,,
HIST338,,,,,,,,,,,,,,,
HIST340,,,,,,,,,,,,,,,
HIST350A,,,,,,,,,,,,,,,
HIST350B,,,,,,,,,,,,,,,
HIST354,,,,,,,,,,,,,,,
HIST356A,,,,,,,,,,,,,,,
HIST356B,,,,,,,,,,,,,,,
HIST358,,,,,,,,,,,,,,,
HIST400,,,,,,,,,,,,,,,
HIST401,HIST301,,,,,,,,,,,,,,
HIST403,,,,,,,,,,,,,,,
HIST410,,,,,,,,,,,,,,,
HIST415,HIST111B,,,,,,,,,,,,,,
HIST416,,,,,,,,,,,,,,,
HIST420B,,,,,,,,,,,,,,,
HIST422A,HIST111A,,,,,,,,,,,,,,
HIST422B,HIST111B,,,,,,,,,,,,,,
HIST422C,HIST111B,,,,,,,,,,,,,,
HIST423A,,,,,,,,,,,,,,,
HIST423B,,,,,,,,,,,,,,,
HIST424,,,,,,,,,,,,,,,
HIST425,,,,,,,,,,,,,,,
HIST427,,,,,,,,,,,,,,,
HIST428,,,,,,,,,,,,,,,
HIST429,,,,,,,,,,,,,,,
HIST430,,,,,,,,,,,,,,,
HIST431,,,,,,,,,,,,,,,
HIST433,HIST130A,,,,,,,,,,,,,,
HIST434,HIST200,HIST201,,,,,,,,,,,,,
HIST435,,,,,,,,,,,,,,,
HIST439,,,,,,,,,,,,,,,
HIST440,,,,,,,,,,,,,,,
HIST442,,,,,,,,,,,,,,,
HIST444,,,,,,,,,,,,,,,
HIST446,,,,,,,,,,,,,,,
HIST447,,,,,,,,,,,,,,,
HIST451,,,,,,,,,,,,,,,
HIST452,,,,,,,,,,,,,,,
HIST453,,,,,,,,,,,,,,,
HIST470,,,,,,,,,,,,,,,
HIST471,,,,,,,,,,,,,,,
HIST490,,,,,,,,,,,,,,,
HONS100,,,,,,,,,,,,,,,
HONS200,HONS100,,,,,,,,,,,,,,
HONS250,HONS120/HONS121,,,,,,,,,,,,,,
HONS300,HONS100,,,,,,,,,,,,,,
HONS320A,HONS250,,,,,,,,,,,,,,
HONS320B,HONS250,,,,,,,,,,,,,,
HONS420,,,,,,,,,,,,,,,
HONS499,HONS100,,,,,,,,,,,,,,
HUM230,ENG101,ENG101E,ENG101N,ENG102,ENG102N,,,,,,,,,,
HUM400,,,,,,,,,,,,,,,
HUM495,HUM230,,,,,,,,,,,,,,
IE106,,,,,,,,,,,,,,,
IE198,,,,,,,,,,,,,,,
IE199,,,,,,,,,,,,,,,
IE298,IE198,,,,,,,,,,,,,,
IE299,,,,,,,,,,,,,,,
IE335,CS145,CS140,,,,,,,,,,,,,
IE345,,,,,,,,,,,,,,,
IE370,CE242,,,,,,,,,,,,,,
IE375,,,,,,,,,,,,,,,
IE392,,,,,,,,,,,,,,,
IE398,IE298,,,,,,,,,,,,,,
IE399,,,,,,,,,,,,,,,
IE401,IE370,,,,,,,,,,,,,,
IME415/IE415/OR440,MATH250,,,,,,,,,,,,,,
IE427,CS145,CS140,,,,,,,,,,,,,
IE430,,,,,,,,,,,,,,,
IE431,,,,,,,,,,,,,,,
IE445,STAT380,IE345,,,,,,,,,,,,,
IE451,STAT380,,,,,,,,,,,,,,
IE458,IE451,,,,,,,,,,,,,,
IME461/OR441/IE461,STAT380,STAT480A,,,,,,,,,,,,,
STAT480A,MATH250,,,,,,,,,,,,,,
IE462,STAT380,,,,,,,,,,,,,,
IE463/STAT484,STAT380,STAT480B,,,,,,,,,,,,,
STAT480B,STAT480A,,,,,,,,,,,,,,
IE464/STAT481,STAT380,STAT480A,STAT480B,,,,,,,,,,,,
IE465,STAT380,,,,,,,,,,,,,,
IE466,IE370,,,,,,,,,,,,,,
IE467,IE465,,,,,,,,,,,,,,
IE468/OR442,STAT380,IME461/OR441/IE461,,,,,,,,,,,,,
IE470,STAT380,IE370,,,,,,,,,,,,,
IE475,IE375,,,,,,,,,,,,,,
IE476,CS145,CS140,ECE210,,,,,,,,,,,,
MRE477/IE477,CS145,IE470,IE476,,,,,,,,,,,,
IE478,IE370,,,,,,,,,,,,,,
IE480,IE345,IE370,,,,,,,,,,,,,
IE482,IE345,IE370,,,,,,,,,,,,,
IE483,,,,,,,,,,,,,,,
IE484,IME415/IE415/OR440,IE451,,,,,,,,,,,,,
IE488,IE483,,,,,,,,,,,,,,
IE490,IE483,IE484,,,,,,,,,,,,,
IE492,,,,,,,,,,,,,,,
IT100,,,,,,,,,,,,,,,
IT300,,,,,,,,,,,,,,,
IT410,,,,,,,,,,,,,,,
IT430,,,,,,,,,,,,,,,
IT435,,,,,,,,,,,,,,,
IT442,,,,,,,,,,,,,,,
IT443,,,,,,,,,,,,,,,
IT448,,,,,,,,,,,,,,,
IT450,,,,,,,,,,,,,,,
IT481,,,,,,,,,,,,,,,
IT486,,,,,,,,,,,,,,,
IT490,,,,,,,,,,,,,,,
INTG300,,,,,,,,,,,,,,,
INTG499,INTG300,,,,,,,,,,,,,,
IS302,,,,,,,,,,,,,,,
IS303,,,,,,,,,,,,,,,
IS305,,,,,,,,,,,,,,,
IS306,,,,,,,,,,,,,,,
IS309,,,,,,,,,,,,,,,
IS310,,,,,,,,,,,,,,,
IS319,,,,,,,,,,,,,,,
IS320,,,,,,,,,,,,,,,
IS323,,,,,,,,,,,,,,,
IS324,,,,,,,,,,,,,,,
IS328,,,,,,,,,,,,,,,
IS331,,,,,,,,,,,,,,,
IS333,,,,,,,,,,,,,,,
IS334,,,,,,,,,,,,,,,
IS336,,,,,,,,,,,,,,,
IS340,,,,,,,,,,,,,,,
IS342,,,,,,,,,,,,,,,
IS343,,,,,,,,,,,,,,,
IS344,,,,,,,,,,,,,,,
IS353,,,,,,,,,,,,,,,
IS354,,,,,,,,,,,,,,,
IS361,,,,,,,,,,,,,,,
IS362,,,,,,,,,,,,,,,
IS363,,,,,,,,,,,,,,,
IS364,,,,,,,,,,,,,,,
IS370,,,,,,,,,,,,,,,
IS372,,,,,,,,,,,,,,,
IS375,,,,,,,,,,,,,,,
IS376,,,,,,,,,,,,,,,
IS380,,,,,,,,,,,,,,,
IS386,,,,,,,,,,,,,,,
IS387,,,,,,,,,,,,,,,
IS399,,,,,,,,,,,,,,,
IS400,,,,,,,,,,,,,,,
IS402,SPAN101,SPAN102,,,,,,,,,,,,,
SPAN101,,,,,,,,,,,,,,,
SPAN102,SPAN101,,,,,,,,,,,,,,
IS403,,,,,,,,,,,,,,,
IS444,,,,,,,,,,,,,,,
INTS200,,,,,,,,,,,,,,,
INTS400,,,,,,,,,,,,,,,
INTS401,INTS200,,,,,,,,,,,,,,
INTS499,INTS200,,,,,,,,,,,,,,
ITAL101,,,,,,,,,,,,,,,
ITAL102,,,,,,,,,,,,,,,
ITAL104,,,,,,,,,,,,,,,
ITAL201,ITAL102,ITAL104,,,,,,,,,,,,,
ITAL220,ITAL102,,,,,,,,,,,,,,
ITAL311,ITAL202,,,,,,,,,,,,,,
ITAL499,ITAL202,,,,,,,,,,,,,,
KIN118,,,,,,,,,,,,,,,
KIN155,,,,,,,,,,,,,,,
KIN200,,,,,,,,,,,,,,,
KIN203,,,,,,,,,,,,,,,
KIN204,,,,,,,,,,,,,,,
KIN205,,,,,,,,,,,,,,,
KIN207,,,,,,,,,,,,,,,
KIN211,,,,,,,,,,,,,,,
KIN220,,,,,,,,,,,,,,,
KIN230,,,,,,,,,,,,,,,
KIN243,,,,,,,,,,,,,,,
KIN270,,,,,,,,,,,,,,,
KIN275,,,,,,,,,,,,,,,
KIN308,,,,,,,,,,,,,,,
KIN310,KIN275,,,,,,,,,,,,,,
KIN315,BIOL240A,,,,,,,,,,,,,,
KIN316,KIN315,,,,,,,,,,,,,,
KIN319,,,,,,,,,,,,,,,
KIN321,KIN315,,,,,,,,,,,,,,
KIN330,CIED100,,,,,,,,,,,,,,
KIN334,,,,,,,,,,,,,,,
KIN340,,,,,,,,,,,,,,,
KIN350,BIOL240B,,,,,,,,,,,,,,
NUTR355/KIN355,KIN350,NUTR319,NUTR250,,,,,,,,,,,,
NUTR319,BIOL240B,NUTR250,,,,,,,,,,,,,
NUTR250,,,,,,,,,,,,,,,
KIN373,,,,,,,,,,,,,,,
KIN401,,,,,,,,,,,,,,,
KIN412,KIN350,NUTR319,,,,,,,,,,,,,
KIN416,KIN350,,,,,,,,,,,,,,
KIN417,KIN350,,,,,,,,,,,,,,
KIN418,,,,,,,,,,,,,,,
KIN426,KIN350,,,,,,,,,,,,,,
KIN460,KIN416,,,,,,,,,,,,,,
KIN464,KIN416,,,,,,,,,,,,,,
KIN480,,,,,,,,,,,,,,,
KIN490,,,,,,,,,,,,,,,
KIN499,,,,,,,,,,,,,,,
LAT101,,,,,,,,,,,,,,,
LAT102,LAT101,,,,,,,,,,,,,,
LAT201,LAT102,,,,,,,,,,,,,,
LAT202,LAT102,,,,,,,,,,,,,,
LAT499A,,,,,,,,,,,,,,,
LAT499B,,,,,,,,,,,,,,,
LAT499C,,,,,,,,,,,,,,,
LAT499D,,,,,,,,,,,,,,,
LAT499E,,,,,,,,,,,,,,,
LAT499F,,,,,,,,,,,,,,,
LIBS198,,,,,,,,,,,,,,,
LIBS199,,,,,,,,,,,,,,,
LIBS298,,,,,,,,,,,,,,,
LIBS299,,,,,,,,,,,,,,,
LIBS300,,,,,,,,,,,,,,,
LIBS397,,,,,,,,,,,,,,,
LIBS398,,,,,,,,,,,,,,,
LIBS399,,,,,,,,,,,,,,,
LIBS400,,,,,,,,,,,,,,,
MGMT341,,,,,,,,,,,,,,,
MGMT377,ACCT200,MS251,MGMT330,,,,,,,,,,,,
MGMT425,MGMT330,,,,,,,,,,,,,,
MGMT430,MGMT331,MGMT330,,,,,,,,,,,,,
MGMT431,MGMT430,,,,,,,,,,,,,,
MGMT432,MGMT430,,,,,,,,,,,,,,
MGMT433,MGMT430,,,,,,,,,,,,,,
MGMT441,CMIS342,MGMT331,MGMT330,SCM315,FIN320,,,,,,,,,,
MGMT445,MGMT331,,,,,,,,,,,,,,
MGMT451,MGMT331,MGMT330,MGMT341,,,,,,,,,,,,
MGMT461,MGMT331,MGMT330,MGMT341,,,,,,,,,,,,
MGMT470,MGMT331,MGMT330,,,,,,,,,,,,,
MGMT475,MGMT331,MGMT330,MGMT341,,,,,,,,,,,,
MGMT476,MGMT475,,,,,,,,,,,,,,
MGMT485,MGMT331,MGMT330,MGMT341,,,,,,,,,,,,
MGMT488,,,,,,,,,,,,,,,
MGMT490,MGMT331,MGMT330,MGMT341,,,,,,,,,,,,
MGMT495,MGMT331,MGMT330,MGMT341,,,,,,,,,,,,
MKTG377,MS251,MKTG300,,,,,,,,,,,,,
MKTG465,MKTG300,,,,,,,,,,,,,,
MKTG466,MKTG300,,,,,,,,,,,,,,
MKTG467,MKTG300,,,,,,,,,,,,,,
MKTG468,MKTG300,,,,,,,,,,,,,,
MKTG470,MKTG300,,,,,,,,,,,,,,
MKTG471,MKTG300,,,,,,,,,,,,,,
MKTG472,MKTG300,,,,,,,,,,,,,,
MKTG474,MKTG300,,,,,,,,,,,,,,
MKTG475,MKTG300,,,,,,,,,,,,,,
MKTG476,MKTG300,,,,,,,,,,,,,,
MKTG479,MKTG300,,,,,,,,,,,,,,
MKTG480,MKTG377,,,,,,,,,,,,,,
MKTG488,,,,,,,,,,,,,,,
MKTG490,,,,,,,,,,,,,,,
MC103,,,,,,,,,,,,,,,
MC201,,,,,,,,,,,,,,,
MC202,,,,,,,,,,,,,,,
MC204,MC202,,,,,,,,,,,,,,
MC301,MC204,,,,,,,,,,,,,,
MC321,MC202,,,,,,,,,,,,,,
MC322,MC202,,,,,,,,,,,,,,
MC323,MC202,,,,,,,,,,,,,,
MC324,MC202,,,,,,,,,,,,,,
MC325,,,,,,,,,,,,,,,
MC326,MC323,MC325,,,,,,,,,,,,,
MC327,MC204,,,,,,,,,,,,,,
MC330,MC204,,,,,,,,,,,,,,
MC331,,,,,,,,,,,,,,,
MC332,MC204,,,,,,,,,,,,,,
MC333,MC204,,,,,,,,,,,,,,
MC334,MC204,MC325,,,,,,,,,,,,,
MC341,MC202,,,,,,,,,,,,,,
MC342,MC202,,,,,,,,,,,,,,
MC351,,,,,,,,,,,,,,,
MC353,,,,,,,,,,,,,,,
MC389,MC325,,,,,,,,,,,,,,
MC401,,,,,,,,,,,,,,,
MC402,,,,,,,,,,,,,,,
MC403,,,,,,,,,,,,,,,
MC421,MC326,MC334,,,,,,,,,,,,,
MC422,MC202,,,,,,,,,,,,,,
MC423A,,,,,,,,,,,,,,,
MC423B,,,,,,,,,,,,,,,
MC424,MC202,,,,,,,,,,,,,,
MC431,MC204,,,,,,,,,,,,,,
MC433,MC333,,,,,,,,,,,,,,
MC435,MC204,,,,,,,,,,,,,,
MC440,,,,,,,,,,,,,,,
MC441,MC327,,,,,,,,,,,,,,
MC442,,,,,,,,,,,,,,,
MC443,MC204,,,,,,,,,,,,,,
MC447,,,,,,,,,,,,,,,
MC449,,,,,,,,,,,,,,,
MC451,,,,,,,,,,,,,,,
MC452,,,,,,,,,,,,,,,
MC453,,,,,,,,,,,,,,,
MC454,MC204,MC332,MC333,MC334,MC431,,,,,,,,,,
MC455,,,,,,,,,,,,,,,
MC456,ENG101,ENG102,,,,,,,,,,,,,
MC471,,,,,,,,,,,,,,,
MC472,,,,,,,,,,,,,,,
MC475,MC441,,,,,,,,,,,,,,
MC478,,,,,,,,,,,,,,,
MC481,,,,,,,,,,,,,,,
MC482,,,,,,,,,,,,,,,
MC491,,,,,,,,,,,,,,,
MC495,,,,,,,,,,,,,,,
MC499,,,,,,,,,,,,,,,
MC508,,,,,,,,,,,,,,,
MATH112A,,,,,,,,,,,,,,,
MATH112B,MATH112A,,,,,,,,,,,,,,
MATH112C,MATH112A,MATH112B,,,,,,,,,,,,,
MATH165,MATH150,,,,,,,,,,,,,,
MATH223,MATH150,,,,,,,,,,,,,,
MATH300,MATH150,MATH125,,,,,,,,,,,,,
MATH310,MATH112A,MATH112B,,,,,,,,,,,,,
MATH311,CIED303/CIED313,,,,,,,,,,,,,,
MATH315,MATH125,,,,,,,,,,,,,,
MATH320,MATH223,,,,,,,,,,,,,,
MATH321,MATH152,,,,,,,,,,,,,,
MATH340,MATH152,,,,,,,,,,,,,,
MATH350,MATH250,MATH223,,,,,,,,,,,,,
MATH355,MATH305,,,,,,,,,,,,,,
MATH400,MATH152,MATH223,,,,,,,,,,,,,
MATH411,MATH311,,,,,,,,,,,,,,
MATH416A,,,,,,,,,,,,,,,
MATH416B,,,,,,,,,,,,,,,
MATH416C,,,,,,,,,,,,,,,
MATH416D,,,,,,,,,,,,,,,
MATH416E,,,,,,,,,,,,,,,
MATH416F,,,,,,,,,,,,,,,
MATH416G,,,,,,,,,,,,,,,
MATH416H,,,,,,,,,,,,,,,
MATH416I,,,,,,,,,,,,,,,
MATH420,MATH320,,,,,,,,,,,,,,
MATH421,MATH250,MATH223,MATH321,,,,,,,,,,,,
MATH423,MATH223,,,,,,,,,,,,,,
MATH430,MATH350,,,,,,,,,,,,,,
MATH435,MATH250,MATH320,MATH321,MATH350,,,,,,,,,,,
MATH437,MATH250,MATH321,,,,,,,,,,,,,
MATH450,MATH350,,,,,,,,,,,,,,
MATH451,MATH350,,,,,,,,,,,,,,
MATH462,CS145,CS140,MATH250,MATH305,MATH165,,,,,,,,,,
MATH464,MATH250,MATH305,MATH223,MATH321,,,,,,,,,,,
MATH490A,,,,,,,,,,,,,,,
MATH490B,,,,,,,,,,,,,,,
MATH490C,,,,,,,,,,,,,,,
MATH490D,,,,,,,,,,,,,,,
MATH490E,,,,,,,,,,,,,,,
MATH490F,,,,,,,,,,,,,,,
MATH490G,,,,,,,,,,,,,,,
MATH490H,,,,,,,,,,,,,,,
MATH495A,,,,,,,,,,,,,,,
MATH495B,,,,,,,,,,,,,,,
MATH495C,,,,,,,,,,,,,,,
MATH495D,,,,,,,,,,,,,,,
MATH495E,,,,,,,,,,,,,,,
MATH495F,,,,,,,,,,,,,,,
MATH495G,,,,,,,,,,,,,,,
MATH498,MATH150,MATH152,CS145,CS140,MATH250,MATH165,MATH223,MATH321,MATH350,PHYS141/PHYS151L/PHYS151,,,,,
MATH499,MATH498,,,,,,,,,,,,,,
ME192,MATH150,,,,,,,,,,,,,,
ME198,,,,,,,,,,,,,,,
ME199,,,,,,,,,,,,,,,
ME244/CE244,PHYS141/PHYS151L/PHYS151,,,,,,,,,,,,,,
ME298,ME198,,,,,,,,,,,,,,
ME299,,,,,,,,,,,,,,,
ME310,ME262,MATH250,,,,,,,,,,,,,
ME312,ME310,,,,,,,,,,,,,,
ME350,ME262,ME354,,,,,,,,,,,,,
ME354,MATH305,,,,,,,,,,,,,,
ME356,ME262,ECE210,MATH305,ME354,,,,,,,,,,,
ME356L,ME356,,,,,,,,,,,,,,
ME370,CE242,,,,,,,,,,,,,,
ME380,CE242,ME354,,,,,,,,,,,,,
ME380L,ME380,,,,,,,,,,,,,,
ME398,ME298,,,,,,,,,,,,,,
ME399,,,,,,,,,,,,,,,
ME410,CE315/ME315,ME310,,,,,,,,,,,,,
ME410L,ME410,,,,,,,,,,,,,,
ME412,CE315/ME315,ME312,,,,,,,,,,,,,
ME414,CE315/ME315,ME310,,,,,,,,,,,,,
ME416,ME410,,,,,,,,,,,,,,
ME417,CE315/ME315,ME310,,,,,,,,,,,,,
ME418,ME312,ME410,,,,,,,,,,,,,
ME419,CE315/ME315,ME312,,,,,,,,,,,,,
ME420,ME410,,,,,,,,,,,,,,
ME422,CE315/ME315,,,,,,,,,,,,,,
MRE426/ME426,,,,,,,,,,,,,,,
ME432,ME350,MRE358,,,,,,,,,,,,,
MRE358,ME356,,,,,,,,,,,,,,
ECE433/ME433,,,,,,,,,,,,,,,
ME438,,,,,,,,,,,,,,,
ME442,CE315/ME315,ME356,ME370,ME380,,,,,,,,,,,
ME452,CE242,ME262,MATH305,,,,,,,,,,,,
ME456,,,,,,,,,,,,,,,
ME458,ME356,,,,,,,,,,,,,,
ME460,,,,,,,,,,,,,,,
ME462,MATH321,,,,,,,,,,,,,,
ME470,CE242,ME370,,,,,,,,,,,,,
ME472,CE242,ME370,,,,,,,,,,,,,
ME474,CE242,ME370,,,,,,,,,,,,,
ME476,MATH305,ME380,,,,,,,,,,,,,
ME482,ME350,ME370,ME380,,,,,,,,,,,,
ME484,ME482,,,,,,,,,,,,,,
ME492,,,,,,,,,,,,,,,
MRE198,,,,,,,,,,,,,,,
MRE199,,,,,,,,,,,,,,,
MRE298,MRE198,,,,,,,,,,,,,,
MRE299,,,,,,,,,,,,,,,
MRE320,ME356,,,,,,,,,,,,,,
MRE380,CE242,ME354,,,,,,,,,,,,,
MRE398,MRE298,,,,,,,,,,,,,,
MRE399,,,,,,,,,,,,,,,
MRE462,MATH321,,,,,,,,,,,,,,
MRE480,ECE211,ME450,MRE454/ECE467/ME454,MRE358,MRE320,,,,,,,,,,
MRE481,MRE480,,,,,,,,,,,,,,
MRE492,,,,,,,,,,,,,,,
MSC101,,,,,,,,,,,,,,,
MSC102,,,,,,,,,,,,,,,
MSC122,,,,,,,,,,,,,,,
MSC201,MSC101,MSC102,,,,,,,,,,,,,
MSC202,MSC101,MSC102,MSC201,,,,,,,,,,,,
MSC222,,,,,,,,,,,,,,,
MSC301,MSC101,MSC102,MSC201,MSC202,,,,,,,,,,,
MSC302,MSC101,MSC102,MSC201,MSC202,MSC301,,,,,,,,,,
MSC401,MSC301,MSC302,,,,,,,,,,,,,
MSC402,MSC301,MSC302,MSC401,,,,,,,,,,,,
MSC490,,,,,,,,,,,,,,,
MSC495,,,,,,,,,,,,,,,
MUS100,,,,,,,,,,,,,,,
MUS101,,,,,,,,,,,,,,,
MUS105,,,,,,,,,,,,,,,
MUS111,,,,,,,,,,,,,,,
MUS112,,,,,,,,,,,,,,,
MUS113,,,,,,,,,,,,,,,
MUS114,,,,,,,,,,,,,,,
MUS115A,,,,,,,,,,,,,,,
MUS115B,MUS115A,,,,,,,,,,,,,,
MUS116,,,,,,,,,,,,,,,
MUS120B,,,,,,,,,,,,,,,
MUS121A,,,,,,,,,,,,,,,
MUS124,,,,,,,,,,,,,,,
MUS139A,MUS140Q,,,,,,,,,,,,,,
MUS140Q,,,,,,,,,,,,,,,
MUS139B,MUS140Q,,,,,,,,,,,,,,
MUS140A,,,,,,,,,,,,,,,
MUS140B,,,,,,,,,,,,,,,
MUS140C,,,,,,,,,,,,,,,
MUS140D,,,,,,,,,,,,,,,
MUS140E,,,,,,,,,,,,,,,
MUS140F,,,,,,,,,,,,,,,
MUS140G,,,,,,,,,,,,,,,
MUS140H,,,,,,,,,,,,,,,
MUS140I,,,,,,,,,,,,,,,
MUS140J,,,,,,,,,,,,,,,
MUS140K,,,,,,,,,,,,,,,
MUS140L,,,,,,,,,,,,,,,
MUS140M,,,,,,,,,,,,,,,
MUS140N,,,,,,,,,,,,,,,
MUS140O,,,,,,,,,,,,,,,
MUS140P,,,,,,,,,,,,,,,
MUS140R,,,,,,,,,,,,,,,
MUS140U,,,,,,,,,,,,,,,
MUS141D,,,,,,,,,,,,,,,
MUS141I,,,,,,,,,,,,,,,
MUS141J,,,,,,,,,,,,,,,
MUS141K,,,,,,,,,,,,,,,
MUS141M,,,,,,,,,,,,,,,
MUS141N,,,,,,,,,,,,,,,
MUS141Q,,,,,,,,,,,,,,,
MUS141U,,,,,,,,,,,,,,,
MUS144,,,,,,,,,,,,,,,
MUS146,,,,,,,,,,,,,,,
MUS165A,,,,,,,,,,,,,,,
MUS165B,,,,,,,,,,,,,,,
MUS201,,,,,,,,,,,,,,,
MUS212A,MUS121B/MUS125B/MUS126B,,,,,,,,,,,,,,
MUS212B,MUS121B/MUS125B/MUS126B,,,,,,,,,,,,,,
MUS221A,MUS121B/MUS125B/MUS126B,,,,,,,,,,,,,,
MUS221B,MUS221A,,,,,,,,,,,,,,
MUS222,,,,,,,,,,,,,,,
MUS225A,MUS111,MUS121B/MUS125B/MUS126B,,,,,,,,,,,,,
MUS225B,MUS225A,,,,,,,,,,,,,,
MUS227,MUS225A,,,,,,,,,,,,,,
MUS230,,,,,,,,,,,,,,,
MUS231,,,,,,,,,,,,,,,
MUS233,,,,,,,,,,,,,,,
MUS240A,MUS140A,,,,,,,,,,,,,,
MUS240B,MUS140B,,,,,,,,,,,,,,
MUS240C,MUS140C,,,,,,,,,,,,,,
MUS240D,MUS140D,,,,,,,,,,,,,,
MUS240E,MUS140E,,,,,,,,,,,,,,
MUS240F,MUS140F,,,,,,,,,,,,,,
MUS240G,MUS140G,,,,,,,,,,,,,,
MUS240H,MUS140H,,,,,,,,,,,,,,
MUS240I,MUS140I,,,,,,,,,,,,,,
MUS240J,MUS140J,,,,,,,,,,,,,,
MUS240K,MUS140K,,,,,,,,,,,,,,
MUS240L,MUS140L,,,,,,,,,,,,,,
MUS240M,MUS140M,,,,,,,,,,,,,,
MUS240N,MUS140N,,,,,,,,,,,,,,
MUS240O,MUS140O,,,,,,,,,,,,,,
MUS240P,MUS140P,,,,,,,,,,,,,,
MUS240Q,MUS140Q,,,,,,,,,,,,,,
MUS240R,MUS140R,,,,,,,,,,,,,,
MUS240U,MUS140U,,,,,,,,,,,,,,
MUS241D,MUS141D,,,,,,,,,,,,,,
MUS241I,MUS141I,,,,,,,,,,,,,,
MUS241J,MUS141J,,,,,,,,,,,,,,
MUS241K,MUS141K,,,,,,,,,,,,,,
MUS241M,MUS141M,,,,,,,,,,,,,,
MUS241N,MUS141N,,,,,,,,,,,,,,
MUS241Q,MUS141Q,,,,,,,,,,,,,,
MUS241U,MUS141U,,,,,,,,,,,,,,
MUS244,,,,,,,,,,,,,,,
MUS267,MUS125A/MUS126A,,,,,,,,,,,,,,
MUS301A,CIED100,MUS112,MUS115A,MUS115B,MUS116,MUS201,MUS221A,MUS221B,MUS225B,,,,,,
MUS301B,CIED100,MUS112,MUS115A,MUS115B,MUS116,MUS201,MUS221A,MUS221B,MUS225B,MUS301A,,,,,
MUS301C,CIED100,MUS112,MUS115A,MUS115B,MUS116,MUS201,MUS221A,MUS221B,MUS225B,MUS318A,MUS318B,,,,
MUS318A,MUS225B,,,,,,,,,,,,,,
MUS318B,MUS225B,MUS318A,,,,,,,,,,,,,
MUS305,,,,,,,,,,,,,,,
MUS309,MUS225B,,,,,,,,,,,,,,
MUS312A,MUS227,,,,,,,,,,,,,,
MUS312B,MUS227,,,,,,,,,,,,,,
MUS322,,,,,,,,,,,,,,,
MUS326,MUS225B,,,,,,,,,,,,,,
MUS330,,,,,,,,,,,,,,,
MUS331,MUS231,,,,,,,,,,,,,,
MUS333,,,,,,,,,,,,,,,
MUS337,,,,,,,,,,,,,,,
MUS338,,,,,,,,,,,,,,,
MUS340A,MUS240A,,,,,,,,,,,,,,
MUS340B,MUS240B,,,,,,,,,,,,,,
MUS340C,MUS240C,,,,,,,,,,,,,,
MUS340D,MUS240D,,,,,,,,,,,,,,
MUS340E,MUS240E,,,,,,,,,,,,,,
MUS340F,MUS240F,,,,,,,,,,,,,,
MUS340G,MUS240G,,,,,,,,,,,,,,
MUS340H,MUS240H,,,,,,,,,,,,,,
MUS340I,MUS240I,,,,,,,,,,,,,,
MUS340J,MUS240J,,,,,,,,,,,,,,
MUS340K,MUS240K,,,,,,,,,,,,,,
MUS340L,MUS240L,,,,,,,,,,,,,,
MUS340M,MUS140M,,,,,,,,,,,,,,
MUS340N,MUS240N,,,,,,,,,,,,,,
MUS340O,MUS240O,,,,,,,,,,,,,,
MUS340P,MUS240P,,,,,,,,,,,,,,
MUS340Q,MUS240Q,,,,,,,,,,,,,,
MUS340R,MUS240R,,,,,,,,,,,,,,
MUS340U,MUS240U,,,,,,,,,,,,,,
MUS341D,MUS241D,,,,,,,,,,,,,,
MUS341I,MUS241I,,,,,,,,,,,,,,
MUS341J,MUS241J,,,,,,,,,,,,,,
MUS341K,MUS241K,,,,,,,,,,,,,,
MUS341M,MUS241N,,,,,,,,,,,,,,
MUS341N,MUS241Q,,,,,,,,,,,,,,
MUS341Q,MUS241Q,,,,,,,,,,,,,,
MUS341U,MUS241U,,,,,,,,,,,,,,
MUS342,,,,,,,,,,,,,,,
MUS343,,,,,,,,,,,,,,,
MUS355B,,,,,,,,,,,,,,,
MUS355C,,,,,,,,,,,,,,,
MUS355D,,,,,,,,,,,,,,,
MUS365,,,,,,,,,,,,,,,
MUS367A,MUS267,MUS121B/MUS125B/MUS126B,,,,,,,,,,,,,
MUS367B,MUS225A,MUS367A,,,,,,,,,,,,,
MUS377,,,,,,,,,,,,,,,
MUS395A,,,,,,,,,,,,,,,
MUS395B,,,,,,,,,,,,,,,
MUS400A,,,,,,,,,,,,,,,
MUS400B,,,,,,,,,,,,,,,
MUS400C,,,,,,,,,,,,,,,
MUS400E,,,,,,,,,,,,,,,
MUS400H,,,,,,,,,,,,,,,
MUS400J,,,,,,,,,,,,,,,
MUS400P,,,,,,,,,,,,,,,
MUS400T,,,,,,,,,,,,,,,
MUS400Z,,,,,,,,,,,,,,,
MUS409A,MUS225B,MUS231,,,,,,,,,,,,,
MUS409B,MUS409A,,,,,,,,,,,,,,
MUS411A,MUS225B,,,,,,,,,,,,,,
MUS411B,MUS225B,,,,,,,,,,,,,,
MUS411C,MUS225B,,,,,,,,,,,,,,
MUS411D,MUS225B,,,,,,,,,,,,,,
MUS411E,MUS225B,,,,,,,,,,,,,,
MUS411G,MUS225B,,,,,,,,,,,,,,
MUS412A,MUS312B,,,,,,,,,,,,,,
MUS412B,MUS312B,,,,,,,,,,,,,,
MUS415,,,,,,,,,,,,,,,
MUS419,MUS225B,,,,,,,,,,,,,,
MUS420,,,,,,,,,,,,,,,
MUS422,MUS322,,,,,,,,,,,,,,
MUS426A,MUS326,,,,,,,,,,,,,,
MUS430,MUS225B,MUS330,,,,,,,,,,,,,
MUS433,,,,,,,,,,,,,,,
MUS436,MUS225B,,,,,,,,,,,,,,
MUS439,,,,,,,,,,,,,,,
MUS440A,MUS340A,,,,,,,,,,,,,,
MUS440B,MUS340B,,,,,,,,,,,,,,
MUS440C,MUS340C,,,,,,,,,,,,,,
MUS440D,MUS340D,,,,,,,,,,,,,,
MUS440E,MUS340E,,,,,,,,,,,,,,
MUS440F,MUS340F,,,,,,,,,,,,,,
MUS440G,MUS340G,,,,,,,,,,,,,,
MUS440H,MUS340H,,,,,,,,,,,,,,
MUS440I,MUS340I,,,,,,,,,,,,,,
MUS440J,MUS340J,,,,,,,,,,,,,,
MUS440K,MUS340K,,,,,,,,,,,,,,
MUS440L,MUS340L,,,,,,,,,,,,,,
MUS440M,MUS340M,,,,,,,,,,,,,,
MUS440N,MUS340N,,,,,,,,,,,,,,
MUS440O,MUS340O,,,,,,,,,,,,,,
MUS440P,MUS340P,,,,,,,,,,,,,,
MUS440Q,MUS340Q,,,,,,,,,,,,,,
MUS440R,MUS340R,,,,,,,,,,,,,,
MUS440U,MUS340U,,,,,,,,,,,,,,
MUS440W,,,,,,,,,,,,,,,
MUS441D,MUS341D,,,,,,,,,,,,,,
MUS441E,,,,,,,,,,,,,,,
MUS441F,,,,,,,,,,,,,,,
MUS441G,,,,,,,,,,,,,,,
MUS441H,,,,,,,,,,,,,,,
MUS441I,MUS341I,,,,,,,,,,,,,,
MUS441J,MUS341J,,,,,,,,,,,,,,
MUS441K,MUS341K,,,,,,,,,,,,,,
MUS441L,,,,,,,,,,,,,,,
MUS441M,MUS341M,,,,,,,,,,,,,,
MUS441N,MUS341N,,,,,,,,,,,,,,
MUS441O,,,,,,,,,,,,,,,
MUS441P,,,,,,,,,,,,,,,
MUS441Q,MUS341Q,,,,,,,,,,,,,,
MUS441R,,,,,,,,,,,,,,,
MUS441S,,,,,,,,,,,,,,,
MUS441T,,,,,,,,,,,,,,,
MUS441U,MUS341U,,,,,,,,,,,,,,
MUS442,MUS225B,,,,,,,,,,,,,,
MUS444,,,,,,,,,,,,,,,
MUS460A,,,,,,,,,,,,,,,
MUS460B,,,,,,,,,,,,,,,
MUS461A,,,,,,,,,,,,,,,
MUS461B,MUS340K,,,,,,,,,,,,,,
MUS465,,,,,,,,,,,,,,,
MUS466,,,,,,,,,,,,,,,
MUS472A,MUS309,,,,,,,,,,,,,,
MUS472B,MUS309,,,,,,,,,,,,,,
MUS477,,,,,,,,,,,,,,,
MUS481,,,,,,,,,,,,,,,
MUS482,,,,,,,,,,,,,,,
MUS483,,,,,,,,,,,,,,,
MUS490,,,,,,,,,,,,,,,
MUS495,MUS395A,MUS395B,,,,,,,,,,,,,
MUS499,,,,,,,,,,,,,,,
NURS199,,,,,,,,,,,,,,,
NURS231,ACS101,ACS103,CHEM121A,CHEM125A,BIOL240A,BIOL250,CHEM120B,CHEM124B,ENG101,ENG101E,ENG101N,ENG102,ENG102N,PSYC111,CHEM120A/CHEM124A
PSYC111,,,,,,,,,,,,,,,
NURS234,PSYC111,,,,,,,,,,,,,,
NURS240R,BIOL240A,BIOL240B,BIOL250,,,,,,,,,,,,
NURS299,,,,,,,,,,,,,,,
NURS308,,,,,,,,,,,,,,,
NURS335R,NURS240R,,,,,,,,,,,,,,
NURS341A,NURS343,NURS342,,,,,,,,,,,,,
NURS343,NURS231,NURS246/NURS240/NURS241,,,,,,,,,,,,,
NURS342,NURS231,NURS246/NURS240/NURS241,,,,,,,,,,,,,
NURS341B,NURS354,NURS355,,,,,,,,,,,,,
NURS354,NURS231,NURS246/NURS240/NURS241,,,,,,,,,,,,,
NURS355,NURS231,NURS246/NURS240/NURS241,,,,,,,,,,,,,
NURS350R,PSYC111,NURS343,NURS354,NURS355,,,,,,,,,,,
NURS351,BIOL240A,BIOL240B,,,,,,,,,,,,,
NURS399,,,,,,,,,,,,,,,
NURS472,NURS343,NURS342,NURS354,NURS355,,,,,,,,,,,
NURS472R,STAT107,NURS240R,NURS335R,NURS475R,,,,,,,,,,,
NURS475R,ACS101,ACS103,ENG101,ENG101E,ENG101N,ENG102,ENG102N,NURS240R,NURS335R,PHIL321,PHIL320,RA101,,,
NURS474,NURS343,NURS342,NURS354,NURS355,,,,,,,,,,,
NURS475,NURS343,NURS342,NURS354,NURS355,,,,,,,,,,,
PHIL321,,,,,,,,,,,,,,,
PHIL320,,,,,,,,,,,,,,,
RA101,,,,,,,,,,,,,,,
NURS476,NURS343,NURS342,NURS354,NURS355,,,,,,,,,,,
NURS480R,NURS240R,NURS335R,NURS472R,NURS475R,NURS484R,,,,,,,,,,
NURS484R,NURS240R,NURS335R,NURS472R,NURS475R,,,,,,,,,,,
NURS481,NURS472,NURS474,NURS475,,,,,,,,,,,,
NURS482,NURS343,NURS342,NURS354,NURS355,,,,,,,,,,,
NURS483,,,,,,,,,,,,,,,
NURS490,,,,,,,,,,,,,,,
NURS490R,NURS240R,NURS335R,NURS472R,NURS475R,,,,,,,,,,,
NURS498,,,,,,,,,,,,,,,
NUTR205,,,,,,,,,,,,,,,
NUTR210,,,,,,,,,,,,,,,
NUTR327,NUTR250,,,,,,,,,,,,,,
NUTR375,NUTR250,,,,,,,,,,,,,,
NUTR401,NUTR327,,,,,,,,,,,,,,
NUTR408,NUTR250,NUTR205,,,,,,,,,,,,,
NUTR409,NUTR250,NUTR205,,,,,,,,,,,,,
NUTR410,NUTR408,,,,,,,,,,,,,,
NUTR411,KIN211,NUTR401,,,,,,,,,,,,,
NUTR421,NUTR411,,,,,,,,,,,,,,
NUTR464,,,,,,,,,,,,,,,
OR495,,,,,,,,,,,,,,,
PHIL111,,,,,,,,,,,,,,,
PHIL212,,,,,,,,,,,,,,,
PHIL213,,,,,,,,,,,,,,,
PHIL222,,,,,,,,,,,,,,,
PHIL225,,,,,,,,,,,,,,,
PHIL226,,,,,,,,,,,,,,,
PHIL228,,,,,,,,,,,,,,,
PHIL231,,,,,,,,,,,,,,,
PHIL233,,,,,,,,,,,,,,,
PHIL234,,,,,,,,,,,,,,,
PHIL235,,,,,,,,,,,,,,,
PHIL242,,,,,,,,,,,,,,,
PHIL300,,,,,,,,,,,,,,,
PHIL301,,,,,,,,,,,,,,,
PHIL302,,,,,,,,,,,,,,,
PHIL303,,,,,,,,,,,,,,,
PHIL304,,,,,,,,,,,,,,,
PHIL307,,,,,,,,,,,,,,,
PHIL308,,,,,,,,,,,,,,,
PHIL310,,,,,,,,,,,,,,,
PHIL312,,,,,,,,,,,,,,,
PHIL314,,,,,,,,,,,,,,,
PHIL316,,,,,,,,,,,,,,,
PHIL323,,,,,,,,,,,,,,,
PHIL330,,,,,,,,,,,,,,,
PHIL333,,,,,,,,,,,,,,,
PHIL335,,,,,,,,,,,,,,,
PHIL336,,,,,,,,,,,,,,,
PHIL337,,,,,,,,,,,,,,,
PHIL340,,,,,,,,,,,,,,,
POLS391/PHIL343,,,,,,,,,,,,,,,
PHIL344,,,,,,,,,,,,,,,
PHIL345,,,,,,,,,,,,,,,
PHIL346,,,,,,,,,,,,,,,
PHIL347,,,,,,,,,,,,,,,
PHIL350,,,,,,,,,,,,,,,
PHIL355,,,,,,,,,,,,,,,
PHIL440/POLS484,,,,,,,,,,,,,,,
PHIL441/POLS485,,,,,,,,,,,,,,,
PHIL480,,,,,,,,,,,,,,,
PHIL490,,,,,,,,,,,,,,,
PHIL495,,,,,,,,,,,,,,,
PHIL496,,,,,,,,,,,,,,,
PHIL497,,,,,,,,,,,,,,,
POLS498/PHIL498,,,,,,,,,,,,,,,
PHYS111,,,,,,,,,,,,,,,
PHYS112,PHYS111,,,,,,,,,,,,,,
PHYS115,,,,,,,,,,,,,,,
PHYS116,,,,,,,,,,,,,,,
PHYS117,,,,,,,,,,,,,,,
PHYS118,,,,,,,,,,,,,,,
PHYS118L,PHYS118,,,,,,,,,,,,,,
PHYS120,MATH125,,,,,,,,,,,,,,
PHYS140,MATH150,,,,,,,,,,,,,,
PHYS197,,,,,,,,,,,,,,,
PHYS201,PHYS152,PHYS141/PHYS151L/PHYS151,,,,,,,,,,,,,
PHYS201L,PHYS201,,,,,,,,,,,,,,
PHYS219,MATH150,PHYS131/PHYS131L,PHYS141/PHYS151L/PHYS151,,,,,,,,,,,,
PHYS230,PHYS152,PHYS132/PHYS132L,,,,,,,,,,,,,
PHYS240,MATH150,PHYS152,PHYS132/PHYS132L,,,,,,,,,,,,
PHYS251,PHYS152,MATH250,PHYS132/PHYS132L,,,,,,,,,,,,
PHYS304,MATH250,PHYS201,PHYS201L,PHYS251,,,,,,,,,,,
PHYS312,PHYS304,,,,,,,,,,,,,,
PHYS314,PHYS201,PHYS201L,PHYS251,,,,,,,,,,,,
PHYS318,PHYS152,PHYS132/PHYS132L,,,,,,,,,,,,,
PHYS320,MATH250,PHYS201,PHYS201L,PHYS251,,,,,,,,,,,
PHYS321,MATH250,PHYS201,PHYS201L,PHYS251,,,,,,,,,,,
PHYS323,MATH305,PHYS201,PHYS201L,PHYS251,,,,,,,,,,,
PHYS340,CHEM241A,PHYS201,PHYS240,PHYS251,,,,,,,,,,,
PHYS343,PHYS201,PHYS230,PHYS251,,,,,,,,,,,,
PHYS375,,,,,,,,,,,,,,,
PHYS376,PHYS201,PHYS251,,,,,,,,,,,,,
PHYS405A,PHYS321,PHYS323,,,,,,,,,,,,,
PHYS405B,PHYS405A,,,,,,,,,,,,,,
PHYS406,PHYS152,PHYS251,,,,,,,,,,,,,
PHYS410,MATH305,PHYS201,PHYS201L,PHYS251,,,,,,,,,,,
PHYS415A,MATH305,PHYS304,,,,,,,,,,,,,
PHYS415B,PHYS415A,,,,,,,,,,,,,,
PHYS416,MATH321,MATH355,PHYS304,PHYS321,PHYS323,,,,,,,,,,
PHYS419,MATH305,PHYS304,,,,,,,,,,,,,
PHYS430,PHYS201,PHYS201L,PHYS251,,,,,,,,,,,,
PHYS431,CIED100,PHYS141/PHYS151L/PHYS151,,,,,,,,,,,,,
PHYS432,CIED100,,,,,,,,,,,,,,
PHYS433,,,,,,,,,,,,,,,
PHYS434,,,,,,,,,,,,,,,
PHYS438,,,,,,,,,,,,,,,
PHYS439,,,,,,,,,,,,,,,
PHYS442,CHEM241A,PHYS201,PHYS240,PHYS251,,,,,,,,,,,
PHYS444,PHYS201,PHYS230,PHYS251,PHYS321,PHYS343,,,,,,,,,,
PHYS450,PHYS304,PHYS323,PHYS416,,,,,,,,,,,,
PHYS471,PHYS201,PHYS201L,PHYS251,PHYS410,,,,,,,,,,,
PHYS472,PHYS201,PHYS201L,PHYS251,PHYS410,,,,,,,,,,,
PHYS480,,,,,,,,,,,,,,,
PHYS493,PHYS201,PHYS251,PHYS410,,,,,,,,,,,,
PHYS494,,,,,,,,,,,,,,,
PHYS497,PHYS201,PHYS251,PHYS304,PHYS318,,,,,,,,,,,
PHYS498,PHYS201,PHYS251,PHYS304,PHYS321,,,,,,,,,,,
PHYS499A,,,,,,,,,,,,,,,
PHYS499B,PHYS499A,,,,,,,,,,,,,,
POLS111,,,,,,,,,,,,,,,
POLS112,,,,,,,,,,,,,,,
POLS150,POLS111,,,,,,,,,,,,,,
POLS292,,,,,,,,,,,,,,,
POLS300,,,,,,,,,,,,,,,
POLS310,POLS111,POLS112,,,,,,,,,,,,,
POLS320,,,,,,,,,,,,,,,
POLS340,,,,,,,,,,,,,,,
POLS341,,,,,,,,,,,,,,,
POLS342,,,,,,,,,,,,,,,
POLS343,,,,,,,,,,,,,,,
POLS344,,,,,,,,,,,,,,,
POLS345,,,,,,,,,,,,,,,
POLS346,,,,,,,,,,,,,,,
POLS347,,,,,,,,,,,,,,,
POLS350,,,,,,,,,,,,,,,
POLS351,,,,,,,,,,,,,,,
POLS352,,,,,,,,,,,,,,,
POLS353,,,,,,,,,,,,,,,
POLS354,,,,,,,,,,,,,,,
POLS355,POLS111,,,,,,,,,,,,,,
POLS356,POLS111,,,,,,,,,,,,,,
POLS370,,,,,,,,,,,,,,,
POLS385,POLS111,,,,,,,,,,,,,,
POLS386,,,,,,,,,,,,,,,
POLS390,,,,,,,,,,,,,,,
POLS400,POLS300,,,,,,,,,,,,,,
POLS401,POLS300,,,,,,,,,,,,,,
POLS410,POLS390,,,,,,,,,,,,,,
POLS411,,,,,,,,,,,,,,,
POLS412,,,,,,,,,,,,,,,
POLS425,,,,,,,,,,,,,,,
POLS429,POLS320,,,,,,,,,,,,,,
POLS440,POLS112,,,,,,,,,,,,,,
POLS441,POLS111,,,,,,,,,,,,,,
POLS444,POLS112,,,,,,,,,,,,,,
POLS445,POLS112,,,,,,,,,,,,,,
POLS446,POLS112,,,,,,,,,,,,,,
POLS448,,,,,,,,,,,,,,,
POLS449,POLS112,,,,,,,,,,,,,,
POLS451,POLS111,,,,,,,,,,,,,,
POLS453,POLS111,,,,,,,,,,,,,,
POLS454,,,,,,,,,,,,,,,
POLS459,POLS111,,,,,,,,,,,,,,
POLS472,POLS370,,,,,,,,,,,,,,
POLS473,POLS370,,,,,,,,,,,,,,
POLS474,,,,,,,,,,,,,,,
POLS479,POLS370,,,,,,,,,,,,,,
POLS489,POLS385,,,,,,,,,,,,,,
POLS491,,,,,,,,,,,,,,,
POLS495,POLS112,,,,,,,,,,,,,,
POLS496,POLS112,,,,,,,,,,,,,,
POLS497,POLS111,,,,,,,,,,,,,,
POLS499,POLS111,POLS112,,,,,,,,,,,,,
PSYC150,,,,,,,,,,,,,,,
PSYC200,PSYC111,,,,,,,,,,,,,,
PSYC201,PSYC111,,,,,,,,,,,,,,
PSYC203,PSYC111,,,,,,,,,,,,,,
PSYC204,PSYC111,,,,,,,,,,,,,,
PSYC205,PSYC111,,,,,,,,,,,,,,
PSYC206,PSYC111,,,,,,,,,,,,,,
PSYC208,PSYC111,,,,,,,,,,,,,,
PSYC220,PSYC111,,,,,,,,,,,,,,
PSYC221,PSYC111,PSYC220,,,,,,,,,,,,,
PSYC303,BIOL140,BIOL240A,BIOL240B,PSYC111,PSYC314,,,,,,,,,,
PSYC314,PSYC111,,,,,,,,,,,,,,
PSYC305,PSYC111,,,,,,,,,,,,,,
PSYC311,PSYC111,,,,,,,,,,,,,,
PSYC312,PSYC111,PSYC208,PSYC220,PSYC221,,,,,,,,,,,
PSYC313,PSYC220,PSYC221,,,,,,,,,,,,,
PSYC320,PSYC111,,,,,,,,,,,,,,
PSYC340,PSYC111,,,,,,,,,,,,,,
PSYC350,,,,,,,,,,,,,,,
PSYC365,PSYC111,,,,,,,,,,,,,,
PSYC388,,,,,,,,,,,,,,,
PSYC389,,,,,,,,,,,,,,,
PSYC407,PSYC111,,,,,,,,,,,,,,
PSYC409,PSYC111,,,,,,,,,,,,,,
PSYC411,PSYC111,,,,,,,,,,,,,,
PSYC412,,,,,,,,,,,,,,,
PSYC413,PSYC111,,,,,,,,,,,,,,
PSYC415,PSYC111,PSYC206,PSYC208,,,,,,,,,,,,
PSYC420,PSYC111,,,,,,,,,,,,,,
PSYC421,PSYC220,,,,,,,,,,,,,,
PSYC422,PSYC220,PSYC221,,,,,,,,,,,,,
PSYC431,PSYC111,,,,,,,,,,,,,,
PSYC433,PSYC111,,,,,,,,,,,,,,
PSYC450,PSYC111,,,,,,,,,,,,,,
PSYC473,MGMT341,PSYC320,,,,,,,,,,,,,
PSYC474,PSYC320,,,,,,,,,,,,,,
PSYC478,PSYC111,,,,,,,,,,,,,,
PSYC491,,,,,,,,,,,,,,,
PSYC493,,,,,,,,,,,,,,,
PSYC494,PSYC221,,,,,,,,,,,,,,
PSYC495,,,,,,,,,,,,,,,
PSYC496,,,,,,,,,,,,,,,
PAPA499,,,,,,,,,,,,,,,
PBHE111,,,,,,,,,,,,,,,
PBHE210,,,,,,,,,,,,,,,
PBHE213,,,,,,,,,,,,,,,
PBHE220,,,,,,,,,,,,,,,
PBHE230,,,,,,,,,,,,,,,
PBHE240,,,,,,,,,,,,,,,
PBHE300,,,,,,,,,,,,,,,
PBHE305,,,,,,,,,,,,,,,
PBHE353,STAT244,STAT107,,,,,,,,,,,,,
PBHE363,PBHE111,,,,,,,,,,,,,,
PBHE370,PBHE305,,,,,,,,,,,,,,
PBHE375,,,,,,,,,,,,,,,
PBHE405,PBHE305,,,,,,,,,,,,,,
PBHE410,PBHE111,,,,,,,,,,,,,,
PBHE420,PBHE305,,,,,,,,,,,,,,
PBHE455,PBHE353,,,,,,,,,,,,,,
PBHE462,,,,,,,,,,,,,,,
PBHE489,,,,,,,,,,,,,,,
PBHE490,PBHE305,PBHE370,PBHE375,,,,,,,,,,,,
PBHE491,PBHE490,,,,,,,,,,,,,,
PBHE495,PBHE490,,,,,,,,,,,,,,
PBHE498,PBHE491,,,,,,,,,,,,,,
PBHE499,PBHE498,,,,,,,,,,,,,,
RUSS101,,,,,,,,,,,,,,,
RUSS102,RUSS101,,,,,,,,,,,,,,
RUSS104,,,,,,,,,,,,,,,
RUSS201,RUSS102,,,,,,,,,,,,,,
RUSS220,RUSS102,,,,,,,,,,,,,,
RUSS499,RUSS202,,,,,,,,,,,,,,
SCI241A,CIED100,SPE100,,,,,,,,,,,,,
SPE100,,,,,,,,,,,,,,,
SCI241B,CIED100,SPE100,,,,,,,,,,,,,
SCI401,,,,,,,,,,,,,,,
SCI405,,,,,,,,,,,,,,,
SCI411,,,,,,,,,,,,,,,
SCI414,,,,,,,,,,,,,,,
SCI415,,,,,,,,,,,,,,,
SCI421,,,,,,,,,,,,,,,
SCI425,,,,,,,,,,,,,,,
SCI431,,,,,,,,,,,,,,,
SCI435,,,,,,,,,,,,,,,
SCI442,,,,,,,,,,,,,,,
SCI451,,,,,,,,,,,,,,,
SCI452,,,,,,,,,,,,,,,
SCI462,,,,,,,,,,,,,,,
SCI489,,,,,,,,,,,,,,,
SOCW202,,,,,,,,,,,,,,,
SOCW211,,,,,,,,,,,,,,,
SOCW301,,,,,,,,,,,,,,,
SOCW302,,,,,,,,,,,,,,,
SOCW303,,,,,,,,,,,,,,,
SOCW315,,,,,,,,,,,,,,,
SOCW316,,,,,,,,,,,,,,,
SOCW386,BIOL111,,,,,,,,,,,,,,
SOCW390,,,,,,,,,,,,,,,
SOCW395,,,,,,,,,,,,,,,
SOCW400,,,,,,,,,,,,,,,
SOCW401,,,,,,,,,,,,,,,
SOCW420,ENG101,ENG101E,ENG101N,ENG102,ENG102N,,,,,,,,,,
SOCW430,ENG101,ENG101E,ENG101N,ENG102,ENG102N,,,,,,,,,,
SOCW440,ENG101,ENG101E,ENG101N,ENG102,ENG102N,,,,,,,,,,
SOCW454,,,,,,,,,,,,,,,
SOCW461,,,,,,,,,,,,,,,
SOCW466,ENG102,ENG102N,,,,,,,,,,,,,
SOCW475,,,,,,,,,,,,,,,
SOCW476,,,,,,,,,,,,,,,
SOCW482,SOCW202,SOCW211,SOCW301,SOCW302,SOCW303,SOCW315,SOCW316,SOCW390,,,,,,,
SOCW483,SOCW476,SOCW482,,,,,,,,,,,,,
SOCW486,ENG101,ENG102,,,,,,,,,,,,,
SOCW487,,,,,,,,,,,,,,,
SOCW491,,,,,,,,,,,,,,,
SOCW495,,,,,,,,,,,,,,,
SOC111,,,,,,,,,,,,,,,
SOC300,,,,,,,,,,,,,,,
SOC301,,,,,,,,,,,,,,,
SOC302,,,,,,,,,,,,,,,
SOC303,,,,,,,,,,,,,,,
SOC304,,,,,,,,,,,,,,,
SOC308,,,,,,,,,,,,,,,
SOC309,,,,,,,,,,,,,,,
SOC310,,,,,,,,,,,,,,,
SOC317,,,,,,,,,,,,,,,
SOC323,,,,,,,,,,,,,,,
SOC325,SOC111,,,,,,,,,,,,,,
SOC333,SOC111,,,,,,,,,,,,,,
SOC334,,,,,,,,,,,,,,,
SOC335,,,,,,,,,,,,,,,
SOC338,,,,,,,,,,,,,,,
SOC356,,,,,,,,,,,,,,,
SOC360,,,,,,,,,,,,,,,
SOC370,,,,,,,,,,,,,,,
SOC380,,,,,,,,,,,,,,,
SOC383,,,,,,,,,,,,,,,
SOC390,,,,,,,,,,,,,,,
SOC391,,,,,,,,,,,,,,,
SOC392,,,,,,,,,,,,,,,
SOC396,,,,,,,,,,,,,,,
SOC411,,,,,,,,,,,,,,,
SOC421,,,,,,,,,,,,,,,
SOC422,,,,,,,,,,,,,,,
SOC423,,,,,,,,,,,,,,,
SOC431,,,,,,,,,,,,,,,
SOC433,SOC111,SOC301,SOC302,SOC303,SOC325,SOC338,SOC411,,,,,,,,
SOC440,,,,,,,,,,,,,,,
SOC470,,,,,,,,,,,,,,,
SOC474,SOC111,,,,,,,,,,,,,,
SOC490,,,,,,,,,,,,,,,
SOC495,SOC111,SOC301,SOC302,SOC303,SOC304,SOC308,SOC310,SOC360,SOC392,,,,,,
SOC497,SOC111,SOC301,SOC302,SOC303,SOC304,SOC308,SOC310,SOC335,SOC360,SOC392,,,,,
SPAN201,SPAN102,,,,,,,,,,,,,,
SPAN302,SPAN202,,,,,,,,,,,,,,
SPAN303,SPAN202,,,,,,,,,,,,,,
SPAN304,SPAN202,,,,,,,,,,,,,,
SPAN305,SPAN202,,,,,,,,,,,,,,
SPAN306,SPAN202,,,,,,,,,,,,,,
SPAN307,SPAN202,,,,,,,,,,,,,,
SPAN308,SPAN301,,,,,,,,,,,,,,
SPAN309,SPAN202,IS402,,,,,,,,,,,,,
SPAN310,SPAN302,,,,,,,,,,,,,,
SPAN311,SPAN202,,,,,,,,,,,,,,
SPAN312,SPAN202,,,,,,,,,,,,,,
SPAN320,SPAN202,,,,,,,,,,,,,,
SPAN351,SPAN202,,,,,,,,,,,,,,
SPAN352,SPAN302,,,,,,,,,,,,,,
SPAN353,SPAN202,,,,,,,,,,,,,,
SPAN392,SPAN301,,,,,,,,,,,,,,
SPAN400,,,,,,,,,,,,,,,
SPAN412A,SPAN301,SPAN302,,,,,,,,,,,,,
SPAN412B,SPAN301,SPAN302,,,,,,,,,,,,,
SPAN440,SPAN311,SPAN312,,,,,,,,,,,,,
SPAN451,SPAN301,SPAN302,,,,,,,,,,,,,
SPAN452,SPAN301,SPAN302,,,,,,,,,,,,,
SPAN453,SPAN301,SPAN302,,,,,,,,,,,,,
SPAN454,SPAN301,SPAN302,,,,,,,,,,,,,
SPAN457,SPAN301,SPAN302,,,,,,,,,,,,,
SPAN461,SPAN301,SPAN302,,,,,,,,,,,,,
SPAN471,SPAN301,SPAN302,,,,,,,,,,,,,
SPAN491,,,,,,,,,,,,,,,
SPAN492,SPAN301,,,,,,,,,,,,,,
SPAN499,,,,,,,,,,,,,,,
SPE290,,,,,,,,,,,,,,,
SPE400,,,,,,,,,,,,,,,
SPE430A,,,,,,,,,,,,,,,
SPE450,SPE442/SPE401/SPE405/SPE417A,,,,,,,,,,,,,,
SPE417B,,,,,,,,,,,,,,,
SPE470,,,,,,,,,,,,,,,
SPE415,SPE100,,,,,,,,,,,,,,
SPE421,,,,,,,,,,,,,,,
SPE441,SPE440,,,,,,,,,,,,,,
SPE496,,,,,,,,,,,,,,,
SPE498,,,,,,,,,,,,,,,
SPE499,SPE481,,,,,,,,,,,,,,
SPPA101,,,,,,,,,,,,,,,
SPPA210,,,,,,,,,,,,,,,
SPPA220,,,,,,,,,,,,,,,
SPPA231,,,,,,,,,,,,,,,
SPPA250,SPPA101,,,,,,,,,,,,,,
SPPA312,SPPA210,SPPA231,,,,,,,,,,,,,
SPPA321,SPPA220,,,,,,,,,,,,,,
SPPA322,SPPA220,SPPA231,,,,,,,,,,,,,
SPPA361,SPPA321,,,,,,,,,,,,,,
SPPA397,SPPA220,,,,,,,,,,,,,,
SPPA400,,,,,,,,,,,,,,,
SPPA401,,,,,,,,,,,,,,,
SPPA402,,,,,,,,,,,,,,,
SPPA414,,,,,,,,,,,,,,,
SPPA441,SPPA231,,,,,,,,,,,,,,
SPPA442,SPPA322,,,,,,,,,,,,,,
SPPA444,SPPA312,,,,,,,,,,,,,,
SPPA446,SPPA312,,,,,,,,,,,,,,
SPPA449,SPPA441,SPPA442,SPPA444,SPPA446,,,,,,,,,,,
SPPA471,SPPA361,,,,,,,,,,,,,,
SPPA481,SPE400,,,,,,,,,,,,,,
SPPA499,SPPA446,SPPA471,,,,,,,,,,,,,
STAT410,MATH150,,,,,,,,,,,,,,
STAT478,STAT380,STAT480B,,,,,,,,,,,,,
STAT482,STAT380,STAT480A,STAT480B,,,,,,,,,,,,
STAT483,STAT380,STAT480A,STAT480B,,,,,,,,,,,,
STAT485,STAT480A,,,,,,,,,,,,,,
STAT486A,STAT380,STAT480A,MATH340,,,,,,,,,,,,
STAT486B,STAT380,STAT480A,MATH340,,,,,,,,,,,,
STAT488/IME465,STAT380,STAT480A,STAT480B,,,,,,,,,,,,
STAT489,STAT380,,,,,,,,,,,,,,
STAT490,,,,,,,,,,,,,,,
STAT495,,,,,,,,,,,,,,,
SAB200,,,,,,,,,,,,,,,
SAB300,,,,,,,,,,,,,,,
SAB400,,,,,,,,,,,,,,,
SCM435,SCM315,,,,,,,,,,,,,,
SCM440,SCM315,,,,,,,,,,,,,,
SCM470,SCM440,,,,,,,,,,,,,,
SCM488,SCM315,,,,,,,,,,,,,,
SCM490,SCM315,,,,,,,,,,,,,,
SURV264,MATH150,MATH125,,,,,,,,,,,,,
SURV310,SURV264,,,,,,,,,,,,,,
SURV364,SURV310,,,,,,,,,,,,,,
SURV470,CNST231,CNST341,,,,,,,,,,,,,
SURV481,CE204,,,,,,,,,,,,,,
SURV482,CE206,SURV264,,,,,,,,,,,,,
SURV484,CE206,SURV264,,,,,,,,,,,,,
SURV485,SURV482,,,,,,,,,,,,,,
SURV486,SURV264,,,,,,,,,,,,,,
SURV487,CE206,SURV264,,,,,,,,,,,,,
THEA111,,,,,,,,,,,,,,,
THEA112A,,,,,,,,,,,,,,,
THEA112B,THEA112A,,,,,,,,,,,,,,
THEA114A,,,,,,,,,,,,,,,
THEA114B,,,,,,,,,,,,,,,
THEA141,,,,,,,,,,,,,,,
THEA150,,,,,,,,,,,,,,,
THEA160,,,,,,,,,,,,,,,
THEA170,,,,,,,,,,,,,,,
THEA199,,,,,,,,,,,,,,,
THEA201A,THEA114A,,,,,,,,,,,,,,
THEA201B,THEA114A,THEA114B,,,,,,,,,,,,,
THEA210A,THEA112A,THEA112B,,,,,,,,,,,,,
THEA210B,,,,,,,,,,,,,,,
THEA215A,,,,,,,,,,,,,,,
THEA215B,,,,,,,,,,,,,,,
THEA220,THEA112A,THEA150,THEA160,THEA170,,,,,,,,,,,
THEA235,,,,,,,,,,,,,,,
THEA255,THEA150,,,,,,,,,,,,,,
THEA265,,,,,,,,,,,,,,,
THEA275,,,,,,,,,,,,,,,
THEA290,,,,,,,,,,,,,,,
THEA298,,,,,,,,,,,,,,,
THEA309,,,,,,,,,,,,,,,
THEA310A,THEA112B,THEA215A,,,,,,,,,,,,,
THEA310B,,,,,,,,,,,,,,,
THEA312,,,,,,,,,,,,,,,
THEA314A,THEA112A,THEA112B,,,,,,,,,,,,,
THEA314B,THEA112A,,,,,,,,,,,,,,
THEA315A,THEA112A,,,,,,,,,,,,,,
THEA340A,,,,,,,,,,,,,,,
THEA340B,,,,,,,,,,,,,,,
THEA350,THEA150,,,,,,,,,,,,,,
THEA360,THEA160,,,,,,,,,,,,,,
THEA370,THEA170,,,,,,,,,,,,,,
THEA392,,,,,,,,,,,,,,,
THEA396,THEA114A,,,,,,,,,,,,,,
THEA397,THEA114A,,,,,,,,,,,,,,
THEA398,THEA298,,,,,,,,,,,,,,
THEA399,,,,,,,,,,,,,,,
THEA410,,,,,,,,,,,,,,,
THEA412,THEA112A,,,,,,,,,,,,,,
THEA450,THEA350,,,,,,,,,,,,,,
THEA460,THEA360,,,,,,,,,,,,,,
THEA470,THEA370,,,,,,,,,,,,,,
THEA490,,,,,,,,,,,,,,,
THEA495,,,,,,,,,,,,,,,
THEA499A,,,,,,,,,,,,,,,
THEA499B,,,,,,,,,,,,,,,
THEA499C,,,,,,,,,,,,,,,
UNIV040,,,,,,,,,,,,,,,
UNIV041,,,,,,,,,,,,,,,
UNIV042,,,,,,,,,,,,,,,
UNIV043,,,,,,,,,,,,,,,
UNIV044,,,,,,,,,,,,,,,
UNIV045,,,,,,,,,,,,,,,
UNIV046,,,,,,,,,,,,,,,
UNIV047,,,,,,,,,,,,,,,
UNIV048,,,,,,,,,,,,,,,
UNIV049,,,,,,,,,,,,,,,
UNIV050,,,,,,,,,,,,,,,
UNIV051,,,,,,,,,,,,,,,
UNIV052,,,,,,,,,,,,,,,
UNIV112,,,,,,,,,,,,,,,
UNIV113,,,,,,,,,,,,,,,
UNIV300,,,,,,,,,,,,,,,
ANTH360A/ANTH360B,ANTH111A,,,,,,,,,,,,,,
ANTH490A/ANTH490B,,,,,,,,,,,,,,,
NURS246/NURS240/NURS241,BIOL240B,NURS231,,,,,,,,,,,,,
ACS313/ACS315,ACS213,,,,,,,,,,,,,,
CHEM335/CHEM331,CHEM121B,CHEM125B,,,,,,,,,,,,,
CNST451/CNST451L,CNST341,CNST353,,,,,,,,,,,,,
CHEM120A/CHEM124A,,,,,,,,,,,,,,,
PHYS132/PHYS132L,PHYS131/PHYS131L,,,,,,,,,,,,,,
CNST301/CNST301L,CNST241,,,,,,,,,,,,,,
PHYS131/PHYS131L,MATH150,MATH125,MATH145,MATH152,,,,,,,,,,,
CE354/CE354L,CE242,CE315/ME315,,,,,,,,,,,,,
CE330/CE330L,CE242,,,,,,,,,,,,,,
PHYS141/PHYS151L/PHYS151,MATH152,MATH250,PHYS140,,,,,,,,,,,,
CHEM484/CHEM485,CHEM482,CHEM483,,,,,,,,,,,,,
CODE120/CODE121,,,,,,,,,,,,,,,
CIED304/CIED442,CIED321,CIED303/CIED313,,,,,,,,,,,,,
CIED303/CIED313,CIED302/CIED312,,,,,,,,,,,,,,
CIED302/CIED312,CIED310,,,,,,,,,,,,,,
CIED319A/CIED319B,,,,,,,,,,,,,,,
SPE422/SPE418/SPE412/SPE430B,EPFR315,EPFR320,SPE417B,SPE470,SPE415,SPE421,SPE441,SPE471/SPE416/SPE402,SPE442/SPE401/SPE405/SPE417A,,,,,,
SPE471/SPE416/SPE402,SPE100,SPE450,SPE442/SPE401/SPE405/SPE417A,,,,,,,,,,,,
SPE442/SPE401/SPE405/SPE417A,SPE440,SPE100,SPE430A,,,,,,,,,,,,
HONS120/HONS121,,,,,,,,,,,,,,,
MUS125A/MUS126A,MUS120B,MUS121A,,,,,,,,,,,,,
MUS121B/MUS125B/MUS126B,MUS121A,MUS125A/MUS126A,,,,,,,,,,,,,
PAPA411/PAPA420,,,,,,,,,,,,,,,
